Reg Posi,Team Name,Leader,Leader ID,Teammates,Teammates in Server,Jump URL
1,Team King Of Gods Esports,princeshah0180,'1489950303724900423',rusherxbd_63188 (1432086375762497729) | prashantpm (1212700505587843106) | kogxvanish (1512350450182262845) | princeshah0180 (1489950303724900423),4,https://discord.com/channels/1538500688038994040/1543556316377645067/1544293446376886284
2,TEAM REIGN ESPORTS,ramshresth21,'771871113223471105',fl4xgod_58987 (1489871684881088593) | ramshresth21 (771871113223471105) | dzexscar_58825 (1427182887605764228) | fl4xbeast (1541836360640503833),4,https://discord.com/channels/1538500688038994040/1543556316377645067/1544293480400949358
3,Team Silent Revenants,dark_god6227,'965134849746796574',nerdyyy_02 (1139502108123611238) | aditya9211244 (1359774058912157836) | sirzaqx16_47223 (1248602279968374866) | dark_god6227 (965134849746796574),4,https://discord.com/channels/1538500688038994040/1543556316377645067/1544293487715950733
4,Team Legacy 7,nilu2,'1380744507267616788',antim0374 (1135808010711740538) | primeenf (1529036611646656522) | nilu2 (1380744507267616788) | sarthaktiwari3277 (1122856888866983956),4,https://discord.com/channels/1538500688038994040/1543556316377645067/1544293509496971274
5,Team Dbh,harsh_ultron8,'1310171065519181926',getintheway (1291047175828144190) | kunal092560 (1282226048699863113) | harsh_ultron8 (1310171065519181926) | vivekpatil8572 (754239659084742767),4,https://discord.com/channels/1538500688038994040/1543556316377645067/1544293509669064826
6,Team Wb Esports,godlxnakul,'1274924447261921362',godlxnakul (1274924447261921362) | rishi6876 (809100741012750348) | a1men01 (1423644111134527573) | arjunnattri (1422065490490298460),4,https://discord.com/channels/1538500688038994040/1543556316377645067/1544293540220375143
7,Team Shogun,deepjyoti52,'1130148484801122334',monster02130 (912971401424670760) | _akshat_gupta_0001 (1497940020097450169) | dhurv0785 (1517759547173896243) | deepjyoti52 (1130148484801122334),4,https://discord.com/channels/1538500688038994040/1543556316377645067/1544293541180608572
8,Team Superior Gaming,harshit.4808,'1494659767333814376',harshit.4808 (1494659767333814376) | None (1507068491167961178) | sorepuss_70218 (1147918946096394312) | fearlessbgmi. (1518530679074197676),3,https://discord.com/channels/1538500688038994040/1543556316377645067/1544293564308136017
10,Team No Mercy Esports,yatu0791_11564,'1407759418526924812',daksh010622 (1526485297288839250) | yatu0791_11564 (1407759418526924812) | bhavik0399 (753683389088923789) | suyog0128 (1526617271991144478),4,https://discord.com/channels/1538500688038994040/1543556316377645067/1544293611384864791
11,Team Eclipse,harsh174557,'1086233865468784682',xprosa2 (1028493906662408232) | harsh174557 (1086233865468784682) | tozenx_12 (1295301885950955573) | _lava1611 (1211734711030911007),4,https://discord.com/channels/1538500688038994040/1543556316377645067/1544293630427136081
12,Team Osprey,web04850,'841594018830876703',rana1746 (975297720380162048) | axle8697 (841593791144132618) | shaingamingyt (846601387999494155) | web04850 (841594018830876703),4,https://discord.com/channels/1538500688038994040/1543556316377645067/1544293631303618710
14,Team Nexus Esports,mr_sid_18,'1542291475843383324',vikashkuma7247 (1543876602570743912) | lezzandgaming (1543501589606563912) | mr_sid_18 (1542291475843383324) | rajukumar0604 (899576494681104404),4,https://discord.com/channels/1538500688038994040/1543556316377645067/1544293672126783609
15,Team X Panoti,dc_ashu___,'805276624311681035',xkrisxz0dx (1475909726368956497) | dc_ashu___ (805276624311681035) | pabitra0491 (1364113764592517221) | luesgameing (1418237275313148038),4,https://discord.com/channels/1538500688038994040/1543556316377645067/1544293675926954056
16,Team Ego Issues Sports,egoxbunny,'1541691308639264852',egoxrocket_41231 (1542529435666882564) | egoxbunny (1541691308639264852) | egoxdeadplayer (1540655813239246868) | None (1501196461944078470),3,https://discord.com/channels/1538500688038994040/1543556316377645067/1544293684835655781
17,Unyielding Souls,usxprimerizvi,'1448328590281150644',daiwikpatel19 (1243538989550669904) | hasnain03036 (1241681815647813796) | chinmay__2810 (1012994878508126218) | usxprimerizvi (1448328590281150644),4,https://discord.com/channels/1538500688038994040/1543556316377645067/1544293738996695050
18,Team Money Heist,professor08340,'1395443878898831440',professor08340 (1395443878898831440) | vivekchourasia3298 (919480495975317504) | jsr_darkdevil (1532342792133804116) | ruteshpandit (1532620975756152967),4,https://discord.com/channels/1538500688038994040/1543556316377645067/1544293743874539541
19,Team Faith Esport,faithesport,'1482755375668133899',faithesport (1482755375668133899) | bitt161201 (1127277697224151120) | jitu1833. (1528054012719665393) | harshchavda136_15299 (1528044397478936658) | demonplayzz0325 (1528044413430010009),5,https://discord.com/channels/1538500688038994040/1543556316377645067/1544293754675003444
20,Team 3X,krishdhaker.,'1542399772541980704',krishdhaker. (1542399772541980704) | arjundhaker. (1542904539970277418) | dharmraj_ji_61831 (1492837596869431346) | arvinddhaker_95 (1542823390296014863),4,https://discord.com/channels/1538500688038994040/1543556316377645067/1544293776250507344
21,Team Relic Esports,skillzgaming6434,'842714543033286666',amanrajwade (557121693848567808) | skillzgaming6434 (842714543033286666) | abhi___16 (820913262303379467) | anmolbhaskar. (1156233689957679154) | danish030546 (1295401749271543961),5,https://discord.com/channels/1538500688038994040/1543556316377645067/1544293781082476574
22,Team Strawhats,crox0814,'1409153416223002788',crizzna (577026658599436289) | manngurjot7 (1525926556575469618) | rohitali3077 (747374566245924915) | crox0814 (1409153416223002788),4,https://discord.com/channels/1538500688038994040/1543556316377645067/1544293782449815672
23,Team Harshxl,godlharshal01,'1361920674385625202',ishankhansahab (1490050147944497264) | godlharshal01 (1361920674385625202) | honeypb16live. (1539266216605122624) | honey607828__84953 (1535918267682783323),4,https://discord.com/channels/1538500688038994040/1543556316377645067/1544293902964756531
24,Team Epic Esports,taneshyt,'1527980120302948434',taneshyt (1527980120302948434) | rahul000578 (1287719289734041675) | aryanpapa0595 (1543548500820885538) | arxgamer31 (1511627635287916686),4,https://discord.com/channels/1538500688038994040/1543556316377645067/1544293904659128450
25,Team True Ascension,vkbhure12,'1379166140030386262',bhanuverma0818 (1471920256237965517) | rawat0060 (1542955693613514786) | huntermani. (1485304288845496421) | vkbhure12 (1379166140030386262),4,https://discord.com/channels/1538500688038994040/1543556316377645067/1544293928310800384
26,Team Alpha Gaming,pruthvi_gaming_yt,'1325039701463400552',pruthvi_gaming_yt (1325039701463400552) | gcxsync24 (850288239738617867) | liviy.o (1425057259817537669) | thorplayz111 (911986723020472351),4,https://discord.com/channels/1538500688038994040/1543556316377645067/1544293962037202954
27,Team Booster Esports,zinoxjod,'1515771854072316137',vansh024173 (1511643593842884680) | zinoxjod (1515771854072316137) | sunny039996 (1539612623044087913) | andhi0693 (845588193264009226),4,https://discord.com/channels/1538500688038994040/1543556316377645067/1544293966428643418
28,Team Avxinfinity,mrigank6601,'996777379001290855',mrigank6601 (996777379001290855) | shobhit08013 (1537024308814151732) | abhishek001462 (1517783413346795622) | moiezzzzzzzzzzzzz_18495 (1529117325326811287),4,https://discord.com/channels/1538500688038994040/1543556316377645067/1544294035748032615
29,Team Deadly Destroyers,sangmesh0802,'1404532295012061184',sangmesh0802 (1404532295012061184) | arjun041915 (1524711095627944137) | balraj0425 (1400410255011348624) | ravi010516 (1528630636259184721),4,https://discord.com/channels/1538500688038994040/1543556316377645067/1544294041959800932
30,4M ( 4 MONSTER'S ),sethraj._81604,'1339986057814343680',sethraj._81604 (1339986057814343680) | umesh8855 (824507205264474123) | nissara0521 (1532009922915598573) | veenit11_52312 (1454853725326803119),4,https://discord.com/channels/1538500688038994040/1543556316377645067/1544294090731036792
31,Team Alpha Warriors,ig_vansh_gaming,'1531660658259529809',suryyansh_89896 (1538827001568301056) | ig_vansh_gaming (1531660658259529809) | reezo4290 (693685630516854804) | dhruvgurjar0427 (1482402099085181061),4,https://discord.com/channels/1538500688038994040/1543556316377645067/1544294206133248111
32,Team 4Friends Gaming,beast_plaz,'1528738828083396668',yashverr (1539248525580435538) | beast_plaz (1528738828083396668) | vivkkkkki (1206606684047409186) | zymoid_x (1366789475778170892),4,https://discord.com/channels/1538500688038994040/1543556316377645067/1544294255852388352
33,Team Eafx,3750520620,'1280521720200953954',ompatil9988 (1528670832274964520) | 3750520620 (1280521720200953954) | manav05985 (848492285678452746) | eafxsmit (1528667523497721890),4,https://discord.com/channels/1538500688038994040/1543556316377645067/1544294328955052143
34,Team Nightfury Esports,whyrage0688,'1510326852202532985',n_m_mer (1113687612872462336) | whyrage0688 (1510326852202532985) | aradox16 (1538801272327639110) | xtreme7773 (1244240059239108649),4,https://discord.com/channels/1538500688038994040/1543556316377645067/1544294360512725062
35,Team Flash Trigger,None,'1470651880895025342',None (1419718426925990049) | destroyer266 (1435085756661239833) | nganthoi0061 (1393106552335896651) | None (1470651880895025342),2,https://discord.com/channels/1538500688038994040/1543556316377645067/1544294612875608094
36,Team मNtal Esports,orhun02,'1204858884444135455',suryyansh_89896 (1538827001568301056) | sunny039996 (1539612623044087913) | ankush046255 (1378949818415714324) | orhun02 (1204858884444135455),4,https://discord.com/channels/1538500688038994040/1543556316377645067/1544294784217124957
37,Team Rebound Gaming,bhanuuupratap,'1504811598966161528',bhanuuupratap (1504811598966161528) | ansh05523 (589650152185135105) | gammer0373 (1535955655859507251) | paresh201008 (1540243148608110613),4,https://discord.com/channels/1538500688038994040/1543556316377645067/1544294870498283601
38,Team Next Xtreme,luffyyyy__.,'1036524207477108776',nyrovsall (1542918252571656224) | luffyyyy__. (1036524207477108776) | 5616198_ (1493586177494876332) | xa9ki (1216635535137701962),4,https://discord.com/channels/1538500688038994040/1543556316377645067/1544295008612524082
40,Team Quantumedge,mayyas0243,'1349088972693045269',.mr_bates (725634053176295425) | joy_boy_9 (907580661894877205) | mayyas0243 (1349088972693045269) | sensi001 (1459584296787378366),4,https://discord.com/channels/1538500688038994040/1543556316377645067/1544295464629706872
41,Team Aether Gods,intenseeyt,'1046108252053721218',intenseeyt (1046108252053721218) | emp_gojo (1518689570474950674) | admino_hr (1500201584661889084) | aashu1607 (1130492961302528042),4,https://discord.com/channels/1538500688038994040/1543556316377645067/1544295656917696594
43,Team Cosmic Esports,None,'1259508766496526427',legendv0342 (1538169007306178562) | legendgod0920 (1475376682016833609) | None (1259508766496526427) | crazybeetle13 (1536929648494121003),3,https://discord.com/channels/1538500688038994040/1543556316377645067/1544296107520303104
44,Team Shubh 7 Esports,ig_shubhgaming,'1400207513961496586',350988_ (1292815142421135416) | ig_shubhgaming (1400207513961496586) | None (1517800723860029582) | moiezzzzzzzzzzzzz_18495 (1529117325326811287),3,https://discord.com/channels/1538500688038994040/1543556316377645067/1544296156924874753
45,Fear Not Esports,asher_0886,'1092809020676505680',asher_0886 (1092809020676505680) | fury_infernex (748851097266946099) | space_40 (1389297291181031526) | hydra4473743 (586052553993617438),4,https://discord.com/channels/1538500688038994040/1543556316377645067/1544296586333650964
46,Nmc Esports,smnexus.gamer,'1505010567193301013',nmcowner (1317770219367960597) | aryan_gamerz0133_70994 (1312428594911379580) | smnexus.gamer (1505010567193301013) | nmc_ghost74 (1503026294957543495),4,https://discord.com/channels/1538500688038994040/1543556316377645067/1544296855230353458
48,Lunaris Dragons eSports,lunarisdragonsesports,'1528435759223410791',lunarisdragonsesports (1528435759223410791) | ldx.vishuu (1099920163714904074) | rotohere (1206540650888171573) | dakshproplays11. (1529126998348402818),4,https://discord.com/channels/1538500688038994040/1543556316377645067/1544297088437850223
49,Team Hyperx Esports,gakul007,'1413383896225288213',dwviperyt (1281153428080558160) | kumargourav0629 (1529736937261240492) | gakul007 (1413383896225288213) | rahuljena_ (841022309694177311),4,https://discord.com/channels/1538500688038994040/1543556316377645067/1544297263222755368
50,Team 47 Esports,gill01946,'1540594027441688716',aishsandhu_5555 (1430874275660828736) | sukh0341 (1015602025989427240) | gill01946 (1540594027441688716) | youtuberex. (1243233922221867199),4,https://discord.com/channels/1538500688038994040/1543556316377645067/1544297772897796176
51,Vanguard Esports,arpitkhatikk38,'1347582875792572437',noob7281 (1004290190606606337) | arpitkhatikk38 (1347582875792572437) | sasuke.038 (1538991165150461974) | devilatu2005 (871348475839778847),4,https://discord.com/channels/1538500688038994040/1543556316377645067/1544297792783126579
52,Team Tng,indtushar09,'738076343337746452',shivanshrajput2007 (943067050698477610) | tngaman (544800663901569034) | indtushar09 (738076343337746452) | pratham_6318 (1211700212486373399),4,https://discord.com/channels/1538500688038994040/1543556316377645067/1544297929429221467
53,Ynr Esports,aryanzhujaatt5361,'720943065937870919',godlzues (1202649922306842745) | mrsunnyyt2624 (849259137505820723) | jadejawarrior_45858 (1421419874198229062) | aryanzhujaatt5361 (720943065937870919),4,https://discord.com/channels/1538500688038994040/1543556316377645067/1544297930465480704
54,Team Crushers,sakshamxplayz,'1533442670167593023',tcxarshgaming (1529523632533934233) | cyrus_playz (1064434601294049340) | tejasav77 (1526215681912209479) | sakshamxplayz (1533442670167593023),4,https://discord.com/channels/1538500688038994040/1543556316377645067/1544297956293869638
55,Team 333 Esports,dhruv_gaming00,'1376467523762917457',dhruv_gaming00 (1376467523762917457) | zohangaming__42533 (1377947674103255171) | ayus.hsingh (1368130160410497156) | krishna.is.goat (1368130014050254878),4,https://discord.com/channels/1538500688038994040/1543556316377645067/1544297960785977435
56,Team 4Star Esports,udaydholakiya,'1250436860292104298',denishcharola (979678103146229760) | udaydholakiya (1250436860292104298) | abhi_3431 (799910798419427379) | parthivpatel0184 (1384147093396000808),4,https://discord.com/channels/1538500688038994040/1543556316377645067/1544298067942055956
57,Team Spartan,tarun_105,'1417834810658787351',priyanshu_331 (1086744842614349986) | wizzgod0090 (1511537593827852508) | ajayty3386 (872751315674075157) | tarun_105 (1417834810658787351),4,https://discord.com/channels/1538500688038994040/1543556316377645067/1544298078889316353
58,Team Utkal Esports,tapankumarsahu,'1505279297391300851',jishannxt (1517549396202360872) | gurusolanki0457 (1509859994625904681) | 9541417582 (1539132991060709497) | tapankumarsahu (1505279297391300851),4,https://discord.com/channels/1538500688038994040/1543556316377645067/1544298142835539988
59,Team Original,sham07240,'1520418599771308048',sham07240 (1520418599771308048) | vaibhavghorwade (1535286225424883863) | sparrow_0028 (1471143145151664128) | mahadevmetge (1528615547238088855),4,https://discord.com/channels/1538500688038994040/1543556316377645067/1544298324822335488
60,Team Alpha Predators,omroman2807,'918734372943822868',yash1316 (1147920860737454193) | pradeepkiran (1305524639770087588) | saaaa10279 (1462680987657044132) | omroman2807 (918734372943822868),4,https://discord.com/channels/1538500688038994040/1543556316377645067/1544298336041832458
62,Team,tejas9968,'1056831865736151071',choudharyy16x2 (1430891336298659947) | coffin16._29863 (1539128628309262396) | _flash_op_01 (1505197962563682475) | tejas9968 (1056831865736151071),4,https://discord.com/channels/1538500688038994040/1543556316377645067/1544298658328215593
63,Team Jrk Esport,ayaanali1712,'1396345871179714655',ayushpatel88 (1535269039742652448) | jrkxankii (1535271567687426169) | aaryanpatel0933 (1535270408251510925) | ayaanali1712 (1396345871179714655),4,https://discord.com/channels/1538500688038994040/1543556316377645067/1544298727177715783
64,Ace eSports,igxdfather16_,'1525732903655313428',sanju_is_live_1_37668 (1483414027144134817) | dragonxgaming2655 (923584122255970354) | igxdfather16_ (1525732903655313428) | god_x_ (1530528798468997140),4,https://discord.com/channels/1538500688038994040/1543556316377645067/1544299592458436661
65,Team Carnival,blaz0359,'1249414659627548692',dhruv_0707 (965277470377005056) | messyyyyy01 (1520344151135096932) | yadavrahul0239 (1436607521761529937) | blaz0359 (1249414659627548692) | himuu85 (1411643078288347166),5,https://discord.com/channels/1538500688038994040/1543556316377645067/1544300076627660850
66,Infinite Reality,katily25,'864154931996262411',eaglesg. (1294218206612951040) | tarunrunrun (518325816434884609) | katily25 (864154931996262411) | top026462 (1497924818694045829),4,https://discord.com/channels/1538500688038994040/1543556316377645067/1544300167576952902
67,Team Auron Xtremes,None,'1453664658060873760',None (1453664658060873760) | tagxashraf (1537117704660586506) | firegaming_006 (1530869416097611907) | tagxchallrenoob (1501961990946553886),3,https://discord.com/channels/1538500688038994040/1543556316377645067/1544300562764406794
68,Team Venom Force,None,'669057156535812136',None (669057156535812136) | shivammehta3956 (1119663481591963699) | rajesh06103 (552386516262060043) | amanyadav0876 (1293889887988088837),3,https://discord.com/channels/1538500688038994040/1543556316377645067/1544301064444977263
69,Team Fear No 1 Esports,rudr_rr,'1114591637276991598',fn1xbrutal03 (1537863860453769226) | fn1xhoney (1537867882732462252) | indianchacha69 (1253962060962861106) | rudr_rr (1114591637276991598),4,https://discord.com/channels/1538500688038994040/1543556316377645067/1544301576791924766
70,Team Rudra Vortex,gamer9899_51609,'1171045486606680105',jitendrakhade07 (1508448065382649984) | igkishan13 (1412455623437844561) | uzairraza0868_65634 (1510286648393334977) | gamer9899_51609 (1171045486606680105),4,https://discord.com/channels/1538500688038994040/1543556316377645067/1544302759203962941
71,Team Velkoron Esports,iqosoulxdanger,'1499665920732430426',neerajyt0078_62123 (1536586671523631114) | adminserver0094 (1523701865626337372) | iqosoulxdanger (1499665920732430426) | arman033013 (1538073367884599348),4,https://discord.com/channels/1538500688038994040/1543556316377645067/1544302831736062082
72,Team Fatal 4 Esports,r2wdusted,'1326772271364313121',mrfury_2008 (896695110455152651) | r2wdusted (1326772271364313121) | yatin_koriii (1390575393395835043) | sahilmulani98622 (1530851761152200764),4,https://discord.com/channels/1538500688038994040/1543556316377645067/1544304919044169808
73,Team Insidegods,snax0139,'1516032989463842917',0852950627 (1444284020509769880) | yashshinde0232 (1537345432487862293) | shad0w_gaming (1454759420750991484) | snax0139 (1516032989463842917),4,https://discord.com/channels/1538500688038994040/1543556316377645067/1544305627218710548
74,Team Zero Mercy,martio_07,'1148924825042161696',martio_07 (1148924825042161696) | igfaraz__06 (873499852296839188) | alsaif7615 (1004996747153653830) | franky00970 (834830762799792188),4,https://discord.com/channels/1538500688038994040/1543556316377645067/1544305667224109116
75,Team Grind,suryanshx055331,'1002948009480437801',suryanshx055331 (1002948009480437801) | igxelo8124 (948655905019404378) | chetanmukhiya. (1539713390799355926) | kushal029819 (793022105733824543),4,https://discord.com/channels/1538500688038994040/1543556316377645067/1544307388431999008
76,Team Alpha 4 Esports,dhruvkhatik,'1418629938294292610',rajat088117 (1420731606351614032) | dhruvkhatik (1418629938294292610) | ujjwal043469 (1539634816977473628) | hey.franx (1505690580561432757),4,https://discord.com/channels/1538500688038994040/1543556316377645067/1544307704921858149
77,Team Crucial,shyamhakke,'1486040984289542346',piyush9768 (630382178756198440) | shyamhakke (1486040984289542346) | nitsunoya (770779219143426069) | drakonic365 (942410002356912158),4,https://discord.com/channels/1538500688038994040/1543556316377645067/1544309069551243305
78,Ak Kaimur,avadhesh9955,'1283770339288940636',rohit__82114296 (887325542997708842) | avadhesh9955 (1283770339288940636) | bhavik0399 (753683389088923789) | gwdeemoh26 (1481991876222390343),4,https://discord.com/channels/1538500688038994040/1543556316377645067/1544309293963157535
79,Team Edge 1,6inexarc,'1035210571844436048',6inexarc (1035210571844436048) | agrxhattori (1366084666469384313) | zenitsu048382 (1521161417103769710) | None (1280815497125826607),3,https://discord.com/channels/1538500688038994040/1543556316377645067/1544309430990934026
80,Team Samurai,modopravin4299,'918381007110041631',nikhilrathod60695 (1542751568502460530) | ryu010000 (1542834937038905403) | sparkling_cheetah_76003 (1542818049600786494) | modopravin4299 (918381007110041631),4,https://discord.com/channels/1538500688038994040/1543556316377645067/1544311509696647249
81,Team Sneaky,mehranbhat,'850329066242310165',kabirkhan0496 (1542842012800389179) | mehdimd786 (1292436584024510506) | yashshinde0232 (1537345432487862293) | mehranbhat (850329066242310165),4,https://discord.com/channels/1538500688038994040/1543556316377645067/1544312376940036116
82,Gladiator Jinx,lakshp11,'1520985061724258355',prahals_ (1539716667133796363) | smi1751 (1539948368904855603) | jainish0640 (1539872335656525874) | lakshp11 (1520985061724258355),4,https://discord.com/channels/1538500688038994040/1543556316377645067/1544316734381498478
83,Team Sinatic,adiii.irlx,'1517224085052981328',parth030621 (1405112886753234944) | adiii.irlx (1517224085052981328) | wolf__1512 (1538790142473412668) | piyushverma0133 (1508113150199992453),4,https://discord.com/channels/1538500688038994040/1543556316377645067/1544317948020133898
84,Team Uno Esports,devilcrowplayz_32311,'1367009895349616670',None (1473049610665595214) | pixellll1222 (1396518451354271755) | sptar0243_92859 (1446843328753701005) | devilcrowplayz_32311 (1367009895349616670),3,https://discord.com/channels/1538500688038994040/1543556316377645067/1544318398857748490
85,Team Xalpha,pradeep031871,'1536017394957295707',adiii.irlx (1517224085052981328) | djpro52420411 (751362044233646080) | gamex_opp (1483108018047422516) | mehranbhat (850329066242310165),4,https://discord.com/channels/1538500688038994040/1543556316377645067/1544318786033946715
86,Team Prx,goraaand_61669,'1398637503413485679',dfxbeastop (694069099159879682) | razeop6021 (1114079974643736596) | navneet24072007 (1488222490730696886) | goraaand_61669 (1398637503413485679),4,https://discord.com/channels/1538500688038994040/1543556316377645067/1544319231091540118
87,Team Rotation Gods,killer032442,'1212222369133891628',arpit3767 (854952697324896266) | killer032442 (1212222369133891628) | d.rytnix (746568199100957149) | rorito8283 (850329426944458783),4,https://discord.com/channels/1538500688038994040/1543556316377645067/1544319370644422796
89,Team Elites,yohanaxd20_00550,'1504775607874097253',ge.etanjaliii_098 (1435228818469027912) | aryan_050806 (1332432730612432931) | yohanaxd20_00550 (1504775607874097253) | paliwal_92 (1435228348992327790),4,https://discord.com/channels/1538500688038994040/1543556316377645067/1544328710067589150
90,Team Rouge X Esports,slayerop0396,'634783129940525095',ashish006991 (1537550108324008096) | jatin_9999 (1525382623646584834) | flexxyop. (1525384039110807564) | slayerop0396 (634783129940525095),4,https://discord.com/channels/1538500688038994040/1543556316377645067/1544331232744046672
91,Phantom Fury,12_sahil_12_88774,'1448335879423918080',12_sahil_12_88774 (1448335879423918080) | coderrshyam (1225142340528635936) | ankityadav0966 (1516828028083372293) | mubashir6326 (1516383891160563845) | bhxbandit (1515732928003575820),5,https://discord.com/channels/1538500688038994040/1543556316377645067/1544332729368182884
92,Team Wrecker Esports,usaidk5695,'985449859488301106',usaidk5695 (985449859488301106) | _noman_.04 (1367726665941258420) | arnapratap_07 (1395353150994513981) | noman04_ (1345401677695549510),4,https://discord.com/channels/1538500688038994040/1543556316377645067/1544337077464862881
93,Team Knaves Esports,684605.,'1212050440141676616',684605. (1212050440141676616) | ravaldurgesh_82745 (1529490302392602636) | amityadav0695 (842441156520050718) | modopravin4299 (918381007110041631),4,https://discord.com/channels/1538500688038994040/1543556316377645067/1544340678027378758
94,Team Dme Esports,pitaaajiiiiiii,'920630294539817000',pitaaajiiiiiii (920630294539817000) | arman053386 (1501787535628697692) | trenchislive (1470823810339967222) | None (1280815497125826607),3,https://discord.com/channels/1538500688038994040/1543556316377645067/1544343929997234218
95,Team Kaberi,raj00840,'879274838953426985',None (1452247984543764631) | raj00840 (879274838953426985) | ayush69421 (1167410028769185852) | jamba0422 (1426563024407498895),3,https://discord.com/channels/1538500688038994040/1543556316377645067/1544345009690509432
96,Team Bka Esports,itz_uransh,'1420663306007478283',play_times_51081 (1438533007530262680) | itz_uransh (1420663306007478283) | kawalraj (1542863956098416736) | ganesh70539 (1532070753938444366),4,https://discord.com/channels/1538500688038994040/1543556316377645067/1544356233685766225
97,Team Division,anshu6478,'1030441596740702229',anshu9566 (718023711755730954) | error065266 (1541541817139597436) | anshu6478 (1030441596740702229) | savageshreya. (1048190026808303646),4,https://discord.com/channels/1538500688038994040/1543556316377645067/1544362000602107934
98,Team Beast Gods,sauravnitore123,'1427281399433662514',sauravnitore123 (1427281399433662514) | pgxgamingg (1529757865861185707) | whimsical_peacock_27372 (1536273603203567766) | manav200503 (1326983534510080134),4,https://discord.com/channels/1538500688038994040/1543556316377645067/1544369707338174465
99,Team Expense,zenonislive,'1240693374210801675',None (832645339013447720) | toji46_ (1490293846482096209) | zenonislive (1240693374210801675) | hunter763_ (1281132395407605766),3,https://discord.com/channels/1538500688038994040/1543556316377645067/1544376868784840714
100,Team Apex Riders,metaplayzzz,'1453032994284769451',pradeep031871 (1536017394957295707) | arthur_v6 (1294919000609787914) | metaplayzzz (1453032994284769451) | bhuro2828 (1525481764712087623),4,https://discord.com/channels/1538500688038994040/1543556316377645067/1544381517709582436
101,Team Zeros,smashop5161,'856076227176562689',parvesh2542 (772105153452441640) | smashop5161 (856076227176562689) | vanshraj22 (1372273643308187800) | pushantsir_48890 (1267207412696223888),4,https://discord.com/channels/1538500688038994040/1543556316377645067/1544385070104584303
102,Bloodlust Esports,shubham139495548555,'1385159675095547934',tuxomkar01 (1189746010084348050) | None (1255242727386255362) | shubham139495548555 (1385159675095547934) | f4lpanda69 (719282887270334594),3,https://discord.com/channels/1538500688038994040/1543556316377645067/1544387159295795260
103,Team Op Gang,raunitraj0294_96383,'1485553264513519726',sunnyraj0145 (1524038405929963641) | vivek12_. (1540703372389253260) | raunitraj0294_96383 (1485553264513519726) | satyamraj0899 (1502695112961163551),4,https://discord.com/channels/1538500688038994040/1543556316377645067/1544387566437011526
104,Team Invincible,mortalop1419,'813095334145687593',mortalop1419 (813095334145687593) | ragegamer3333789 (993232374781456394) | invincible021179 (1544389044098703539) | vivek19288036 (1039128614366613565),4,https://discord.com/channels/1538500688038994040/1543556316377645067/1544390214703784017
105,Team Night Fraggar,pruthvi03635,'1510852050529816617',pruthvi03635 (1510852050529816617) | jaydev008 (1539148889444192306) | arpitkhatikk38 (1347582875792572437) | gopal056525 (1539140712891949150),4,https://discord.com/channels/1538500688038994040/1543556316377645067/1544394374752903433
106,4UT ESPORTS,gopalkumar0001,'1387001157913935953',harshal053980 (1466702063600799860) | gopalkumar0001 (1387001157913935953) | teammahakal. (1544344645214019698) | None (912769250740031548),3,https://discord.com/channels/1538500688038994040/1543556316377645067/1544398107414888508
107,Team Exicutive Esport,esportspagluu2,'1512737722668810310',esportspagluu2 (1512737722668810310) | kaif232006 (1406690880332501165) | faiizzz.69 (1450865329692737790) | maxxyflaw_92373 (1412781165009702943),4,https://discord.com/channels/1538500688038994040/1543556316377645067/1544416475035476018
108,TEAM BLASTERS,tbxnavjot,'1406286318656553123',deepak041130 (1403989483711631361) | tbxnavjot (1406286318656553123) | himanshu._igl (1541885763354886156) | bossji2317 (758632703322750998),4,https://discord.com/channels/1538500688038994040/1543556316377645067/1544419878562431016
109,Team Brutal Knight Esports,lazyyy777,'1487663557339516990',aabhas69 (962730787445280868) | boyka_008 (1477701571285483725) | bkxbatman (1538964286372847668) | aaravpandey7 (1509412973670830105) | lazyyy777 (1487663557339516990),5,https://discord.com/channels/1538500688038994040/1543556316377645067/1544429472370135050
110,Team 4Men Esports,4menxscoten,'1481901805611913240',4menxscoten (1481901805611913240) | arnav56u (1328352698445336628) | cypher4sure (1013103196555722822) | tabletgaming (761937230385774623),4,https://discord.com/channels/1538500688038994040/1543556316377645067/1544450495618220083
111,Team Ape Gaming,pokechi0775,'1409017104400781484',tagsachin_15 (1543286360260214857) | tayumgaming (1543628716700209242) | pokechi0775 (1409017104400781484) | ankitghising0009 (1543945013937832046),4,https://discord.com/channels/1538500688038994040/1543556316377645067/1544518182402789497
112,Team Trx Esport,arman044283,'1412475606624632933',athar5934 (870908842815410256) | muhammadtahaa18 (1305927228038709349) | 3434312 (1543900538574213122) | arman044283 (1412475606624632933),4,https://discord.com/channels/1538500688038994040/1543556316377645067/1544534183450255481
113,Team Xdr,karan004309,'1450127095165354146',supergod0586 (1530566350332887121) | arjun069567 (1247113234813685825) | karan004309 (1450127095165354146) | karan013591 (1525506993346052180),4,https://discord.com/channels/1538500688038994040/1543556316377645067/1544546993299529751
114,Team Secret,anupk8926,'1304056744804093982',dk05211 (1385894355067342921) | szxnightm4re (1512530813546139811) | aanandop7 (1434734504215318580) | anupk8926 (1304056744804093982),4,https://discord.com/channels/1538500688038994040/1543556316377645067/1544565537173147680
115,Team Death Alert Esports,anshitmishra0048_29449,'1483418366176657539',daexveer (927434726812315758) | anshitmishra0048_29449 (1483418366176657539) | prince100610 (1484229441444905012) | not_deadpool_xd (915584255562776628),4,https://discord.com/channels/1538500688038994040/1543556316377645067/1544566356328972330
116,Team Fallen Gods Esports,jayeshodedra.,'1506922125951373417',jayeshodedra. (1506922125951373417) | jayraya. (1371017837933629562) | mr.mer6944 (973574420792754227) | vk_mer19 (1517914664489451739),4,https://discord.com/channels/1538500688038994040/1543556316377645067/1544567028956790814
117,Team Naughty Noob,aryanplayzyt__58927,'1498937602659581992',aryanplayzyt__58927 (1498937602659581992) | d55pusingh (1483495810560688201) | sanju123556. (1526843069553578004) | tagaman_38344 (1512668121218154518),4,https://discord.com/channels/1538500688038994040/1543556316377645067/1544568035954794516
118,Team Red Zone Esports,confidentialgaming,'934291694713712681',confidentialgaming (934291694713712681) | bishal031458 (1469992820952535195) | krrishsharma9090 (1197431380708171837) | thor2005. (1081846644032688158),4,https://discord.com/channels/1538500688038994040/1543556316377645067/1544572659113918575
119,Team Rgm Esports,mohdfarhan0638,'1496746007743172628',primehunter0180 (1284761779498389544) | visiont3_ (1506901772135043153) | mohdfarhan0638 (1496746007743172628) | bgmi_legend18 (1293435632244232284),4,https://discord.com/channels/1538500688038994040/1543556316377645067/1544583883368964108
120,Team Swapnil7,swapnil__2003,'1436671355557904465',aryanplayzyt__58927 (1498937602659581992) | swapnil__2003 (1436671355557904465) | shubham1348 (526373407579701269) | None (1462390792663466118),3,https://discord.com/channels/1538500688038994040/1543556316377645067/1544593156992016424
121,Team Ashenborn Esports,nova_43712,'1020354135796760677',wav.raj4840 (695672008985411675) | sankalp2193 (1127967344711450724) | nova_43712 (1020354135796760677) | dhruv_15. (764711539709837334),4,https://discord.com/channels/1538500688038994040/1543556316377645067/1544593399674310748
122,Team Empire,liy0808,'1540990728103002185',swapnil__2003 (1436671355557904465) | liy0808 (1540990728103002185) | jayeshodedra. (1506922125951373417) | anupk8926 (1304056744804093982),4,https://discord.com/channels/1538500688038994040/1543556316377645067/1544594131278630973
123,Power Esports,mohdjunaid0033,'1397991032838164530',mohdjunaid0033 (1397991032838164530) | pradeep031871 (1536017394957295707) | renamecard0180 (1531250776880582806) | pwrxrenamecard (1326140772176629831),4,https://discord.com/channels/1538500688038994040/1543556316377645067/1544594346920386582
124,Team A1 Xtreme,nstechyt,'515527519693176842',bravee0994_78339 (1395443617023262832) | nstechyt (515527519693176842) | rishi082320 (1280482489206444084) | manisai0400 (1181853301755609100),4,https://discord.com/channels/1538500688038994040/1543556316377645067/1544607395290947636
125,Team Vencenzox Gaming,vencenzox07,'1542146299145490554',vishal03046 (1269543100921938016) | vencenzox07 (1542146299145490554) | 69yes_daddy (1481292244441895027) | kr000000 (1262735117219004437),4,https://discord.com/channels/1538500688038994040/1543556316377645067/1544619851652403270
126,zhdow_'s team,zhdow_,'1515227641580490826',doctorvicky (1522439857664823313) | zhdow_ (1515227641580490826) | badmashi0498 (1539205161707249677) | hardik01206 (937981929859469342),4,https://discord.com/channels/1538500688038994040/1543556316377645067/1544630824899706881
127,Team Tnm Esports,golden_dolphin_74167,'1520640518114115798',godlyte_is_live (1431448919186866376) | avi068480 (1418265639096946801) | sachin047210 (1542858378538127404) | rtgamigayt_65850 (1408513641002700943),4,https://discord.com/channels/1538500688038994040/1543556316377645067/1544642399115157524
128,Team Drm,cryboiii07,'839800887392075797',prashantttj (1113147699714338867) | cryboiii07 (839800887392075797) | drm_parth (1538183043339001926) | ganesh_more_18_96225 (1453337294709719173),4,https://discord.com/channels/1538500688038994040/1543556316377645067/1544642708247674911
129,Team Wolf Esports,arvind09961,'1507786414539018510',kirito__9639 (1405843453916741683) | wolfceo__77411 (1449078938230849749) | arvind09961 (1507786414539018510) | affanliveyt (1493512650225881119),4,https://discord.com/channels/1538500688038994040/1543556316377645067/1544643205876817950
130,Team Unique Esport,fridey0477,'1543868551751008291',omxjadu (1403974388407210017) | fridey0477 (1543868551751008291) | clutchverse._71945 (1544643146238001262) | wolf_esports01 (1544637642564440087),4,https://discord.com/channels/1538500688038994040/1543556316377645067/1544650392770445362
131,Vertigox,vgxintro,'1293522423043592255',boyerdebbarma. (1544630000458928161) | appleaccount (1370675388115718145) | bishaldebbarma0144 (1544635833301074020) | vgxintro (1293522423043592255),4,https://discord.com/channels/1538500688038994040/1543556316377645067/1544654170303504405
132,Team Endless Esports,altruismshubh_82908,'1344942368415154259',devitalized2_ (641312440763809803) | vs_infura123 (1475586268682518529) | altruismshubh_82908 (1344942368415154259) | paingaming0713_88318 (1231306054235590677),4,https://discord.com/channels/1538500688038994040/1543556316377645067/1544658149934505994
133,Team Night Of Violencex,novxigl,'1345617874818961459',mayank002701 (1538929505127637072) | abhay07216 (1477248488646508666) | novxigl (1345617874818961459) | shubham200625 (1538930187666853971),4,https://discord.com/channels/1538500688038994040/1543556316377645067/1544663914665611264
134,Team Elite,a7xsyrex.,'1536375287724638339',meetpate123 (1544664017685971026) | a7xsyrex. (1536375287724638339) | banshi0545 (1537714132705476668) | harshal041016 (1376885887232901180),4,https://discord.com/channels/1538500688038994040/1543556316377645067/1544666189177954406
135,Team Midnight Gaming,ayan096666,'1313458650987368478',brtwaman (1405913442006732800) | pikachu_1_op_08092 (1345689083032375306) | hsrdxyt4754 (894942000250490923) | ayan096666 (1313458650987368478),4,https://discord.com/channels/1538500688038994040/1543556316377645067/1544668375559569508
136,viciousz0490's team,viciousz0490,'1447827223460708409',gsuddu5513 (883945975717179392) | viciousz0490 (1447827223460708409) | tscxpsych_03247 (1346145033879031851) | tsxprem (1542417695444574294),4,https://discord.com/channels/1538500688038994040/1543556316377645067/1544679549462118511
137,Team 4 Fighters,samrdx001_85780,'1160131332026937444',hi5jimmy (1519808698980106460) | samrdx001_85780 (1160131332026937444) | gagan_sandhu__28830 (1473886835406274582) | 313_axmir_69054 (1482096151330291742),4,https://discord.com/channels/1538500688038994040/1543556316377645067/1544680590828118188
138,Team Valence Esports,cantbro,'1400705096353845398',ammugrewal_42829 (1520382094960885760) | iamcode_06 (1497505170228121682) | ashu27_1999 (1119855124752375890) | cantbro (1400705096353845398),4,https://discord.com/channels/1538500688038994040/1543556316377645067/1544693189473214474
139,Team 4Warroir Esports,gfugcuj_83240,'1432727509769912322',4wxgod (1515011691736207360) | gfugcuj_83240 (1432727509769912322) | 4wxabhi_81086 (1507969329600135179) | piratestsuninja (832207664552476692),4,https://discord.com/channels/1538500688038994040/1543556316377645067/1544697721728929852
140,Team Not Fear Esports,ig_dangrous,'1494299665670340670',samrdx001_85780 (1160131332026937444) | novxigl (1345617874818961459) | bhavyaarora_2 (1471206714954092716) | ig_dangrous (1494299665670340670),4,https://discord.com/channels/1538500688038994040/1543556316377645067/1544700180803223673
141,arish0763's team,arish0763,'1535296478816378950',hannan03868 (1535318468197482528) | aarish0308 (1535661933443944550) | arish0763 (1535296478816378950) | subhan0404 (1535670586553139391),4,https://discord.com/channels/1538500688038994040/1543556316377645067/1544701005784940564
142,Team Knight Kings,molaxeyt8477,'865857751553015838',rugvved (887319423571083346) | rabjyotsingh0307 (1489926506997350410) | utsav07327 (632429682628886549) | molaxeyt8477 (865857751553015838),4,https://discord.com/channels/1538500688038994040/1543556316377645067/1544704498201661581
143,Team Reunited,luminous5842,'599260342899703839',aniket010129 (920999535390621716) | hyxmohit_16 (1527564438742503477) | iconicop (721243154031837228) | luminous5842 (599260342899703839),4,https://discord.com/channels/1538500688038994040/1543556316377645067/1544732529490399303
144,Team Makex,mannu_xd3,'1028621879768006706',soham5075 (845603727884025856) | ogxalpha. (1406617691854471241) | mannu_xd3 (1028621879768006706) | souruz. (1483345961379037184),4,https://discord.com/channels/1538500688038994040/1543556316377645067/1544738104924180572
145,Gggyani Gaming,aamirkhan07585,'1542811558214901794',faizankhan03152 (1508814640992354576) | aamirkhan07585 (1542811558214901794) | aashikkhan0325 (1542788327516799059) | aamirkhan8441 (1542778132426264596),4,https://discord.com/channels/1538500688038994040/1543556316377645067/1544743414346809354
146,Team Skyover Esports,awesh77,'1457791834263781436',godhamzaa (1447607895117008906) | skyover_esport (1247363559315472386) | awesh77 (1457791834263781436) | shanifsiddiqui (1433444327383896218),4,https://discord.com/channels/1538500688038994040/1543556316377645067/1544776053485076511
147,Team Xlr8 Esports,arnavbhujwa11,'1526136658355818566',arnavx911 (1529816662893789297) | rahul000578 (1287719289734041675) | remac_07 (1436007765696057436) | arnavbhujwa11 (1526136658355818566),4,https://discord.com/channels/1538500688038994040/1543556316377645067/1544795971601563718
148,Team Solo,redhunt0079,'1348928975619231744',redhunt0079 (1348928975619231744) | tuntunmausi._ (688202829030227983) | nmjoker0086_23262 (1541458474360377374) | jaichaba2658 (707567426669379607),4,https://discord.com/channels/1538500688038994040/1543556316377645067/1544812017972682902
149,Xtreme Dominators,darklshadow44,'1534546578755420221',hafeez51. (1462662070053896293) | folly_011_75690 (1542557887556222996) | darklshadow44 (1534546578755420221) | baki_07777 (1528734841393381519),4,https://discord.com/channels/1538500688038994040/1543556316377645067/1544931298148094002
151,Team Burning Blood,None,'1452966829424246815',qwerty12343452 (932536719901872138) | pain003049 (1541410294591529052) | tejasav77 (1526215681912209479) | None (1452966829424246815),3,https://discord.com/channels/1538500688038994040/1543556316377645067/1544956308828979230
152,Lordx Esports,nilaywanjari,'1260917436811575447',rahul095332 (1451965468221898784) | raja052007 (1528641188264153239) | aubhav_ (1431603822542852181) | nilaywanjari (1260917436811575447),4,https://discord.com/channels/1538500688038994040/1543556316377645067/1545023346234757131
153,Demonx Esports,bubbly_star_48501,'1360516494517075980',bubbly_star_48501 (1360516494517075980) | killer_op007 (1453786747812053013) | opimaop_53781 (1306710501740253204) | happydehariya (1220652033858867231),4,https://discord.com/channels/1538500688038994040/1543556316377645067/1545065492535050240
154,BORN TO SHINE,sky180708,'1519032860781187233',aditya4230 (872389109056962641) | sky180708 (1519032860781187233) | princeyadav0662 (1389786261660897401) | rohitgawai5506 (818157985884143628),4,https://discord.com/channels/1538500688038994040/1543556316377645067/1545087462802587759
155,GOD OF DYNASTY E-SPORTS,darkknightesports0682_06218,'1519232642132738170',yash_shadow._37256 (1504475553242026054) | darkknightesports0682_06218 (1519232642132738170) | rajput0542 (1126823629322199101) | darkxronic (1504467323589890078),4,https://discord.com/channels/1538500688038994040/1543556316377645067/1545122309764030614
156,Team Ind 52 G,bhuro2828,'1525481764712087623',godliketiger (1416062836949516388) | fayumkhan (1526895697385881622) | ind52gpower (1527919296573997166) | bhuro2828 (1525481764712087623),4,https://discord.com/channels/1538500688038994040/1543556316377645067/1545142414933758022
157,Team Yare Yare Esports,subham080951,'758701519708618802',subham080951 (758701519708618802) | diwakar6515 (983043761682665562) | ronak05499 (1243253937948070061) | zoro017865 (1256864268020613190),4,https://discord.com/channels/1538500688038994040/1543556316377645067/1545278924588851210
158,Team Paradox Esports,sonudhull08,'1315355008484642971',jaatkavi011 (1524782111314280649) | None (1393547243805610034) | sonudhull08 (1315355008484642971) | johnsnow27. (1482392566358872259),3,https://discord.com/channels/1538500688038994040/1543556316377645067/1545280120959410197
159,Team Hyper Ninjaz,original036724,'1540657297892712538',tusharsoni5511 (1028942911141842944) | original036724 (1540657297892712538) | adityachaudhary0152 (1513104968117256263) | ultraxbeast__04052 (1524708014848741447),4,https://discord.com/channels/1538500688038994040/1543556316377645067/1545281246345691156
161,Team 4Blaze,.fixedduke5938,'1395617712398663773',9541417582 (1539132991060709497) | thnitin (1148206960232108142) | .fixedduke5938 (1395617712398663773) | krishna050621 (1542781860730507294),4,https://discord.com/channels/1538500688038994040/1543556316377645067/1545283651225395351
162,Team Invadr,clevinveigas7037,'746572402636488828',infxsplitt (868010162626105344) | swayamsharma785 (1544669512530395217) | elrondsouza_72161 (1542824551493148683) | clevinveigas7037 (746572402636488828),4,https://discord.com/channels/1538500688038994040/1543556316377645067/1545285159597768704
163,Team Vrc Esports,tecnopova270_68609,'1301069287464636478',pacer_yt (789781853309370399) | ozakii____ (1188401866976006183) | tecnopova270_68609 (1301069287464636478) | gabbar9is_live (1539979642851692639),4,https://discord.com/channels/1538500688038994040/1543556316377645067/1545285272361771059
164,Team Flip Esports,aayushsaini0044_66266,'1504816945214652476',rudra011570 (1527319606035746936) | aayushsaini0044_66266 (1504816945214652476) | dp4599832gmail.com7708 (926713002651168790) | None (1410845217967444039),3,https://discord.com/channels/1538500688038994040/1543556316377645067/1545285939335667783
165,4 Aggressive Mans,lightgod_igl,'1219654049755037706',acid_.op (920346819848990721) | lightgod_igl (1219654049755037706) | sachinnrjjhf7031 (963106942312677477) | phantommog (868455353308831834),4,https://discord.com/channels/1538500688038994040/1543556316377645067/1545301302987333632
166,Team 4Bots,anshu._01.,'1503313518433275944',anshu._01. (1503313518433275944) | zinoxjod (1515771854072316137) | ekam04105 (1504897685600211134) | gwdeemoh26 (1481991876222390343),4,https://discord.com/channels/1538500688038994040/1543556316377645067/1545302240246632552
167,Assassin Esports,xadix219,'723144255597707334',tandel_gamer (1145056689767329982) | kaal0886_15327 (1374978165193052181) | xadix219 (723144255597707334) | nicknack_02 (1368635338561687703),4,https://discord.com/channels/1538500688038994040/1543556316377645067/1545324754095833138
168,Team Solovi Esports,ajaz0772,'1451521848964546585',ajaz0772 (1451521848964546585) | vinayaloriya (1314941490086281228) | saurav032828 (1387772281509384342) | dhruvsinghparmar (1532381416980218047),4,https://discord.com/channels/1538500688038994040/1543556316377645067/1545330963582816297
169,Team Dead Army,dead089308,'678627514620575746',dishant0255_32528 (1541352789035323425) | dead089308 (678627514620575746) | pradeep031871 (1536017394957295707) | dinesh2351 (692613192676802610),4,https://discord.com/channels/1538500688038994040/1543556316377645067/1545348111734677556
170,Grounder Esports,gharyal,'1535672690264899597',arshpreet4803 (852523204659511307) | jassa851 (1525024003323068507) | manthan8258 (858785685486043156) | gharyal (1535672690264899597),4,https://discord.com/channels/1538500688038994040/1543556316377645067/1545354519817232434
171,Team Blood Reappers,jonathan00405,'1192816391947042841',bhanu4178 (873506168826376192) | jonathan00405 (1192816391947042841) | gojosatrou0431 (1275108797685305424) | shahbajshaikh (932488496822759446),4,https://discord.com/channels/1538500688038994040/1543556316377645067/1545368137023754331
172,HASHIRA REIGN,arjun069567,'1247113234813685825',arjun069567 (1247113234813685825) | katodozu16 (1543512672023093332) | 668176_ (1298521492652298302) | mohammadfozan1234 (1074314863645564999),4,https://discord.com/channels/1538500688038994040/1543556316377645067/1545371953928601670
173,Team Frost Nova,woolcown56770,'1483892707377152010',woolcown56770 (1483892707377152010) | yashsinha0808 (1399741781846790154) | vaibhav0887 (1198343898196615331) | saksham8569 (1021034442959093863),4,https://discord.com/channels/1538500688038994040/1543556316377645067/1545386622063742986
174,Night Wolfs Esport,rajibdas0248,'1543166880917889058',rajibdas0248 (1543166880917889058) | nwxflash (1543497887617650691) | nwxhyper (1543245877047459860) | nwxcrimson (1543498526837964902),4,https://discord.com/channels/1538500688038994040/1543556316377645067/1545388206869061692
175,Team Horizon Esports,grlucifer,'1125659955324792866',alokjaiswal3051 (937620101421744168) | siriusislive. (1416539094674309144) | grlucifer (1125659955324792866) | grxdevil01 (1386354588180811917),4,https://discord.com/channels/1538500688038994040/1543556316377645067/1545399616835428383
176,Team Dmtx,.kusumit,'749303667416367254',harshitsoniiiii (1268955795643568209) | reflxzz (777863043651993610) | vihaan_.13 (1539968796326895667) | .kusumit (749303667416367254),4,https://discord.com/channels/1538500688038994040/1543556316377645067/1545401382528356352
177,Team Cid,shivampapa.3511,'878173143414476811',abhisheky7402_96726 (1526901839327400018) | shivampapa.3511 (878173143414476811) | yashraj07448 (1526900752457666661) | vicky022561 (1526913601393131702),4,https://discord.com/channels/1538500688038994040/1543556316377645067/1545405214809661471
178,Team Bolt,mayurr20,'1408413728680181761',mayurr20 (1408413728680181761) | magneto_0305_67110 (1519708128734744636) | supremee16 (1509890982043320391) | princepurohit (751468142269562921),4,https://discord.com/channels/1538500688038994040/1543556316377645067/1545414939689099325
179,Team Trinet Esports,niluop_0103,'964525562351747152',niluop_0103 (964525562351747152) | om08503 (1394911197496868875) | ujjwal043469 (1539634816977473628) | abhis9625 (1519613405038772295),4,https://discord.com/channels/1538500688038994040/1543556316377645067/1545415912868548720
180,Team Whs,yakshmahyavanshi_95087,'1406624484814749739',harshparimal (742323594314645544) | yakshmahyavanshi_95087 (1406624484814749739) | jerry_bgmi (1453022377196654884) | akshay043591 (1535977571592700054),4,https://discord.com/channels/1538500688038994040/1543556316377645067/1545416514814083152
181,Team Venom Strikers Esports,.vijay_09,'1426654055492751400',.vijay_09 (1426654055492751400) | ubaid01927 (1483550226697420961) | jassa851 (1525024003323068507) | vaibhav0887 (1198343898196615331),4,https://discord.com/channels/1538500688038994040/1543556316377645067/1545430615002980402
182,Team Sb Esports,faroffx10,'1223294303535632484',harshvardhan9527 (558975463054114816) | flameeeftw (770487060619984946) | faroffx10 (1223294303535632484) | durvang0694 (1537745917569007646),4,https://discord.com/channels/1538500688038994040/1543556316377645067/1545455825718481006
183,Team Dot Esp,gauravghosh._26177,'1159902494319722579',mourya577 (873154726622015499) | gauravghosh._26177 (1159902494319722579) | oblivn_12 (739417898149347390) | ded_action (1539918605016244295),4,https://discord.com/channels/1538500688038994040/1543556316377645067/1545462053286715413
184,Team Oryzen,mafiayug1081,'720639966333632574',abhaydawande1264 (850364167256801330) | ghostevil0531 (1441024400089546844) | mafiayug1081 (720639966333632574) | arjun076086 (1245458264276340799),4,https://discord.com/channels/1538500688038994040/1543556316377645067/1545463361221828678
185,Team Aerowolf,zenitsuoop._12661,'1376435354302677102',vid_gamer_ (1255386000994209793) | opxsurface. (1424296225036963900) | aryan_ansari (1380216935320391781) | zenitsuoop._12661 (1376435354302677102),4,https://discord.com/channels/1538500688038994040/1543556316377645067/1545466533688512522
186,vikas028984's team,vikas028984,'1538900968769458246',durgesh05093 (1545460225040056513) | dazzling_axolotl_72667 (1539109843028410389) | rahul037404 (1545464748865360078) | vikas028984 (1538900968769458246),4,https://discord.com/channels/1538500688038994040/1543556316377645067/1545468735622742126
187,1shafiulla17's team,ghost._s7,'1294572847842201601',ghost._s7 (1294572847842201601) | lt.goku17 (1398055936454688858) | 1ghostt17 (1362467952997171260) | faisal044662 (1381737688687972462),4,https://discord.com/channels/1538500688038994040/1543556316377645067/1545562566112182373
188,Team Rapid Thunder,kenzogaming0957,'1484577613317148840',kenzogaming0957 (1484577613317148840) | apowerop (1482953199290810388) | hyxmohit_16 (1527564438742503477) | krish081287 (904222532893282334),4,https://discord.com/channels/1538500688038994040/1543556316377645067/1545618678563995738
189,Team Authority,wiz_takashi,'1397290852153561251',itachiuchiha08658 (777173144380112937) | wiz_takashi (1397290852153561251) | jony20197 (1478000419698507797) | xn_xerxes_44808 (1341264315390365859),4,https://discord.com/channels/1538500688038994040/1543556316377645067/1545620755440468058
190,Team Destroyer,sahilliveis06,'1545058141568237721',aryan1795._53040 (1545652102079053878) | sahilliveis06 (1545058141568237721) | prathamalone (1545654297973231736) | sonukumar02283 (1545652698261626982),4,https://discord.com/channels/1538500688038994040/1543556316377645067/1545655750360301608
191,Team Empower Esports,cyrus038221,'1515647801512693800',cyrus038221 (1515647801512693800) | 952183. (1250027794226745345) | akarsh03522 (1542511985000849595) | cyrys0864_87297 (1523941530191265854),4,https://discord.com/channels/1538500688038994040/1543556316377645067/1545657312960708608
192,Unreal Goats,mainak_25,'644852708913840138',sunny039996 (1539612623044087913) | mainak_25 (644852708913840138) | stalker47 (694432874157310013) | ryuk00230 (1476298201106616471),4,https://discord.com/channels/1538500688038994040/1543556316377645067/1545667601810853949
193,FOR ALL REASONS ESPORTS,rehankhan06577,'1526567136229593311',cyrus038221 (1515647801512693800) | mannu_xd3 (1028621879768006706) | mainak_25 (644852708913840138) | sunu6087 (962605675064737862),4,https://discord.com/channels/1538500688038994040/1543556316377645067/1545669236347772989
194,Team 4Warriors Esports,vipbgmi_7,'1450127365941366908',ayush08342 (566539452885893120) | exquisite_cheetah_34048 (1534212189567582371) | vipbgmi_7 (1450127365941366908) | roshans3332g (1293837805012783135),4,https://discord.com/channels/1538500688038994040/1543556316377645067/1545670021668143114
195,Team Ego Arena,devil_gaming4590,'848956065034535013',mihirytlive (1457043897317331191) | itxbashu (1256139014860308524) | devil_gaming4590 (848956065034535013) | manojkumar4234 (995963250258755735),4,https://discord.com/channels/1538500688038994040/1543556316377645067/1545673179836711022
196,Team Zero Hazard,zaim0515,'1504933251545039001',zaim0515 (1504933251545039001) | yiarmantm8493 (720159062893002773) | asifganie (1532098663453818926) | prem0742 (1536381382027120670),4,https://discord.com/channels/1538500688038994040/1543556316377645067/1545678449048555530
197,Team 4 Wizards,iglwalter,'570187607032725523',vaishnav0800 (980494395008753714) | iglwalter (570187607032725523) | freeman8531 (1049289658988777482) | nani082943 (1339243439157674047),4,https://discord.com/channels/1538500688038994040/1543556316377645067/1545679975368106055
198,Team Solomid,rajeshchinnarathod.,'1482670457621708951',sayanx0292 (1283658179653144711) | tsmenttonly (1542921819076431912) | tsmentt.ranga (1542921702764318826) | rajeshchinnarathod. (1482670457621708951),4,https://discord.com/channels/1538500688038994040/1543556316377645067/1545680965483896932
199,Team Deadlock Esport,adityaplayz77,'1325504965501780040',adityaplayz77 (1325504965501780040) | abhay7521 (1096353195351093309) | vampire5119 (1028941254349828126) | maazqureshi0289_97173 (1523683438828195951),4,https://discord.com/channels/1538500688038994040/1543556316377645067/1545693516322316298
200,Team Enfantterrible,apaarjot,'1211240219995668490',apaarjot (1211240219995668490) | daanav7668 (885105843161411635) | shubhix888 (871273411266097212) | sahil_1427 (851341372744794132),4,https://discord.com/channels/1538500688038994040/1543556316377645067/1545695550483996692
201,Team Nothing To Define,frostxviper,'1435981470236934215',parin0967 (1451604701568045160) | ntdxhunter (1436004273375940608) | littedyno (1492759139112189976) | frostxviper (1435981470236934215),4,https://discord.com/channels/1538500688038994040/1543556316377645067/1545701489840889997
202,Team Dear To Complete,adlegend9,'1515544203571236927',ic777_777 (1537940744080330772) | jagdish0412 (1384579665389293709) | abhis9625 (1519613405038772295) | adlegend9 (1515544203571236927),4,https://discord.com/channels/1538500688038994040/1543556316377645067/1545712413192495155
203,Team 4 Shadow,ig.rushi264,'1508126253616730237',krunalmeshram (1455908160052400384) | mafiyo877 (1041212807384932402) | adityaraj8145 (796775575255121970) | ig.rushi264 (1508126253616730237),4,https://discord.com/channels/1538500688038994040/1543556316377645067/1545722533544853514
204,Team Nifterrr,baki01289,'1253608610970341377',thomson0825_50051 (1520059300599431208) | baki01289 (1253608610970341377) | gsmxlucifer (1264421019192525005) | bishesdebbarma (1145235537024798750),4,https://discord.com/channels/1538500688038994040/1543556316377645067/1545727478411165776
205,Team Nova Dominators,ajay_raghav,'1249259126702342164',missneoan (1370788440832086066) | damnnn_daddy (1504111475198005308) | ajay_raghav (1249259126702342164) | ajay_.saini (1266618905884098622),4,https://discord.com/channels/1538500688038994040/1543556316377645067/1545728428320362496
206,Team Wind Breakers,None,'1091625395801051267',karan004560 (1441503180419764345) | None (1091625395801051267) | blunt_.force (1488231392352538755) | alpha.mikko (1525130845248295014),3,https://discord.com/channels/1538500688038994040/1543556316377645067/1545780299831713792
207,WhyNot Esports,whynotzroxx,'748121787069497458',zubair05326 (1519732627308019744) | None (1545778815685632000) | whynotzroxx (748121787069497458) | victorr9008 (1545780383621320798),3,https://discord.com/channels/1538500688038994040/1543556316377645067/1545781403612872814
208,Dhk Esport,jatin0587,'1137355434773205012',fr.aryanpal (1524295838107570268) | jatin0587 (1137355434773205012) | veda13nt (1524296086464761876) | rana1000. (1465312554526969932),4,https://discord.com/channels/1538500688038994040/1543556316377645067/1545808024474746900
209,Team W4Ag,w4ag_,'1517077393297244184',w4ag_ (1517077393297244184) | cockyxx. (1479501000015347805) | hasim7417 (692063912236941333) | vecnapower_57773 (1368587591976222814),4,https://discord.com/channels/1538500688038994040/1543556316377645067/1545810574472904704
210,Team Alter Egos,its_aarav_bro16,'1530874517868646540',yt_hutiyaop (1134678983854784552) | 684605. (1212050440141676616) | its_aarav_bro16 (1530874517868646540) | harshit14123 (1395486432231165973),4,https://discord.com/channels/1538500688038994040/1543556316377645067/1545813250401374388
211,Team Vanguard Esports,cexzyro2010,'1482724761418338324',noob2pro_16_97668 (1501495879834800128) | riyansh0103 (1483381762452226120) | ayushsingh7319 (1088861931563143279) | cexzyro2010 (1482724761418338324) | anirudh_tiwari0003 (1343592809843658804),5,https://discord.com/channels/1538500688038994040/1543556316377645067/1545813528957419530
212,Team Best For Next,bnxpanu.,'1429554622015471617',bnxpanu. (1429554622015471617) | star_am (1130462802562269227) | ashxop07 (1542079658957479958) | bishesdebbarma (1145235537024798750),4,https://discord.com/channels/1538500688038994040/1543556316377645067/1545813559051821056
213,Team Thane,rohanhoque477,'1245048303691759647',starplayzzz (1233462313378513018) | jatin0587 (1137355434773205012) | samin0268_18378 (1408032188880126014) | rohanhoque477 (1245048303691759647),4,https://discord.com/channels/1538500688038994040/1543556316377645067/1545813581147410566
214,Team Nexus Fangs,anonymus4432gg,'1397156738007826434',ig_yashhh45 (1461950176414662888) | anonymus4432gg (1397156738007826434) | luvish11_66239 (1438876359756742667) | chirag3291 (892699581857550376),4,https://discord.com/channels/1538500688038994040/1543556316377645067/1545813598486532176
215,Team Zest,kyakrish04_,'1498737620828684433',kyakrish04_ (1498737620828684433) | pushkar0683 (1159889631748296764) | ayushgupta0683 (1482417270981529781) | zeusog. (857954701219070012),4,https://discord.com/channels/1538500688038994040/1543556316377645067/1545813610884898867
216,Team 4Gods Esports,phanthom02,'1398112651766136932',anshulrajak_ (1514981595503792320) | phanthom02 (1398112651766136932) | igxsmaty (1532161810528997446) | mansaniyara_74256 (1510324199288471823),4,https://discord.com/channels/1538500688038994040/1543556316377645067/1545813640765116517
217,Nerd Esports,nerdplayzzz,'1538371199715901550',ftx_lee_og (974385747106881577) | suraj037837 (1523675795510263988) | gsmxlucifer (1264421019192525005) | nerdplayzzz (1538371199715901550),4,https://discord.com/channels/1538500688038994040/1543556316377645067/1545813719567573082
218,Team Silent Raptors,bloody.o9,'1494585080998395955',bloody.o9 (1494585080998395955) | ansh00452 (1283678754329329698) | sadatabrar_69218 (1300791630286291086) | itachi_379_51029 (1373250729585803326),4,https://discord.com/channels/1538500688038994040/1543556316377645067/1545813777189044355
219,Team Straw Hatssss,mrgod3536,'998455928804352040',mrgod3536 (998455928804352040) | shamsi8597 (1116256471118794792) | shaizgaming (839582545719853117) | iiitachi7_89572 (1236320999868203038),4,https://discord.com/channels/1538500688038994040/1543556316377645067/1545813779483459768
220,Fortex Esports,akashop.,'901068915579437098',shivanshtyagi. (1163075401267032145) | akashop. (901068915579437098) | tarun02113 (835849950172151818) | viperxyt._94676 (1204339849117564951),4,https://discord.com/channels/1538500688038994040/1543556316377645067/1545813913806053416
222,batsnadeem's team,batsnadeem,'1144867364870041674',azhar03746 (879636116473540618) | daanav7668 (885105843161411635) | batsnadeem (1144867364870041674) | dark_bewafa (1388169543150735511),4,https://discord.com/channels/1538500688038994040/1543556316377645067/1545813999453733024
223,Team Crimson Esports,xneosmasher,'1320277141736390757',smit19._. (1539974944291553312) | harsh006859 (1540607196486828194) | fraggerog._14056 (1344971260605497435) | xneosmasher (1320277141736390757),4,https://discord.com/channels/1538500688038994040/1543556316377645067/1545814019825471638
224,Team Rtr,None,'1544568368303185976',None (1544568368303185976) | ebaadahmadkhan (1544603889695858708) | adeeb_ali_hashmi (524902972568633364) | aerish6803 (707143405225902151),3,https://discord.com/channels/1538500688038994040/1543556316377645067/1545814089178157168
225,Team Hogwarts Esports,berlin08,'612197661294198784',berlin08 (612197661294198784) | harshad_1804 (1020733721718046810) | ucryuk (907491744432680981) | glichr_58861 (1442470931116327054),4,https://discord.com/channels/1538500688038994040/1543556316377645067/1545814116843913256
226,Team Infinity Aura Esports,sanskarworld,'1268451802823790699',aryangupta7436 (988314483984330753) | surajsingh1324_31578 (1541136327452401703) | tiakiller73 (592671622738214921) | sanskarworld (1268451802823790699) | pushpendrazone (1268203849425096716),5,https://discord.com/channels/1538500688038994040/1543556316377645067/1545814420741955674
227,1Hp Official,clutchx8508,'957242649562214431',kanmodache (1063585467020357672) | ligeori. (1508544558093565965) | zoro080612 (1309771208564412461) | clutchx8508 (957242649562214431),4,https://discord.com/channels/1538500688038994040/1543556316377645067/1545814573582647458
228,Team Exotitans,slambottt,'1543195722218868774',bhavya057619 (1457766322867011816) | exodus.1n (1517060760830869634) | slambottt (1543195722218868774) | kgod0589 (1450469177914556430),4,https://discord.com/channels/1538500688038994040/1543556316377645067/1545815510187511929
229,Team Carlas,gauravdarbar_71460,'1449279536872296613',gauravdarbar_71460 (1449279536872296613) | chauhan03566 (1518552284362178703) | tclxvijay (1518558816965496913) | tclxindra (1518559003347517553) | None (1431276989796585745),4,https://discord.com/channels/1538500688038994040/1543556316377645067/1545815972517118013
230,Team Crazy Esports,godxcosmic989,'1367550617421221959',kabang0138 (1503076884164907232) | kabirkhan0496 (1542842012800389179) | ocean07068 (861501502937497612) | godxcosmic989 (1367550617421221959),4,https://discord.com/channels/1538500688038994040/1543556316377645067/1545816010572038194
231,vfxmonster28's team,vfxmonster28,'1539119563277475891',None (669057156535812136) | semiee0095 (1289462046433345578) | vfxmonster28 (1539119563277475891) | vfxguru. (1539868739913257060),3,https://discord.com/channels/1538500688038994040/1543556316377645067/1545817152357933147
232,No Mercy Crew,amardeep2108,'1328610555400949794',amardeep2108 (1328610555400949794) | santra02389 (1478484233021558835) | anmol2009 (1400076819033755749) | hxrmxnnn_38344 (1538516409934544919),4,https://discord.com/channels/1538500688038994040/1543556316377645067/1545817408210477056
235,Team Avelon Esports,spc_tikam,'1356585346695168032',spc_tikam (1356585346695168032) | meetmore1708 (1472500806140821505) | fauxyzyren (1250032338684088332) | 777bot. (1471872954383204632),4,https://discord.com/channels/1538500688038994040/1543556316377645067/1545818942252130364
236,Team Axp,manjayrawat,'1543884961613086744',manjayrawat (1543884961613086744) | devchavda0012 (844833791062704139) | chandankumar0619 (1281177262292467792) | xguruop (1437020914809311294),4,https://discord.com/channels/1538500688038994040/1543556316377645067/1545820012525125684
237,Team Thunder Reigns,aman050572,'1479311193054122054',noveed_ (1349011586576158801) | feingaming. (1373906551508832259) | aman050572 (1479311193054122054) | None (1529544010845388830),3,https://discord.com/channels/1538500688038994040/1543556316377645067/1545820056317988895
238,Team Zaxom Esports,danielboy0966,'1343797757542137947',soyu__47 (1527926489071489025) | viraj9193 (935438038551638026) | danielboy0966 (1343797757542137947) | daksh08231 (1518217520295710753),4,https://discord.com/channels/1538500688038994040/1543556316377645067/1545821116503953570
239,Team No Fear,divyanshsoni0997,'1516320202823045262',tanishjaiswal0121 (1518847524570402898) | rupeshkandhare_ (1488553987828355174) | divyanshsoni0997 (1516320202823045262) | ashirvad_aata (1469241137242963999),4,https://discord.com/channels/1538500688038994040/1543556316377645067/1545821624174121010
240,Team Melghat Tiger,maya048998,'1297120705162252299',kunal0079092 (813080409688506368) | romeo022573 (1453652236604407851) | maya048998 (1297120705162252299) | abhijeet18._81678 (1457264979534417951),4,https://discord.com/channels/1538500688038994040/1543556316377645067/1545821706621296813
241,Team Rebound Esports,amogh.af,'1526213598026797169',amogh.af (1526213598026797169) | zenox.rbe (1521070891969282148) | og.zenox (660370097575165953) | starcgaming.gg (1540589208198971393),4,https://discord.com/channels/1538500688038994040/1543556316377645067/1545822045265207327
242,Team Spb Esports,bittupatel5325,'685065696635519023',sujal04129 (1220782759572930576) | spbxking (1384041833348202587) | adarsh097087 (1384467472413098126) | bittupatel5325 (685065696635519023),4,https://discord.com/channels/1538500688038994040/1543556316377645067/1545822102643286016
243,Team Way To Die,stalker47,'694432874157310013',chains8999 (1127993416412840048) | stalker47 (694432874157310013) | sarthakp0326 (1509806822079336542) | ashh7770896 (1537432442976075879),4,https://discord.com/channels/1538500688038994040/1543556316377645067/1545823977551827136
244,Team Plasma,tagayaan,'1518299551100829829',masoom0393_76797 (1437445217601982506) | devilplayzyt21 (1191258767665414147) | tagayaan (1518299551100829829) | devsingh2424 (1488155053335384127),4,https://discord.com/channels/1538500688038994040/1543556316377645067/1545824974588084334
245,Team Phantom Esports,xkay1220,'1125070149276414032',xkay1220 (1125070149276414032) | harsh006859 (1540607196486828194) | israr0515 (1447525532953743411) | zoro080612 (1309771208564412461),4,https://discord.com/channels/1538500688038994040/1543556316377645067/1545825490139357315
246,Team 4 Wolves,wmaviii,'869567008352649316',knoxx8919 (857261646090731600) | wexotic.io (1060878876156371114) | viveksen09 (1501967858345840802) | a4gleo (1376901828918116455),4,https://discord.com/channels/1538500688038994040/1543556316377645067/1545827377152786552
247,Team Eternal Legion,yourname786,'1455870086505300235',crazyxsmokiee (1380431074210877482) | yourname786 (1455870086505300235) | shadow.the.undefeated (1498559104136773734) | shadow.the.og. (1158302233868369942),4,https://discord.com/channels/1538500688038994040/1543556316377645067/1545831281445572718
249,Team Greek Gods,ggxcobra04,'1105489395181699142',kaushik016615 (1263091898474561600) | honey3423. (912589692216676352) | the_ayushpatil_19154 (1539647592156110930) | ggxcobra04 (1105489395181699142),4,https://discord.com/channels/1538500688038994040/1543556316377645067/1545837824224395305
250,stupidkul.'s team,stupidkul.,'1188376586353905694',zaheer4hmad (1379728968177160254) | pratik26410__09591 (1461254294249541765) | stupidkul. (1188376586353905694) | kaizen_pubgm (1488461311707975831),4,https://discord.com/channels/1538500688038994040/1543556316377645067/1545838978639466506
251,Team Free Kills,ruwg_sarthak,'1114471194587045928',ruwg_sarthak (1114471194587045928) | devasharma10x (1512527692480905456) | yourname786 (1455870086505300235) | amit041192 (1544036676593123399),4,https://discord.com/channels/1538500688038994040/1543556316377645067/1545856148249256018
252,Team Obsidian Daggers,notscaryjod,'1389572681778597989',shorstragamer_98510 (1406353162365046832) | _posiedon (757820246701899777) | .raging_bull01 (781544273232396348) | notscaryjod (1389572681778597989),4,https://discord.com/channels/1538500688038994040/1543556316377645067/1545860567347101820
253,Team 4Ego Esports,aadyyy_11,'1413761596001620033',mehulsinh0409 (1337012853756137512) | aadyyy_11 (1413761596001620033) | ravaldurgesh_82745 (1529490302392602636) | prashant006017 (1529822616230166661),4,https://discord.com/channels/1538500688038994040/1543556316377645067/1545868999680860351
254,Team Zeninxesportss,s2dxpikachu,'854763300537499678',mannu00567 (1517384773012689040) | aditya080927 (1539534268370522132) | suraj_jadhav182 (1406731175778848909) | s2dxpikachu (854763300537499678),4,https://discord.com/channels/1538500688038994040/1543556316377645067/1545889282286297088
255,prashantttt0818's team,prashantttt0818,'1545992448856031294',_frosty_op (755332680325005312) | aadyyy_11 (1413761596001620033) | rudra011570 (1527319606035746936) | prashantttt0818 (1545992448856031294),4,https://discord.com/channels/1538500688038994040/1543556316377645067/1545997070299566216
256,Team Gxr Esports,stextop,'1127119791073800214',gxradmino_63034 (1397520686741983264) | subhanpatel (720573738936172544) | rocks01085 (1340357099703767072) | stextop (1127119791073800214),4,https://discord.com/channels/1538500688038994040/1543556316377645067/1546001521739702313
257,Team Nirvana Esports,nexdoomplayz,'858694178694758420',abhayy0176 (1523268720657694720) | _deadshot16 (1533823416300474561) | nexdoomplayz (858694178694758420) | armaan_234 (717774792027013141),4,https://discord.com/channels/1538500688038994040/1543556316377645067/1546020643710050364
258,Team Nobility Esports,tcdevil5,'1409814700212093048',legend_ut. (1413425165731237990) | shiva_8393. (1453258925297373333) | tcdevil5 (1409814700212093048) | utkarshrihar (1409532082002198719),4,https://discord.com/channels/1538500688038994040/1543556316377645067/1546026493392588871
259,Team Ascend,hellking33,'477431658283270144',hellking33 (477431658283270144) | youtuberex. (1243233922221867199) | 8039680640 (1306636594480025620) | sushantxx1619 (1269183406927777863),4,https://discord.com/channels/1538500688038994040/1543556316377645067/1546033610350399518
260,Team Zenin X Esport,suyashshinde0663_16312,'1426462085377818705',abhi_1603 (1509213344551403620) | suyashshinde0663_16312 (1426462085377818705) | prince100610 (1484229441444905012) | shubhgaming9805 (889801378443169853),4,https://discord.com/channels/1538500688038994040/1543556316377645067/1546037031329730651
261,Team Genymotion,chetan01450,'870316366991880252',prohubhai2114_13033 (1503312668818276512) | ravi__gaming_yt (1362248019805736994) | chetan01450 (870316366991880252) | sphinx_16. (1465558267072614493),4,https://discord.com/channels/1538500688038994040/1543556316377645067/1546047119859916871
262,Team Fragger,flsxadi,'1008783735996563508',flsxadi (1008783735996563508) | sylvergaming. (1491100258590261359) | sujal5386 (1115305686935543838) | fraggerplayz0843_74037 (1361576657965551679),4,https://discord.com/channels/1538500688038994040/1543556316377645067/1546048021966495744
263,Team Regrow Esports,hanush0464,'1323494858736013333',rogue289 (1519568274151440434) | yuvrajchauhan88 (1512388246527803403) | frag_1111 (1234042949625577492) | hanush0464 (1323494858736013333),4,https://discord.com/channels/1538500688038994040/1543556316377645067/1546060767105777776
264,Team Alliance Xtrame Elite ...,frag_1111,'1234042949625577492',harsh032590 (1545323499546087424) | axe_pratham (1432298322680479748) | nakul__01_ (1511367367576387645) | gunnu06326 (1527917971521933382),4,https://discord.com/channels/1538500688038994040/1543556316377645067/1546062382311276644
265,Team Jadugar,ranveer09283,'1506230392087248916',vkbhure12 (1379166140030386262) | ranveer09283 (1506230392087248916) | hanush0464 (1323494858736013333) | ind52gpower (1527919296573997166),4,https://discord.com/channels/1538500688038994040/1543556316377645067/1546064238156578877
266,Team Ice Gaming,emxjd18_88658,'1521005061382078586',krunal1227 (1476191198443077760) | emxjd18_88658 (1521005061382078586) | jaydipmakwana1804 (785163052634472450) | kevalsolanki4683 (868803658450624542),4,https://discord.com/channels/1538500688038994040/1543556316377645067/1546067050705719346
267,Team Nemitrix Esports,lightyagami059852,'1381224877507477584',lightyagami059852 (1381224877507477584) | ayush_070350 (1379393206181040168) | sparkyop2942 (712640666915831919) | visionopp (1520430473464119367),4,https://discord.com/channels/1538500688038994040/1543556316377645067/1546067241391493223
268,Team Never Giveing Up,sayan__143,'1459197520256172062',suvasish0866 (1513167943054393424) | el.diabl1508_77198 (1456982183163068492) | sayan__143 (1459197520256172062) | soham04035 (1538592839598870620),4,https://discord.com/channels/1538500688038994040/1543556316377645067/1546088988333441104
269,4 Anonymous Esports,ibrahim832._55799,'1519790451291459665',ibrahim832._55799 (1519790451291459665) | srishanthk_14594 (1520700504085233674) | rohitbgmi321_28279 (1541690090860974094) | smis9745 (624540915121520670),4,https://discord.com/channels/1538500688038994040/1543556316377645067/1546090684531085453
271,Team Beast Elite,sohail__yui,'957553374289600522',0ayanokoji (1512306772793102336) | sohail__yui (957553374289600522) | aizenqzz_99150 (1538424493507092592) | kiraop0 (1510921180239102088),4,https://discord.com/channels/1538500688038994040/1543556316377645067/1546099074388987965
272,Team Yami,mayankop09,'1395678116885696567',martio_07 (1148924825042161696) | ansh_0g (1533059026944921650) | mayankverma024 (1507336921687265341) | mayankop09 (1395678116885696567),4,https://discord.com/channels/1538500688038994040/1543556316377645067/1546102045193404446
273,Team Alex Gaming,flash47live,'1518634388844314757',kahar0587 (1449461516276600986) | goddmop (1307955630849654836) | flash47live (1518634388844314757) | sushant017228 (1519814798664274012),4,https://discord.com/channels/1538500688038994040/1543556316377645067/1546111265456267344
275,Team 4 Elements,lakshay6467,'874890563508383745',moheenchack (852831701776465920) | lakshay6467 (874890563508383745) | lakshy001_58865 (1362665568645288108) | gaurav221347 (1471407079750107239),4,https://discord.com/channels/1538500688038994040/1543556316377645067/1546115108554539089
276,Maazzzz,prathmesh0370,'1344250547401654287',fhaaaaa_69 (1474035334928011328) | vishu_079 (1541824169950576673) | veduk34_45486 (1541821260642648074) | prathmesh0370 (1344250547401654287),4,https://discord.com/channels/1538500688038994040/1543556316377645067/1546117636965015582
278,Team Yonko,_frosty_op,'755332680325005312',_frosty_op (755332680325005312) | spiderwebs_36 (733211825193353347) | devanshgupta0988 (1491076547992485929) | devbgmi_ (1078993197830766613) | the_flash6611 (941957848093556766),5,https://discord.com/channels/1538500688038994040/1543556316377645067/1546138626843344968
279,Team Jager Meister Esports,riyannnx_86637,'1522103370633052209',vansh024173 (1511643593842884680) | riyannnx_86637 (1522103370633052209) | aryan1234____5678 (1542578933608878131) | adi1907. (1033013489201066015),4,https://discord.com/channels/1538500688038994040/1543556316377645067/1546146147071172720
280,Team Sprit Gaming Tsg,tsgxmaxvoid,'1352155333933662249',tsgxemperor (1526882173456748645) | tsgxmaxvoid (1352155333933662249) | adityahada. (1526959311199408329) | prateek0127 (1545670934390636598) | tsgxlegend (1296733884314161214),5,https://discord.com/channels/1538500688038994040/1543556316377645067/1546162397591507106
281,Team Iron Vortex,ivx_luffy,'1459054045078749316',ivx_rdg9213 (846283236631773184) | ivxaj. (1546179526382457002) | ivx_luffy (1459054045078749316) | ivx_hitman3028 (1459056451111882978),4,https://discord.com/channels/1538500688038994040/1543556316377645067/1546180807398531172
282,Team THUnDeR,lxtkio14,'1546186974053015563',deku_thunder. (1546184541474136337) | lxtknight16 (1546177964344086578) | lxtkio14 (1546186974053015563) | iii12 (920319262944550972),4,https://discord.com/channels/1538500688038994040/1543556316377645067/1546194531295170581
284,Toxic Esports,txxiangprince,'524199123293962242',rolexgkydt_19420 (1517158469394763960) | txxiangprince (524199123293962242) | mayank015663 (1517157846540746835) | kishan8715 (813310923946197004),4,https://discord.com/channels/1538500688038994040/1543556316377645067/1546203769237147678
285,Team Galacticos Esports,shakirshaikh.,'1201837034650472458',ashish006991 (1537550108324008096) | shakirshaikh. (1201837034650472458) | vanshhc (1101577300258062367) | ravanjod (974247278263013407),4,https://discord.com/channels/1538500688038994040/1543556316377645067/1546207735236796587
286,Team Royal Gods Esports,rajeshwar0573_98180,'1259787724567609361',rajeshwar0573_98180 (1259787724567609361) | pgxgamingg (1529757865861185707) | amityadav0695 (842441156520050718) | meezan_21 (448853721175293967),4,https://discord.com/channels/1538500688038994040/1543556316377645067/1546215400214368428
287,Team Helix Esports,luckyxempire,'1415953226859151425',garv0215 (1168927791534846025) | krishkumar7685 (546650278061932546) | diabloeee_god (1262162751032262809) | zany1233 (1135256029593088030),4,https://discord.com/channels/1538500688038994040/1543556316377645067/1546217157845581885
288,Team Kaizent Esports,mustbemanu,'1396837036480004228',badal04789 (1090195898719551499) | rohiit07 (1387738143863603261) | mustbemanu (1396837036480004228) | manisai0400 (1181853301755609100),4,https://discord.com/channels/1538500688038994040/1543556316377645067/1546218928987177081
289,Team S9X Esports,k_a_u_s_h_a_l_45,'1351100200554463327',supergod0586 (1530566350332887121) | gk546utu_26059 (1395342044561543282) | skullop6115 (876429440006094898) | k_a_u_s_h_a_l_45 (1351100200554463327),4,https://discord.com/channels/1538500688038994040/1543556316377645067/1546218938566709248
290,Team Akatuski Reborn,zadeezra,'1286702096158163066',itzurflash (1293776050760974361) | zadeezra (1286702096158163066) | ravi039971 (1448644249477185627) | sloskod (995769337539477617),4,https://discord.com/channels/1538500688038994040/1543556316377645067/1546277010475716658
291,Team Alpha Spirit Esports,ig__freddy,'1422432445445312643',krunalmeshram (1455908160052400384) | arjun041915 (1524711095627944137) | ig__freddy (1422432445445312643) | arjun076086 (1245458264276340799),4,https://discord.com/channels/1538500688038994040/1543556316377645067/1546366935371878500
292,Team Sbx,stalypower7683,'797528194190278666',sbxaimgod_41688 (1472252989921169592) | stalypower7683 (797528194190278666) | meet02504 (1256317508110258267) | devilgaming027 (1302928993867006014),4,https://discord.com/channels/1538500688038994040/1543556316377645067/1546400120545738752
294,Team God Of War,krunal.,'708561715922600007',jogesh0213 (1543488868806955090) | siddhraj0606 (889436420631068692) | bhavik0399 (753683389088923789) | krunal. (708561715922600007),4,https://discord.com/channels/1538500688038994040/1543556316377645067/1546403071112908800
295,Not Found,rohan02k,'1546386926200950845',None (1546369367812481075) | rohan02k (1546386926200950845) | afruz09 (1279850151539900446) | top065721 (1546390665703858207),3,https://discord.com/channels/1538500688038994040/1543556316377645067/1546406592415535104
296,TEAM FAKE,hardboy4409,'822397856325042176',hardboy4409 (822397856325042176) | fakeparaboy201 (978362835182714880) | shaad7950 (709334329628819536) | getintheway (1291047175828144190),4,https://discord.com/channels/1538500688038994040/1543556316377645067/1546407963508609055
297,Team Red Server Esports,xankitgautamxx7,'974491140453703680',xankitgautamxx7 (974491140453703680) | amarjeetjoddddd (933013496436768849) | deku0050227 (1345637683153600587) | ankitparihar3826 (1013429177095032903),4,https://discord.com/channels/1538500688038994040/1543556316377645067/1546415688195768423
298,cypher_aby's team,cypher_aby,'848907386252689438',dexter.31__ (1017509544982753361) | starcgaming.gg (1540589208198971393) | urahara0435 (1436299823895679076) | crusherplays (742445192627486830),4,https://discord.com/channels/1538500688038994040/1543556316377645067/1546418586405576804
299,Team 911 Xt,sidhuwtf7794,'882190906659311666',sidhuwtf7794 (882190906659311666) | hope_xt911 (654623098179420170) | salm4n_11 (751396732985671731) | mohammedalthaf6204 (809116359476248636),4,https://discord.com/channels/1538500688038994040/1543556316377645067/1546425469996371988
300,Team Titan Fury,titanfuryesports,'1388088420793978941',aniket001531 (1513113713446748240) | piyushmishra0331_57351 (1189273350686642296) | titanfuryesports (1388088420793978941) | None (822762622691835935),3,https://discord.com/channels/1538500688038994040/1543556316377645067/1546429182525972500
301,Team Obsidian Boys,gxd_like_abhi,'1546095387801165864',gxd_like_abhi (1546095387801165864) | None (1546056162867281993) | lakshyaaa11 (1546092335593558016) | swagatpradhan. (1438774359396319304),3,https://discord.com/channels/1538500688038994040/1543556316377645067/1546432131574792282
302,Team Dante,reflexer1814,'1376196896099668068',raonejodd (839432330136518657) | devil_op1985 (1236229488115974165) | reflexer1814 (1376196896099668068) | danteog00 (735031538059706421),4,https://discord.com/channels/1538500688038994040/1543556316377645067/1546433695953461329
303,Team Xcalibur Esports,retrox0p,'811844568781291532',shadowyt_28 (1358944952326951082) | lorxan29 (1134556072804360203) | retrox0p (811844568781291532) | manjeet08468 (1493485362863935509),4,https://discord.com/channels/1538500688038994040/1543556316377645067/1546443331427508306
304,Team Omega Guardians,vinitsagathia7934,'1018139874617987173',yugmaru17 (883366213797953617) | uchiha_madara3806 (1057575335509626900) | vinitsagathia7934 (1018139874617987173) | snax_.18 (1529951214190465055),4,https://discord.com/channels/1538500688038994040/1543556316377645067/1546448197625323591
306,Team 4V96,roneyyyy_29965,'1516380919844573255',junaidsk0492 (1546452720834056264) | arzanshaikh0877 (1546453144119017512) | godopyt (1065678102275047454) | roneyyyy_29965 (1516380919844573255),4,https://discord.com/channels/1538500688038994040/1543556316377645067/1546454544429355068
307,Team Wnl Esports,gohiljayendrasinhji,'995866554640125972',ranger006jaat (889410176199848017) | sameer__yt (1541671401713434658) | thekingno.1 (1136239888639996027) | gohiljayendrasinhji (995866554640125972),4,https://discord.com/channels/1538500688038994040/1543556316377645067/1546456144464191498
309,Team Enchanted Trident,ankush046255,'1378949818415714324',anshrawat0632 (1482793751947772006) | prateek0748 (1351954755164835963) | ankush046255 (1378949818415714324) | theodar0467 (1216004063486017566),4,https://discord.com/channels/1538500688038994040/1543556316377645067/1546464954893336636
310,Undead,w3b0wl,'213192854212837376',w3b0wl (213192854212837376) | danish01788 (970296735014473738) | aman093434 (734390879665651762) | kariki777 (1543817713774764150),4,https://discord.com/channels/1538500688038994040/1543556316377645067/1546467527780212746
311,Team Tokyo Manji Gang Tmn,vipul_pal.,'1474024261944610867',None (1546434965057839147) | prince_rcb18 (1546396815363149834) | vipul_pal. (1474024261944610867) | omkarpansande (1546414245502128158),3,https://discord.com/channels/1538500688038994040/1543556316377645067/1546469991287881729
313,Team Nova Eclipse Esports,skottftw,'619995886352859160',skottftw (619995886352859160) | waveyt1 (728654987000938586) | anil037558 (1395957597282111619) | shubhamsahu915624 (1126340865707749437),4,https://discord.com/channels/1538500688038994040/1543556316377645067/1546477765992251402
314,Team Ragxesports,btdxdevil,'1468123652632613089',btdxdevil (1468123652632613089) | shauryaup12 (1515774001681530901) | kunalgaming10 (1294146410106847233) | naitikraja. (1515408656290808063),4,https://discord.com/channels/1538500688038994040/1543556316377645067/1546503109478580335
315,Team Fool,mitul1286,'1545635908030570547',mitul1286 (1545635908030570547) | mrshiamit (934034048924413972) | atulbhai2452 (934329192261230653) | dhrumil5754 (876191145548447775),4,https://discord.com/channels/1538500688038994040/1543556316377645067/1546513216581148732
316,Team Venom Vulture,swastik_7777,'1098674740429848576',swastik_7777 (1098674740429848576) | yorkk1 (1370150319706865664) | vansx06 (1498963252200210472) | iamloki0567 (1166394993842323490),4,https://discord.com/channels/1538500688038994040/1543556316377645067/1546514502827114596
317,Team Orca Summus,gagan_sandhu__28830,'1473886835406274582',vimper8849 (1125110412598313001) | hi5jimmy (1519808698980106460) | samrdx001_85780 (1160131332026937444) | gagan_sandhu__28830 (1473886835406274582),4,https://discord.com/channels/1538500688038994040/1543556316377645067/1546516313927848006
319,i_g_saurabh's team,i_g_saurabh,'1397821555819417643',i_g_saurabh (1397821555819417643) | supanchahal. (1087410568404668516) | rosterpoll (756746644925710399) | shauryakhatri. (1218465688423895111),4,https://discord.com/channels/1538500688038994040/1543556316377645067/1546520281177260072
320,Team Worlds Elite 4,enigmaforareason,'529525710143094805',toxicassassin0749_04011 (1243120155001749525) | aryanrajput7057 (949666282276544524) | enigmaforareason (529525710143094805) | paxshreyeur (988356502588907550),4,https://discord.com/channels/1538500688038994040/1543556316377645067/1546555916097421324
321,Team B4U,izuku_531_57475,'1524609860388524113',izuku_531_57475 (1524609860388524113) | nobitogaming (1029810234069368842) | amit015941 (1534566764514381844) | adityadeshmukh0835 (1398834789028462774),4,https://discord.com/channels/1538500688038994040/1543556316377645067/1546570197266075769
322,Team Super Saiyans,ss_vegito,'772349348251959297',hunterop3663 (1043443651663106048) | ss_vegito (772349348251959297) | dev7870062 (1389813215596253237) | vishalkumar0987_70251 (1361742594408972438),4,https://discord.com/channels/1538500688038994040/1543556316377645067/1546585690568138923
323,Team Zhrx Esports,progaming316,'1371111635392925797',tsmenttkalu (1542924751511748708) | shad0w_gaming (1454759420750991484) | progaming316 (1371111635392925797) | rishiv0633 (1293741034500784175),4,https://discord.com/channels/1538500688038994040/1543556316377645067/1546606052147986442
325,Team Magnet Esports,lxcrazyyt,'1203268494989328448',lxcrazyyt (1203268494989328448) | spiderdazzler (1509778416679911498) | amaan8950 (928610379381223435) | pushkar0683 (1159889631748296764),4,https://discord.com/channels/1538500688038994040/1543556316377645067/1546741101325590538
326,Team Rsl,sumitdethe,'566773882170769420',omkar02929 (1523221176774824064) | dangergaming3512 (941969998707048458) | sumitdethe (566773882170769420) | ganeshdhengale (1482971479045050479),4,https://discord.com/channels/1538500688038994040/1543556316377645067/1546750582533005324
327,Team Immortal Officials,imtoxshaurya,'1522249468794110032',imtoxshaurya (1522249468794110032) | darkteam0333 (1286313536078872600) | ___.mithran.___ (1301413605958352931) | shreyank_1232 (1028579330554597406),4,https://discord.com/channels/1538500688038994040/1543556316377645067/1546755660543434832
328,Team Ego Esports,juned7143,'696969033458647040',juned7143 (696969033458647040) | suraj2474 (846642273144012800) | egoxrise1 (718336371433013278) | sarvendrakumar_01 (1474334508495929407),4,https://discord.com/channels/1538500688038994040/1543556316377645067/1546756017763647549
329,Team We Ate,akagami__77,'1264219909739778121',akagami__77 (1264219909739778121) | vicky__7x (1399058679491461242) | ancursedprince_95686 (1526668275734413514) | 9gaurav (1271793434268536894),4,https://discord.com/channels/1538500688038994040/1543556316377645067/1546756400586166353
331,Team Yourss,desivenom_,'1261539605925199967',sumoothxd (1513087098045857921) | aditya027881 (1328232584760786954) | yasir_26z (466946930837028885) | desivenom_ (1261539605925199967),4,https://discord.com/channels/1538500688038994040/1543556316377645067/1546756990553034833
332,KRX,xdstranger.op,'976784060649189387',nova008208 (1501515344240705536) | xdstranger.op (976784060649189387) | mahibullah11 (1407494739040801004) | ronak_majta (831060192024199180),4,https://discord.com/channels/1538500688038994040/1543556316377645067/1546757003114848298
333,Team Mgt Esports,.leonub,'581123236805345281',.leonub (581123236805345281) | aditya027881 (1328232584760786954) | flsxadi (1008783735996563508) | atulbhai2452 (934329192261230653),4,https://discord.com/channels/1538500688038994040/1543556316377645067/1546757813072822433
334,Team Forever Esports,devv_kashyap,'1521160552448262307',alokkashyap0856 (1521786926422560778) | devv_kashyap (1521160552448262307) | ignox05 (1522078535638847540) | priyanshu027563 (1527677493824192670),4,https://discord.com/channels/1538500688038994040/1543556316377645067/1546758498778353695
335,Team For The Crown,4tcxbatman,'1495072031375495318',yogesh2782 (531411213196984320) | 4tcxabhay (1496144565831471177) | oggy2225 (1537726770168594517) | 4tcxbatman (1495072031375495318),4,https://discord.com/channels/1538500688038994040/1543556316377645067/1546758651765596210
336,Team Xylo,sufyanshaikh0449,'1546757720357478491',junaidsk0492 (1546452720834056264) | arzanshaikh0877 (1546453144119017512) | sufyanshaikh0449 (1546757720357478491) | godopyt (1065678102275047454),4,https://discord.com/channels/1538500688038994040/1543556316377645067/1546759273533677608
338,Team Obsidex Esports,.amalendu,'1124974842412806225',.amalendu (1124974842412806225) | neptuneworld10 (1406798940741046354) | ig_zenta (1256161545805889571) | thorfinn01520 (1497344950554329222),4,https://discord.com/channels/1538500688038994040/1543556316377645067/1546760244338888714
339,Team Sincerity Esports,itxkaran_,'1102897784874614815',rex057661 (1295648305266819082) | alen7123 (949276596483813387) | amqyy (1250332508512321556) | itxkaran_ (1102897784874614815),4,https://discord.com/channels/1538500688038994040/1543556316377645067/1546761062056198215
340,Team Life Esports,None,'1390404224034144400',gunxfighter_yt (1194382682583470153) | qwerty12343452 (932536719901872138) | amqyy (1250332508512321556) | qdxhydra (1420506521145704470),4,https://discord.com/channels/1538500688038994040/1543556316377645067/1546761651666026656
342,Team Gaming Gang Esports,nisho055,'1342181231038697482',imprime1 (1540648190326480976) | harsh006859 (1540607196486828194) | nisho055 (1342181231038697482) | mayanksaini0472 (1537397885610627092),4,https://discord.com/channels/1538500688038994040/1543556316377645067/1546762343839563796
343,Team Fathom Esports,sankalpe31,'726278043034845275',7iskymaan (1269171366251466816) | princegaming4192 (840483623735525377) | sankalpe31 (726278043034845275) | harshith1510 (833605098244014110),4,https://discord.com/channels/1538500688038994040/1543556316377645067/1546762361946378241
344,Cronin Esports,spiderxcrx,'1163390906385313862',indoxtituzzz (1540437134513541282) | instinct_034 (869163842243010580) | spiderxcrx (1163390906385313862) | dishkyauuuun (836105755328512030),4,https://discord.com/channels/1538500688038994040/1543556316377645067/1546762853720129546
345,Team 10X,kittukumar90,'1415311733358334013',ishankhansahab (1490050147944497264) | 10xzeno (1544716558805499957) | kittukumar90 (1415311733358334013) | ojas0313 (1515247284277874943),4,https://discord.com/channels/1538500688038994040/1543556316377645067/1546763090077552640
348,Team Trx,spydi24,'981760819131981824',spydi24 (981760819131981824) | 9137084857 (866200622695710721) | luinor21 (789533812638875698) | maxsting1462 (756903961939673230),4,https://discord.com/channels/1538500688038994040/1543556316377645067/1546765737379500072
349,Team Gods Legacy,ashhhhhlyyyy0909,'1531998019459879073',yhwach_5185568 (1410006104792105076) | ashhhhhlyyyy0909 (1531998019459879073) | va__aashish2205 (1444001263619670132) | ranger006jaat (889410176199848017),4,https://discord.com/channels/1538500688038994040/1543556316377645067/1546765779561877514
350,Team Nexus Reapers,beastgamer7314,'1124612533316239360',beastgamer7314 (1124612533316239360) | reffx210920 (1332679134660268107) | gi_gamer_ji (707924574939119716) | phantom0421545 (1546764757011398700),4,https://discord.com/channels/1538500688038994040/1543556316377645067/1546766377434611803
351,Unleashed Esports,somesh3721,'1413550018811531274',seeceegaming (462307237344313384) | somesh3721 (1413550018811531274) | vansh_gupta0_40756 (1459404209274491012) | vansh_2689 (1501567150278578237),4,https://discord.com/channels/1538500688038994040/1543556316377645067/1546766441917710337
352,Team Mahabharat,krishna_3743,'1544957714785116198',chahat_8264_13645 (1544990826646601832) | rohhu6648 (1011643947115884585) | krishna_3743 (1544957714785116198) | himanshu007891 (1544971168484687872),4,https://discord.com/channels/1538500688038994040/1543556316377645067/1546766837365219388
353,Team Velvet,im_shaddy_777,'1494236355063054376',im_shaddy_777 (1494236355063054376) | anmolrana777 (1540243292342722591) | rithwikreddiii (1498962894262374462) | lightingod_09 (1124986482529140807),4,https://discord.com/channels/1538500688038994040/1543556316377645067/1546767516238487562
354,Team Nx Esport,goddmop,'1307955630849654836',rntx16_14591 (1530181936549593160) | yadavji0388 (1539139712856367107) | goddmop (1307955630849654836) | chahat_8264_13645 (1544990826646601832),4,https://discord.com/channels/1538500688038994040/1543556316377645067/1546767630822678611
355,Build Different,aatanki_111,'1545960402200961095',himanshu231019 (1447963341149569139) | dharmender0994 (1459000354174664804) | tagkaushik (1545980884799455246) | aatanki_111 (1545960402200961095),4,https://discord.com/channels/1538500688038994040/1543556316377645067/1546767736317804565
356,Team Zeninxesport,zen0kaiserigl,'1417698190919991387',delta_playz (1182619156718305290) | zen0kaiserigl (1417698190919991387) | sahil036496 (1475363030744305755) | zenxichigo. (1525889255967031446),4,https://discord.com/channels/1538500688038994040/1543556316377645067/1546767789073633320
357,Team Frostbite,ig_jhony_playzzz_25140,'1389084393129250988',pegasusdc. (1396812845550665828) | ig_jhony_playzzz_25140 (1389084393129250988) | thor_ali07 (1143615190517162136) | 1game3 (1444202091030511678),4,https://discord.com/channels/1538500688038994040/1543556316377645067/1546769129288241152
358,Team Death Like Esports,flashxhargun_39480,'1497486661758746714',flashxhargun_39480 (1497486661758746714) | panicmaker69 (1533907293895135252) | aryanshivam. (1509952452856643634) | dtxshadowx7 (1514156761186041927),4,https://discord.com/channels/1538500688038994040/1543556316377645067/1546769746077294593
359,Team 4 Eagle Esports,khansaif0033,'1542852225481834648',khansaif0033 (1542852225481834648) | heartless0904 (1546448242726674502) | khanhunen (1542952653498351669) | atik786__70207 (1546076580005281822),4,https://discord.com/channels/1538500688038994040/1543556316377645067/1546770112030318603
360,Team Legacy,goluuu0587,'1530233656797561059',itsjeet0315 (1364586463508824247) | goluuu0587 (1530233656797561059) | bablubadmosh0193 (1530565903282999326) | anujj0427_87626 (1530571254908715038),4,https://discord.com/channels/1538500688038994040/1543556316377645067/1546771007505829919
361,Team Spirits,jerkerplays.,'1416815865009274911',itsyouralpha0703_84405 (1505087888679895112) | tracy9711 (748214359100227641) | lmexstrixop_63609 (1417791305320370226) | jerkerplays. (1416815865009274911),4,https://discord.com/channels/1538500688038994040/1543556316377645067/1546771540400406618
362,Team Noob,tkavadhesh,'1546412403615465496',tkavadhesh (1546412403615465496) | rohit__82114296 (887325542997708842) | avadhesh9955 (1283770339288940636) | deepakumar123 (1211857038037098516),4,https://discord.com/channels/1538500688038994040/1543556316377645067/1546772880010772500
363,Team Script Users Esports,demongaming0954,'1471416091036094655',hellgodislive (738661207300374640) | rudraksh_64 (1405864015699247208) | sylus01551 (1520082667473735912) | demongaming0954 (1471416091036094655),4,https://discord.com/channels/1538500688038994040/1543556316377645067/1546773855216083036
364,Team Kaimur,rohit__82114296,'887325542997708842',tkavadhesh (1546412403615465496) | rohit__82114296 (887325542997708842) | avadhesh9955 (1283770339288940636) | deepakumar123 (1211857038037098516),4,https://discord.com/channels/1538500688038994040/1543556316377645067/1546775407502827621
365,Team Rise To Honour,_flash_op_01,'1505197962563682475',choudharyy16x2 (1430891336298659947) | coffin16._29863 (1539128628309262396) | _flash_op_01 (1505197962563682475) | tejas9968 (1056831865736151071),4,https://discord.com/channels/1538500688038994040/1543556316377645067/1546775911456575529
366,Team Aurora Esports,godlxdeep,'948486509772804116',notsvm. (1391815580146729042) | its_me_aka_ak (675605815763271690) | godlxdeep (948486509772804116) | 4k_tushar30 (849504585689202708),4,https://discord.com/channels/1538500688038994040/1543556316377645067/1546777847870390372
367,Team 1Nonly,anishkhan0851_72730,'1411720174943600741',harsh060925 (1539887056862584892) | anishkhan0851_72730 (1411720174943600741) | 1nolyxpanda (1542778766315487262) | ytxkshitij (1539644575231254607),4,https://discord.com/channels/1538500688038994040/1543556316377645067/1546778698353606696
368,La Espada Esports,srujan_kajagar.,'965255482304520253',brnxsahil_65908 (1399960110909882448) | ayush_halkati (1450165086021877913) | forkils_98976 (1465753750294757419) | srujan_kajagar. (965255482304520253),4,https://discord.com/channels/1538500688038994040/1543556316377645067/1546782528096968774
369,UNFAVOURED ESPORTS,blackpandavijay.,'1219539606517710868',rntxgoat (1472203333292003544) | incredible_kitten_25639 (1511320867303456818) | blackpandavijay. (1219539606517710868) | yashu654_84142 (1393597718345154711),4,https://discord.com/channels/1538500688038994040/1543556316377645067/1546785183095717888
370,TLRxEsport,fsndevil,'1000469275364040824',fsndevil (1000469275364040824) | yash1316 (1147920860737454193) | rohitgurjar69 (1421387654607671379) | deepak041130 (1403989483711631361),4,https://discord.com/channels/1538500688038994040/1543556316377645067/1546785458933997638
371,Team Megaxxxcity,supervillan7709,'1195827883831214170',supervillan7709 (1195827883831214170) | sv0384 (1479896817327145084) | starsarthak._23876 (1429840327480574093) | megacobyy (1278339191016788036),4,https://discord.com/channels/1538500688038994040/1543556316377645067/1546785642367811624
372,Team Starnox Esports,rupa__7,'1279792033023787151',dough2801 (1128937087731761194) | eshakgamang (1456615730421436613) | moindon (1467787012806541454) | rupa__7 (1279792033023787151),4,https://discord.com/channels/1538500688038994040/1543556316377645067/1546785651007946804
373,Team Ocean Pirates,_homelander_69,'1504547792993910877',anuj.5 (1535338926796185641) | rishikesh01608 (1081842199098040370) | jsoni_8803 (1053310368367267940) | _homelander_69 (1504547792993910877),4,https://discord.com/channels/1538500688038994040/1543556316377645067/1546785719354261534
374,Team Ghost Division Esport,igsameer16,'1324747705897193656',igsameer16 (1324747705897193656) | rohan063955 (1401784873395556533) | lu11y_123. (1495683429881348230) | tushar059913 (1511972153543622686),4,https://discord.com/channels/1538500688038994040/1543556316377645067/1546786329071980556
375,Team 4Tl Esports,mahfooz7,'1539879366991945779',sandeep058166 (1315641689133547601) | mahfooz7 (1539879366991945779) | frozen03718 (1540666793645969428) | nadeemakhtar0026 (1540659900168798238),4,https://discord.com/channels/1538500688038994040/1543556316377645067/1546787162467344505
376,Team Obsidian Empire,priyanshu_00,'941911573499371560',priyanshu_00 (941911573499371560) | sojatanmy (881877417969463306) | adarsh034046 (1452528032584695848) | gdxvishan (1264803687994228767),4,https://discord.com/channels/1538500688038994040/1543556316377645067/1546789343916466286
377,TAG-FINISHERS,dragon_killer_yt,'1114475190076846141',sushwet4760 (757848339227344986) | shaurya04989 (1540653479561789460) | alokyadav0143_82663 (1507977992108900445) | dragon_killer_yt (1114475190076846141),4,https://discord.com/channels/1538500688038994040/1543556316377645067/1546790245360734259
378,Team 45T Esport,_venoxx__,'854956781045678121',marcos_6000_04805 (1543147197695135784) | _venoxx__ (854956781045678121) | ankurdas0321 (1543223743533424718) | neyoo0901 (1303391356202516481),4,https://discord.com/channels/1538500688038994040/1543556316377645067/1546791250345328651
379,Team Skull Esports,aashh40,'1468841646173978625',arush15_16 (1539598157673922656) | aashh40 (1468841646173978625) | marathaxraj (1508788298544582769) | saii00574 (1539576988568653826),4,https://discord.com/channels/1538500688038994040/1543556316377645067/1546792051398549525
380,Team Synergy Esports,wipesport,'1535614445785456650',nav02230 (1541418449669066864) | neyoo0901 (1303391356202516481) | wipesport (1535614445785456650) | navo0352 (1542058988160557141),4,https://discord.com/channels/1538500688038994040/1543556316377645067/1546793645099716689
381,Team Core Esports,vikaskochar1332,'402362332132671489',akkumore (1545808378423546136) | vikaskochar1332 (402362332132671489) | sidhuwtf7794 (882190906659311666) | aashh40 (1468841646173978625),4,https://discord.com/channels/1538500688038994040/1543556316377645067/1546795008081006642
382,Team Amans Gaming,sayyad__aman33,'1514335439312654488',sayyad__aman33 (1514335439312654488) | vikaskochar1332 (402362332132671489) | wipesport (1535614445785456650) | akkumore (1545808378423546136),4,https://discord.com/channels/1538500688038994040/1543556316377645067/1546795191468564540
383,Team Humble Fleet,sunrakuxzeon,'1468606875749843140',None (1277495638598090843) | sunrakuxzeon (1468606875749843140) | 5101580488 (1290341652652884020) | sundramkushwaha235 (806779139855089695),3,https://discord.com/channels/1538500688038994040/1543556316377645067/1546795393008926721
384,Team Reborn Gaming,ronak033590,'1447503932103594014',trgxxenshi_17531 (1506600038141399162) | reddot0694 (1516566293094994164) | prathamesh006 (1521420842876272701) | ronak033590 (1447503932103594014),4,https://discord.com/channels/1538500688038994040/1543556316377645067/1546796643288883241
385,Team Draconic Claws,lynxvirk3812,'997437675739029584',lynxvirk3812 (997437675739029584) | lynxgaming001 (1262972340212600925) | shreyash019117 (1515593648434319453) | shivam_danav1117 (950976256235696158),4,https://discord.com/channels/1538500688038994040/1543556316377645067/1546796874160152597
386,Team Realpoweresports,kishan023052,'1218967314553245776',kishan023052 (1218967314553245776) | arhan01568 (1474939443226869833) | amankhna. (997774524919590972) | nitinupadhyay0628 (1387817967538147478),4,https://discord.com/channels/1538500688038994040/1543556316377645067/1546802405302079549
387,Team RTE eSports,forever_v4runn,'1539918405094866987',None (1386310397065166848) | adarshyadav0588 (1545275173001760889) | forever_v4runn (1539918405094866987) | basarkar. (1112688616251080765),3,https://discord.com/channels/1538500688038994040/1543556316377645067/1546804377879056394
388,Team Goplu Gang,akkumore,'1545808378423546136',akkumore (1545808378423546136) | harshad_0110 (1545835729693835434) | sagarvaval (1545733453817839772) | arbazchoudhary0897_55235 (1545840899659931758),4,https://discord.com/channels/1538500688038994040/1543556316377645067/1546804491028791308
389,Team Zenith Gaming,evolxomega.,'1433265941868974170',mi_k_ey (1014454820381413376) | evolxomega. (1433265941868974170) | mohdhasan0508 (1545727585189756970) | shiv03112009 (1526457291627302942),4,https://discord.com/channels/1538500688038994040/1543556316377645067/1546805208447844372
390,Team Sovereign esports,baghadynamo8733,'744525091496525835',dex_14_ (1546807730021339217) | baghadynamo8733 (744525091496525835) | _.itsf4keme._ (971076311948869662) | _ayushh69_79169 (1521733147706785863),4,https://discord.com/channels/1538500688038994040/1543556316377645067/1546812622849187900
391,Team Justwin Esports,jwxgod21,'1454140905828257975',shoaibakhtar2005 (1369270465750761585) | jw.king16 (1475926214941212852) | axelvsall (1428550606355697757) | jwxgod21 (1454140905828257975),4,https://discord.com/channels/1538500688038994040/1543556316377645067/1546812790608764968
393,Team IGNITE ESPORTS,devv_mv,'1082208442967674930',deex_12 (1454910634151116953) | devv_mv (1082208442967674930) | jokar0798 (1546820494421008468) | amanda099795 (1546817775060783180),4,https://discord.com/channels/1538500688038994040/1543556316377645067/1546823772705783889
394,Team Vamps Esports,fazil9917,'1116623143440748575',pratham1609 (1018820549406904362) | christy6354 (520961538400583690) | jash22406 (1242869143200464926) | fazil9917 (1116623143440748575),4,https://discord.com/channels/1538500688038994040/1543556316377645067/1546824522022522930
395,Team Genymotion,himanshu065353,'1472231729812213760',himanshu065353 (1472231729812213760) | surya_54 (1546820260131246093) | hitman051840 (1488961393024696460) | me2_95 (1546475852911484949),4,https://discord.com/channels/1538500688038994040/1543556316377645067/1546831328832389140
396,Team Spartan 7 Esports,vaibhav_8111,'1383794884846293014',letmecook_02 (1382011259750191174) | stxmikey7 (878542727942373396) | vaibhav_8111 (1383794884846293014) | medhaviss. (1494547556917579807),4,https://discord.com/channels/1538500688038994040/1543556316377645067/1546834087292043314
397,Team Btrxesports,_____farman_02,'1457700440283021574',mohit013637 (1329569433881940088) | neevteekteek (1527745012228427846) | itsgamer0612 (1216305661193748571) | _____farman_02 (1457700440283021574),4,https://discord.com/channels/1538500688038994040/1543556316377645067/1546834151187943464
398,Team Toxic Zone Squad,tzscaunny,'1541391275436015620',unick0568_93871 (1542930006752104570) | tzscaunny (1541391275436015620) | togrohan (1544712392695619606) | tzsxsameer_76027 (1546787542655832156),4,https://discord.com/channels/1538500688038994040/1543556316377645067/1546836012188172459
399,Team Maniac Esports,zlakovic,'704928617238364230',karan004560 (1441503180419764345) | ayush_6276279 (1431911325398863962) | zlakovic (704928617238364230) | adi1907. (1033013489201066015),4,https://discord.com/channels/1538500688038994040/1543556316377645067/1546837314960101457
400,Team Dme Esports,trenchislive,'1470823810339967222',pitaaajiiiiiii (920630294539817000) | vinayak002508 (1426156118362816552) | btw.karannnn (1542170778030579765) | trenchislive (1470823810339967222),4,https://discord.com/channels/1538500688038994040/1543556316377645067/1546837539137126401
401,Team Xtremo Esports,None,'1222217406001188936',None (1222217406001188936) | sohan06208 (1240573751171616768) | billagamer0394 (1538745224451465298) | shubh067642 (1496168206430113804),3,https://discord.com/channels/1538500688038994040/1543556316377645067/1546837671438057534
403,Team 4Bots Esports,ekam04105,'1504897685600211134',anshu._01. (1503313518433275944) | pradeepkiran (1305524639770087588) | namangawli (1446855164177678488) | ekam04105 (1504897685600211134),4,https://discord.com/channels/1538500688038994040/1543556316377645067/1546840156777226300
404,Team Resurrection,lavirajput8549,'747251949648347237',nomoresid_ (627061770355474432) | ayushbeleshkar (1539647904149545062) | lavirajput8549 (747251949648347237) | ig.kunwarr (1349805549536936086),4,https://discord.com/channels/1538500688038994040/1543556316377645067/1546840907033083977
405,Team Ultratrex,utrex_esports,'1544613265580228649',utrex_esports (1544613265580228649) | devilop03818 (897942884341403698) | sh_aizzen_07 (1269126461625864282) | ____.vyom.___ (1190591662515310663),4,https://discord.com/channels/1538500688038994040/1543556316377645067/1546842136471670814
406,Team Titan Gaming,mohitgarg08706,'1309576259491336276',jackthangjam (1546748525184950354) | lagg_dout01 (1536671192780505099) | mohitgarg08706 (1309576259491336276) | supergamer550917029771518 (1537135810535628850),4,https://discord.com/channels/1538500688038994040/1543556316377645067/1546842428948873227
409,Team 4Hxhunters,4hxhunters_98677,'1528643446208856125',zoroimx (1528643827936661554) | 4hxhunters_98677 (1528643446208856125) | huntergamingyt0914_18649 (1543618348548366420) | raghuraghu__78615 (1535192666302713946) | 7019046588 (1534981115620753629),5,https://discord.com/channels/1538500688038994040/1543556316377645067/1546844576835174420
410,Team Devgaming,lezzandgaming,'1543501589606563912',lezzandgaming (1543501589606563912) | vikashkuma7247 (1543876602570743912) | mr_sid_18 (1542291475843383324) | rajukumar0604 (899576494681104404),4,https://discord.com/channels/1538500688038994040/1543556316377645067/1546849322640089149
411,Team Alter Flux,xenon.fps,'1291683020494864460',joy075917 (1533414033766748193) | pol022389 (1514610257886707714) | xenon.fps (1291683020494864460) | jackopz_gaming09 (1512075490507358327),4,https://discord.com/channels/1538500688038994040/1543556316377645067/1546849806326960148
412,Team Rampage Esp,kaleshgurav,'863284094536515605',tanveer2801 (901132386790674472) | kaustubh0815 (1368109567590010880) | hydragamerrt (704953460352745522) | kaleshgurav (863284094536515605),4,https://discord.com/channels/1538500688038994040/1543556316377645067/1546850041438675034
413,Team Avengers,mann021192,'1546018910678163539',mann021192 (1546018910678163539) | prince06175 (1546032243401695244) | paras11111._18162 (1546034822483546222) | dhiman0370 (1320700893796237383),4,https://discord.com/channels/1538500688038994040/1543556316377645067/1546850337409998939
414,Team Rising Suns,trsxmanagement,'1398629191137628181',darkplayzzz911 (1039507015262806096) | sanddyjod (1386718898665291777) | shivant0863 (1379156786744918171) | trsxmanagement (1398629191137628181),4,https://discord.com/channels/1538500688038994040/1543556316377645067/1546852304420868116
415,vikashkuma7247's team,vikashkuma7247,'1543876602570743912',lezzandgaming (1543501589606563912) | vikashkuma7247 (1543876602570743912) | mr_sid_18 (1542291475843383324) | rajukumar0604 (899576494681104404),4,https://discord.com/channels/1538500688038994040/1543556316377645067/1546856511429541909
416,Team Tralpha,suraj02064,'612225531378925578',suraj02064 (612225531378925578) | vaibhav021521 (1517528036277489763) | karan013591 (1525506993346052180) | raja056961 (1525568232017100882),4,https://discord.com/channels/1538500688038994040/1543556316377645067/1546857485166575637
417,Team Aura Gaming,ajityt0407,'1543985262609174652',mukeshytislive_06366 (1546853917122502696) | robotyt0379_42446 (1546856176841662489) | ajityt0407 (1543985262609174652) | ganpatyt_98354 (1546857930144485495),4,https://discord.com/channels/1538500688038994040/1543556316377645067/1546858584707563592
418,Team Exvora Esports,berlin1762,'855743236914937858',berlin1762 (855743236914937858) | joddparadox (1455898983439274195) | goddplayzzz (930692887149150228) | ._sharad_bg (860910858481041438),4,https://discord.com/channels/1538500688038994040/1543556316377645067/1546858652617408543
419,Team Sen Eleven,renso0388_75568,'1452902304532529213',jagdish0218 (1546854020931395667) | abhishek065942 (1546854336808620123) | renso0388_75568 (1452902304532529213) | sheisnotmine. (1014481950540570734),4,https://discord.com/channels/1538500688038994040/1543556316377645067/1546859442904109066
421,Team Dharti Home,tushitpatel25,'1482023835363708968',tushitpatel25 (1482023835363708968) | shlok03__ (1546781318803890186) | fizen007 (1523944753903829013) | takshil0957 (870547103057850408),4,https://discord.com/channels/1538500688038994040/1543556316377645067/1546863230905880688
422,Team Titan Esports,prafull0158,'1398734767351926865',prafull0158 (1398734767351926865) | deba0304 (1347613349101310004) | binitkumar2274 (549648895152619540) | agentsrick5556 (852950555160608799),4,https://discord.com/channels/1538500688038994040/1543556316377645067/1546864366291255438
423,Team Empero Esport,furry_playzz,'1545773204654522482',furry_playzz (1545773204654522482) | _kazuhaa__7921 (1025638544066236426) | nice093478 (1546693153845682276) | jackthangjam (1546748525184950354),4,https://discord.com/channels/1538500688038994040/1543556316377645067/1546864945537220708
424,Team Karma,karma_ankesh18,'1233624636839694358',neel0018_ (1292533884373831681) | karmaxbhavin (848834552713445386) | hiren0357_51897 (1467807161529667685) | karma_ankesh18 (1233624636839694358),4,https://discord.com/channels/1538500688038994040/1543556316377645067/1546867745633738823
425,FLEX ESPORTS,khapuireang.,'1510171597338841148',bishal1258 (789494019691773962) | lwicpkahhahh (1513216517058072659) | khapuireang. (1510171597338841148) | ayush07878 (1173796768887083060),4,https://discord.com/channels/1538500688038994040/1543556316377645067/1546869786997293107
426,Team Overpowered,rony8905.,'1534586864139374822',harshitsharma6367 (1508997727030218832) | harrix0069_21541 (1540643445121753169) | kunwara__7773 (1518884772540186717) | rony8905. (1534586864139374822),4,https://discord.com/channels/1538500688038994040/1543556316377645067/1546870477207765032
427,Team X7 Esports,spideysexi09,'1450177844490801183',laddi0558 (1524754494242553968) | harshit003736 (1485156569615433729) | cmn.jaggi011 (1446669711814168686) | spideysexi09 (1450177844490801183),4,https://discord.com/channels/1538500688038994040/1543556316377645067/1546873435639128094
428,Team Godfather,levix4u,'789519592010547201',levix4u (789519592010547201) | kellyz2wavy_24562 (1395786202325712986) | t4iqoo (1469003516495527946) | wangeltamang0784_96129 (1478331906448691241),4,https://discord.com/channels/1538500688038994040/1543556316377645067/1546873498146709504
429,Sher Esports,happy099955,'1285934361148915712',happy099955 (1285934361148915712) | shikari1880 (848248519634059305) | baby098zj (1524127555534323884) | kumardinesh5861 (784681406256513025),4,https://discord.com/channels/1538500688038994040/1543556316377645067/1546875471948685443
430,Team X Gangsters,txgtoji,'1394680786749362217',happy099955 (1285934361148915712) | toji46_ (1490293846482096209) | blazeftw__0 (1153130716398358590) | txgtoji (1394680786749362217),4,https://discord.com/channels/1538500688038994040/1543556316377645067/1546876615001243720
431,Team Elite Falcons,arnav18._,'1364169880995106847',daddy_x_demon (758329503926845521) | atomixx.69 (1331340663148773489) | frosttttt_811_24673 (1434960875357474957) | arnav18._ (1364169880995106847),4,https://discord.com/channels/1538500688038994040/1543556316377645067/1546877237624840223
432,Team Royal Wolves,faith_0409,'1545733166382325792',faith_0409 (1545733166382325792) | king99905658 (1441676854095384586) | vishal_18_j_23616 (1546799976649326715) | sachin047210 (1542858378538127404),4,https://discord.com/channels/1538500688038994040/1543556316377645067/1546878043555893338
433,Team Vein,devansh02270,'1468265992638693513',pushalone (1494233913772740608) | devansh02270 (1468265992638693513) | shivam061632 (1483482049485738101) | narayan0972 (1535172015009431622),4,https://discord.com/channels/1538500688038994040/1543556316377645067/1546879944880296076
434,Team Qahhar Esports,fighter0276,'1450907917216645131',shahid082934 (1488179387328368840) | joykundu0027 (1392752975495299163) | fighter0276 (1450907917216645131) | akash028496 (1392749958486036532),4,https://discord.com/channels/1538500688038994040/1543556316377645067/1546880450864087101
435,Team Gujarat,sachin9479,'735916466003771492',igkaushik._37315 (1449281247128981620) | atish0765 (1523181313006239784) | sachin9479 (735916466003771492) | rahul0071370 (876901441418178572),4,https://discord.com/channels/1538500688038994040/1543556316377645067/1546882837641170964
436,Team Eminent,swapnil05483,'1228530764464001135',dhruvop4451 (875215841371758602) | rudra026519 (1539287321952657411) | not_suhaan69 (1259481815736123452) | swapnil05483 (1228530764464001135),4,https://discord.com/channels/1538500688038994040/1543556316377645067/1546883756424564737
437,Team Dreamy Dynasty,ig_wow_eagle,'1290289972904984598',zixazod (1511043306522415274) | cotton.0216_82107 (1377645353351909531) | manojbhati0682 (1529120760533094404) | ig_wow_eagle (1290289972904984598),4,https://discord.com/channels/1538500688038994040/1543556316377645067/1546883970237468672
438,Team Haryana Warriors,aman048027,'1529491506262573096',aman048027 (1529491506262573096) | aditya_.5 (901885331148787733) | ramneet786 (1536029831756783677) | teamforhydra. (1179449241081495685),4,https://discord.com/channels/1538500688038994040/1543556316377645067/1546887328977387590
441,Not Suspicious,samratdey0910_20430,'1439273187971174410',samratdey0910_20430 (1439273187971174410) | vulture0659 (1479517758742986875) | anuj027006 (953270987045105674) | nihar1230781 (1464498397364097350),4,https://discord.com/channels/1538500688038994040/1543556316377645067/1546889939323457597
442,VICIOUS ESPORTS,mikey_0_69,'1488984806627999874',mikey_0_69 (1488984806627999874) | nxa_lazerr (1109039796128583700) | priyanshu.singh_07_05561 (1489258943334060046) | shanirajpoot0938 (1422229522778030271),4,https://discord.com/channels/1538500688038994040/1543556316377645067/1546891484228358334
443,Team Salvatore Esports,nmxinfintive,'1373235339904417873',nmxinfintive (1373235339904417873) | nooneesports_22257 (1498196170848337971) | ig_clutchgod123 (1448255076253831230) | noxdhruv4 (1437709070977994783),4,https://discord.com/channels/1538500688038994040/1543556316377645067/1546892234539008001
444,Team Aurazus,toji026541,'1414136279444226150',syedzunnur (1414119505311043697) | toji026541 (1414136279444226150) | syed89799 (1369932814417661996) | None (1546894092649365636),3,https://discord.com/channels/1538500688038994040/1543556316377645067/1546897581794140191
445,Jms Esports,columbusyt,'1077302182514282496',columbusyt (1077302182514282496) | drizzle0209 (587271136635650049) | teamftxaryanop (988099882348867635) | serketgaming (1021339106082566164),4,https://discord.com/channels/1538500688038994040/1543556316377645067/1546900245043085355
447,Team Echelon Esports,rahul68411,'1389809214179905577',rajeshwar0573_98180 (1259787724567609361) | harsh021355 (1546539172855291907) | gagan_sandhu__28830 (1473886835406274582) | rahul68411 (1389809214179905577),4,https://discord.com/channels/1538500688038994040/1543556316377645067/1546901092313333791
448,Team Thunder,shaizen37,'1270757915908898847',anas9707 (1545484166655647755) | shaize3n_52707 (1472243229696069692) | sannan0803_71307 (1546902996753846343) | shaizen37 (1270757915908898847),4,https://discord.com/channels/1538500688038994040/1543556316377645067/1546903914933256284
449,Team Anzu,akshay._.16,'1361373061663953046',sanket696969 (1518983853094604878) | None (1227515224828018718) | akshay._.16 (1361373061663953046) | thunderedge007 (1349390041016963102),3,https://discord.com/channels/1538500688038994040/1543556316377645067/1546907768555053208
450,Zerofang Esports,esportskheltahu77,'1542593447108542477',naitik04523 (1242158741374369896) | sanketwagh0540_93997 (1546899641419698217) | sarthak04863 (1434128892171653130) | esportskheltahu77 (1542593447108542477),4,https://discord.com/channels/1538500688038994040/1543556316377645067/1546907942958145648
451,Team Ryzora Espots,rahul_3102,'1286618257939365960',rahul_3102 (1286618257939365960) | None (1404843571248500736) | sarthak050534 (1306552253208985661) | smartyomawasthi (1278747132580597821),3,https://discord.com/channels/1538500688038994040/1543556316377645067/1546908340703985754
452,Team Glad2Kill Esports,gladxthorfin,'1506942042436145355',g2kgodwin (1279321605465575546) | gladxthorfin (1506942042436145355) | odxzelenskyy.014 (1381254103136469084) | tushar00734 (1221757239203860510),4,https://discord.com/channels/1538500688038994040/1543556316377645067/1546909426408235119
453,Team Suicide Squad,rohit014840,'1541683708338118722',halixaditya (1545749612294574166) | rohit014840 (1541683708338118722) | epstinefile_member (1459263390256992532) | luminous.bhavii_68421 (1545771370942701622),4,https://discord.com/channels/1538500688038994040/1543556316377645067/1546913794553421916
454,Team Sea Legacy Esports,mrdark0783,'1475752754470457366',anshu25042004 (1521907778661257369) | 28secondss (1476196951769743492) | freak_6912 (906895560798265364) | mrdark0783 (1475752754470457366),4,https://discord.com/channels/1538500688038994040/1543556316377645067/1546916872258199665
455,Team Etc Esports,_azurex_4,'1541440525960355963',_azurex_4 (1541440525960355963) | kahlon0828 (1541671031993794580) | panditxgamer0146 (848830546997149708) | navneetchawla12_75117 (1382080533642870887),4,https://discord.com/channels/1538500688038994040/1543556316377645067/1546919203406352445
456,4 Bulls Esports,sumit007853,'1440390742253109421',sojilgujjar (1546197413855891496) | dinesh048489 (1546192029053227241) | sumit007853 (1440390742253109421) | sanyam2379_66527 (1147777301619163158),4,https://discord.com/channels/1538500688038994040/1543556316377645067/1546924435523637249
457,Team Nexos One,flankerr69,'1487017476238737409',abhinav9151 (802907569278418955) | flankerr69 (1487017476238737409) | monilagarwal. (1480204487774834899) | ig_nobita209 (926845931188547585),4,https://discord.com/channels/1538500688038994040/1543556316377645067/1546929300463161344
458,Team Notrage,ig_noxen,'1504439741414641794',rehanmew95 (1509449772925321216) | ig_noxen (1504439741414641794) | rehankhan03166 (1538535272483127397) | _n.s.k.7_ (1372194427216466042),4,https://discord.com/channels/1538500688038994040/1543556316377645067/1546930143707271248
459,Team 4Noobs,sohammarade,'1401465612277911586',sohammarade (1401465612277911586) | ayushhh_0066 (1221358671733329931) | omkar_2009 (1546920607613059108) | None (1546925968885682266),3,https://discord.com/channels/1538500688038994040/1543556316377645067/1546930731815542914
460,Team God Experts,wmax0226_78240,'1392003168556154893',suhanshan_ (1485984124836778205) | itdman_ (1530093127937953913) | ig_noxen (1504439741414641794) | wmax0226_78240 (1392003168556154893),4,https://discord.com/channels/1538500688038994040/1543556316377645067/1546931353377972325
461,TEAM ADMINO,kakatio__2007,'1414123537178038282',shyam6397 (759661191282163752) | ramdubey_ (863068615048429569) | kakatio__2007 (1414123537178038282) | aarav087117 (1449028162754187468),4,https://discord.com/channels/1538500688038994040/1543556316377645067/1546934780183052388
462,Team Rampage Esport,fnightxhacker,'1325019361659850823',cdaztgarnavc (768298445508837409) | fraggerjr17 (1514138349110300802) | abhaygole (1216724526344441949) | fnightxhacker (1325019361659850823),4,https://discord.com/channels/1538500688038994040/1543556316377645067/1546936247178756197
463,Team Undeads,undgaurdian,'623556749588168708',goblin_04x_87493 (1500807139017494549) | pratham043733 (1344738505149906957) | undgaurdian (623556749588168708) | piyush__190108 (1536372826813108325),4,https://discord.com/channels/1538500688038994040/1543556316377645067/1546936746028175401
464,Team Virtual Aries,crouch.07,'1221318809714167838',vedu3294 (745494699858591906) | vortx721_96684 (1219278196587888750) | crouch.07 (1221318809714167838) | mmikey0962 (1438090419203473583),4,https://discord.com/channels/1538500688038994040/1543556316377645067/1546937052283805846
465,Team Deadly Crusher,sumit020088,'1532823442842194123',avonn0462 (1546937509454418072) | bhavya06721 (1483852342146367650) | sumit020088 (1532823442842194123) | ig.blaze_24_29587 (1541137347045892158),4,https://discord.com/channels/1538500688038994040/1543556316377645067/1546938740843479130
466,Team Dark Horizon Esports,sxpheonixx,'865184674401091584',sxpheonixx (865184674401091584) | harsh006859 (1540607196486828194) | None (1388782313059385427) | vishuupadvi (1546907299715485708),3,https://discord.com/channels/1538500688038994040/1543556316377645067/1546946714194153564
467,Team Lutera Esport,rajatverma0801,'1393938965035225107',rahul68411 (1389809214179905577) | xyz096998 (1542055390110289930) | rajatverma0801 (1393938965035225107) | mukesh042632 (1401870440082964493),4,https://discord.com/channels/1538500688038994040/1543556316377645067/1546947499376517130
468,Team Thane,starplayzzz,'1233462313378513018',starplayzzz (1233462313378513018) | 6153086_09_50283 (1397286547379982427) | deadlox0028_71104 (1324700103776272485) | rohanhoque477 (1245048303691759647),4,https://discord.com/channels/1538500688038994040/1543556316377645067/1546955990786642073
469,Team R4Nd0M,ag_haseeb,'1223484044856266794',lokesh6734 (982558753062805544) | ag_haseeb (1223484044856266794) | bsbashislive (1246091242434072636) | nadeem0.9_26197 (1531664482970108037),4,https://discord.com/channels/1538500688038994040/1543556316377645067/1546956062157049936
470,Team Apex Warrior Esports,captivating_gull_63929,'1483513547551146089',captivating_gull_63929 (1483513547551146089) | ankit023801 (1373478210972553226) | shubh067642 (1496168206430113804) | lucky_number1 (1496908420291498166),4,https://discord.com/channels/1538500688038994040/1543556316377645067/1546958534057402459
471,Empire Esports,keshriiii.,'1546954455931424880',piyushkumar4976 (597366934090153984) | arthur_v6 (1294919000609787914) | saurabh.kris (1061525135632379915) | happyhalloween8287 (849120275986513980),4,https://discord.com/channels/1538500688038994040/1543556316377645067/1546959188759023626
472,Team Nox,noxnoob.,'998906508169465856',noxnoob. (998906508169465856) | monster02130 (912971401424670760) | harshyt0707_45202 (1506324044587335891) | arnav56u (1328352698445336628),4,https://discord.com/channels/1538500688038994040/1543556316377645067/1546963253379473438
473,Team Panic,tanay06500,'732859731823034388',yash041072 (1229997930635857952) | tanay06500 (732859731823034388) | ketanlone012 (1008394589159292948) | yashx03x (641312396941459503),4,https://discord.com/channels/1538500688038994040/1543556316377645067/1546968161562271824
474,Team Eternal Rise,hitennn._.147,'1393613614895861791',rajexe.10 (1435869565425811489) | btltagodfather_1822 (1194662420631781556) | dedsecaakash4297 (848814989439139871) | hitennn._.147 (1393613614895861791),4,https://discord.com/channels/1538500688038994040/1543556316377645067/1546969150839193672
475,The Level Above,arslann4,'760835522641395732',zdm8817 (960593756904640553) | arslann4 (760835522641395732) | arslan4000_39152 (1546973230655340557) | zaid0000400 (1546973664845631613),4,https://discord.com/channels/1538500688038994040/1543556316377645067/1546974143675633796
476,Team Echo Esports,devsingh08400,'1516672213967831074',gamerjahiryt (1207969711971635280) | luffy3592 (813433959979024384) | devsingh08400 (1516672213967831074) | liy0808 (1540990728103002185),4,https://discord.com/channels/1538500688038994040/1543556316377645067/1546974844464402644
477,Team 4 Wizardz,abhay04755,'852773452729548819',abhay04755 (852773452729548819) | rony029955 (1516105086982688829) | rahul037404 (1545464748865360078) | dhruv_15. (764711539709837334),4,https://discord.com/channels/1538500688038994040/1543556316377645067/1546975871984734228
478,Team Gravity Esports,piyushmahadik0411,'1523412966739939490',artyloz (1134416728902860940) | piyushmahadik0411 (1523412966739939490) | rajveer___ (647452227497099276) | vrrnitt_19 (1541531114265378836),4,https://discord.com/channels/1538500688038994040/1543556316377645067/1546982015138660473
479,Team Overthrone,spyker55661,'1516065346472251606',jayraya. (1371017837933629562) | rajesh088311 (1518588599229091972) | spyker55661 (1516065346472251606) | divyeshodedra3795 (507851645019750414),4,https://discord.com/channels/1538500688038994040/1543556316377645067/1547002022484770886
480,Team Rudra Vortex,jitendrakhade07,'1508448065382649984',jitendrakhade07 (1508448065382649984) | uzairraza0868_65634 (1510286648393334977) | igkishan13 (1412455623437844561) | gamer9899_51609 (1171045486606680105),4,https://discord.com/channels/1538500688038994040/1543556316377645067/1547057417018146906
481,Team Waybig,valak.in_09457,'1498010184855851170',vicky090629 (1543165755414028360) | ajay_.saini (1266618905884098622) | valak.in_09457 (1498010184855851170) | ronak033590 (1447503932103594014),4,https://discord.com/channels/1538500688038994040/1543556316377645067/1547075137403359292
482,Team Gladiators,unfocus0885,'1085912822032113696',unfocus0885 (1085912822032113696) | himanshi_2007_38964 (1400052913782390795) | santosh09893 (1345273973604220971) | tgxeren (1506188502646128750),4,https://discord.com/channels/1538500688038994040/1543556316377645067/1547075677944025149
483,Team Totmenta,vexen.cpu,'1541945167118860429',im_shaddy_777 (1494236355063054376) | tiffany_bell3061 (1521945104217280652) | sameer093311 (1489625954484617277) | the.panther.xd (1525484718412267662),4,https://discord.com/channels/1538500688038994040/1543556316377645067/1547079596019687425
484,Ironclaw Esports,icxsuraj,'1471744965603491872',icxsuraj (1471744965603491872) | taufiquealam0820 (1447408250331856977) | powerful_khalsa_25811 (1220975956215332948) | srubhav._15220 (1278029089243926548),4,https://discord.com/channels/1538500688038994040/1543556316377645067/1547081245119479938
485,Team Secret,gtx_godhandd,'1256506741651148870',gentleguru78 (1191367682780561440) | tsxstarmax_06165 (1478792562725884075) | asibur6579 (893192825418678332) | gtx_godhandd (1256506741651148870),4,https://discord.com/channels/1538500688038994040/1543556316377645067/1547082361383166013
486,Fearless Esports,aadesh_kalal17,'1241980221872148605',prathxmmm_02 (1349329813248413698) | rohiit07 (1387738143863603261) | aadesh_kalal17 (1241980221872148605) | igaryan0813 (1505556200891351175),4,https://discord.com/channels/1538500688038994040/1543556316377645067/1547098561026723992
487,Team Scxtremegods,adityajodop,'703789739181998100',xgcyrus. (1054647548704477224) | venomgod178 (1500211178402480330) | ayush_040 (1267830352647421962) | adityajodop (703789739181998100),4,https://discord.com/channels/1538500688038994040/1543556316377645067/1547103035950501888
488,Team Deadly Thunders,sachman0039,'1294188398935937079',meastro9 (1464669892920742113) | sehajaulakh. (1517020032595529869) | sachman0762 (1545404585911390310) | sachman0039 (1294188398935937079),4,https://discord.com/channels/1538500688038994040/1543556316377645067/1547104868798570507
489,Team God Complex Esports,romeo70_,'1089861743775326249',udayshty (828554568525807616) | romeo70_ (1089861743775326249) | gcexryzen (1481356416823595059) | blazeftw__0 (1153130716398358590),4,https://discord.com/channels/1538500688038994040/1543556316377645067/1547107168946356274
490,Team Warriors,rajveer022488,'1513909355873833078',ankuuu02312 (1546789901348114483) | rajveer022488 (1513909355873833078) | angrymadhav. (1547107848591253595) | nauty_jack (1464909729187762278),4,https://discord.com/channels/1538500688038994040/1543556316377645067/1547115855555338320
491,Team Wraith Esports,wexlight,'1507288283179384833',terminator033748 (1111233152430645288) | wexlight (1507288283179384833) | himanshuxgun (1436783413574107196) | ombundhate_69076 (1205595960428855326),4,https://discord.com/channels/1538500688038994040/1543556316377645067/1547124266330230834
492,Team Sentry Esports,harshuu_13,'1257600439793356852',parthhhh0877_28842 (1540399327757996152) | harshuu_13 (1257600439793356852) | 931784_ (1209185715674419222) | dewanda._.yash (1463454579168510055),4,https://discord.com/channels/1538500688038994040/1543556316377645067/1547125385052033054
493,Team Don Esports,suraj0835,'1086344895909863608',suraj0835 (1086344895909863608) | killerjaat. (1118079569535172659) | soorajj08 (1210193871070568498) | tgxdot (665747668152090635),4,https://discord.com/channels/1538500688038994040/1543556316377645067/1547126116660289546
495,TEAM ZEROO,balam.op,'1086220488193351732',comrade.op (745135334639271968) | priyanshuchaudhary0361_36208 (1540957231762374656) | swad.op (1132520376786747404) | balam.op (1086220488193351732),4,https://discord.com/channels/1538500688038994040/1543556316377645067/1547129320508493834
496,Four Fellows,bunny_op6344,'393331813185093632',bunny_op6344 (393331813185093632) | gresh2560 (626327445351432192) | shanal7131 (1079100723209457825) | crazycoffin0808 (616157829015011328),4,https://discord.com/channels/1538500688038994040/1543556316377645067/1547130447463583794
497,Team Flame,thorop7584,'1088754593934098442',sinchu0441_33264 (1435196080189866025) | thorop7584 (1088754593934098442) | rajiv00210 (1011545048736870410) | flamehunter7448 (907917997946077205),4,https://discord.com/channels/1538500688038994040/1543556316377645067/1547131798398439494
498,Team Finishers Esports,imfnsneeraj,'1217870461078212770',furyyyy0259_99641 (1431328472151756920) | imfnsneeraj (1217870461078212770) | imfnsravan_21855 (1516637588528693380) | imfnsepikos (1503106040148005167),4,https://discord.com/channels/1538500688038994040/1543556316377645067/1547132871712444476
500,Team Trace Esports,tsxsikop,'1507359157869871136',tsxsikop (1507359157869871136) | naughty8501 (1113813591523602483) | hackergaming0975 (1223837521574760581) | lucifer_x40 (1395036710647234663),4,https://discord.com/channels/1538500688038994040/1543556316377645067/1547136550536740864
501,Arise Esports,on_oneshot,'969919245980950528',on_oneshot (969919245980950528) | kramos2108 (766932695359422466) | sanambgmi (1010921752722935940) | soham_75 (877153343057838101),4,https://discord.com/channels/1538500688038994040/1543556316377645067/1547138790529695744
502,Team Izana Esports,durgeshchouhan_,'1289643092143636595',whitekingtiger. (733405444294443158) | durgeshchouhan_ (1289643092143636595) | assad8281 (961906107402584084) | ragasoloenf_57329 (1546474673124941958),4,https://discord.com/channels/1538500688038994040/1543556316377645067/1547140630377922591
503,Team The Harmers,hosteler.,'1521388733201383525',amitkandir (1521427370240905257) | mr.kachhap8170 (857651420965502987) | hosteler. (1521388733201383525) | slaughtermon (730805394573623326),4,https://discord.com/channels/1538500688038994040/1543556316377645067/1547142414441906216
504,Team No Mercy,gaeti5575,'1118362178391646228',jaydipmakwana1804 (785163052634472450) | gaeti5575 (1118362178391646228) | tushar059913 (1511972153543622686) | gwdeemoh26 (1481991876222390343),4,https://discord.com/channels/1538500688038994040/1543556316377645067/1547146224388415640
505,Gladiator Esport,zyrexp.,'1546934174135357542',smit05518 (1542800275923017760) | jevin03693 (1546940982266822666) | zyrexp. (1546934174135357542) | viditbavaliya (1546944578727317655),4,https://discord.com/channels/1538500688038994040/1543556316377645067/1547146728275181710
506,Team 4Wings,venom414,'952628561108414504',venom414 (952628561108414504) | trexplayzzz (1205916010994212944) | mysterious_courgette_71579 (1421453288066252840) | mdfaizan0656_62376 (1450850134060433411),4,https://discord.com/channels/1538500688038994040/1543556316377645067/1547148625094639676
507,710 936 Am 91 82106 91647,rohitsarw_47289,'1471153200190062677',shubham_31975 (1485288998158077985) | chico082459 (1341721215873843251) | rohitsarw_47289 (1471153200190062677) | vivek012155 (1547150114877874206),4,https://discord.com/channels/1538500688038994040/1543556316377645067/1547151899055104060
508,Kingston Esports,ksn_swordog,'1139088187441033368',ksn_swordog (1139088187441033368) | abhishekrajput0471_67025 (1238931272001261649) | shubh067642 (1496168206430113804) | _ibrahimfit_ (1387036962594095167),4,https://discord.com/channels/1538500688038994040/1543556316377645067/1547152787534651434
509,Team Foreverknight,rawat0420,'1439819849864974387',aadi016884 (1547131162969903104) | rawat0420 (1439819849864974387) | rishab000111 (1537634414388056197) | ukxkaran1 (1528262764412276767),4,https://discord.com/channels/1538500688038994040/1543556316377645067/1547153285129969725
510,Team Time 2 Rise,defybgmi,'978324838345228308',ybee8979 (1091651058645868594) | defybgmi (978324838345228308) | adnan061880 (1540017581103120404) | ig_mr_rehan (1151192204434493471),4,https://discord.com/channels/1538500688038994040/1543556316377645067/1547153954196951081
511,Team Bae,mrsayeed,'1132248114946920498',mrsayeed (1132248114946920498) | manager8624 (660513557883912203) | yash073740 (1285131194215825508) | godzzzbae (967851131558568026),4,https://discord.com/channels/1538500688038994040/1543556316377645067/1547155408517464095
512,Team Hustlers,legendguru2.0,'876839338825101343',bhurianitin (1488915769571020931) | pvt_blasty (985086737606922260) | mayankverma024 (1507336921687265341) | legendguru2.0 (876839338825101343),4,https://discord.com/channels/1538500688038994040/1543556316377645067/1547156749621137408
513,Team Twrx,rohittawar0713,'1382251029801730109',twinklemeena_13445 (1547124393577021443) | nirajtwr07 (1431989019482394677) | vikasbundela (1315663203811983380) | rohittawar0713 (1382251029801730109),4,https://discord.com/channels/1538500688038994040/1543556316377645067/1547159464656900198
514,Team Secret,szxnightm4re,'1512530813546139811',dk05211 (1385894355067342921) | szxnightm4re (1512530813546139811) | anupk8926 (1304056744804093982) | vishu_079 (1541824169950576673),4,https://discord.com/channels/1538500688038994040/1543556316377645067/1547161619241504774
515,Team Eternal,vanqxreaper_42578,'1362680651165204610',phoenix8267 (610881386584473600) | kashh_1607 (987718068736258049) | vanqxreaper_42578 (1362680651165204610) | e7nxtoxic_37556 (1538489784270463078),4,https://discord.com/channels/1538500688038994040/1543556316377645067/1547169407770558465
516,Team Zinx Esports,zoombabaop_90791,'1166385186267734090',someshyadav001 (1345387568145108992) | zoombabaop_90791 (1166385186267734090) | rajiv24 (908420377280122923) | hyper2306_ (743032568177491978) | kami_op (1036870388971487242) | dhongibabaop_89789 (1396397266650009661),6,https://discord.com/channels/1538500688038994040/1543556316377645067/1547170959121973278
517,Team Hefty Officials,adithyan0788,'1399838667610128424',zakky111 (870300158695440424) | peruu0415 (1538977675291398178) | adithyan0788 (1399838667610128424) | bimbleeee (1407419783816937612),4,https://discord.com/channels/1538500688038994040/1543556316377645067/1547174817491460118
518,Adversary Kings,laurenbh3005,'1517220359160725618',no1000x (1535421046922936320) | laurenbh3005 (1517220359160725618) | siddharth0055 (1066737217025876091) | rhxvicky (761522636861341719),4,https://discord.com/channels/1538500688038994040/1543556316377645067/1547176100059152454
519,Team Lg Officials,ravana_23,'1441429417984262154',melo2404 (874949787085078528) | bz_dragon_ (673843228151119873) | ravana_23 (1441429417984262154) | lokesh029992 (1291454560115888213),4,https://discord.com/channels/1538500688038994040/1543556316377645067/1547176192300552192
520,Team Rj13 Esports,knox_mj,'1520750316105240576',knox_mj (1520750316105240576) | puffinnonzoootiez (1466857535469523049) | vexis5185 (1066979791850442772) | d_pak2006_18768 (1547141096503644222),4,https://discord.com/channels/1538500688038994040/1543556316377645067/1547178148809150474
521,Dfa Esports,yash121109,'1302953502905204819',maheshwariji. (730709218604220480) | yash121109 (1302953502905204819) | fragz0953 (1353284699182858294) | mcxgaming (1216704543090409503),4,https://discord.com/channels/1538500688038994040/1543556316377645067/1547181844091641877
522,Team Anil Gaming,dbsgod._07955,'1531150272502694010',kldgamerhindi (831896215070441482) | ero00945 (1544969014403534882) | kamraan7136 (905009311003049995) | 143subhranshu (1354393770426241036),4,https://discord.com/channels/1538500688038994040/1543556316377645067/1547182194907414589
523,ELDRITCH ESPORTS,zaccc04,'1384844920933847152',zaccc04 (1384844920933847152) | joker1637 (902838730870640650) | k1ng_46 (1087107771499020378) | k4nha1v99 (1291658506281287734),4,https://discord.com/channels/1538500688038994040/1543556316377645067/1547189071992852530
524,Team Younggods,gh0stop4,'722516627945554071',ggajay3418 (806131807077793802) | sonic6o (910409904550977546) | bulletbaaz001 (1236618432816873483) | gh0stop4 (722516627945554071),4,https://discord.com/channels/1538500688038994040/1543556316377645067/1547190996679270450
525,Team Full Bakchodi,aayushujgare_33219,'1453393085554884692',veerrr5000_14510 (1540681831341363232) | aayushujgare_33219 (1453393085554884692) | vedshinde2305 (1380278605677989908) | giriikk (1376463662805422132),4,https://discord.com/channels/1538500688038994040/1543556316377645067/1547194423497064538
527,Team Ifxkioo,lxtknight16,'1546177964344086578',deku_thunder. (1546184541474136337) | lxtknight16 (1546177964344086578) | lxtkio14 (1546186974053015563) | iii12 (920319262944550972),4,https://discord.com/channels/1538500688038994040/1543556316377645067/1547201320321028107
528,Team Ops Godz,sayyamhere07,'1359526178569851135',redeye_077 (1543257988796514448) | lokeshh._ (1256807864589221908) | ronak070001 (1320755887987752972) | sayyamhere07 (1359526178569851135),4,https://discord.com/channels/1538500688038994040/1543556316377645067/1547202618701512774
529,Team Zero 7 Officials,anhilatr01,'831252476674048000',anhilatr01 (831252476674048000) | arham01876 (1278591520148029501) | volterxgaming (1421913367005757571) | ayaan_r (943852960234995733),4,https://discord.com/channels/1538500688038994040/1543556316377645067/1547202837539463180
530,THE NEXT REVOLUTION,zoro.4reason,'1540589957419237416',zoro.4reason (1540589957419237416) | mehuuul3309_30416 (1520687146456060089) | swordxgaming0958_85718 (1518877886239608906) | shahid07982 (807882848907821076),4,https://discord.com/channels/1538500688038994040/1543556316377645067/1547206508297850932
531,Team Legion X,mainoobhoon,'944993900433649684',shadxxab (1546981876479168536) | noob017636 (1528092778507145216) | hamzaahoon (1546983763324707004) | mainoobhoon (944993900433649684),4,https://discord.com/channels/1538500688038994040/1543556316377645067/1547207540536778752
532,Team K2Karis,player690324,'1410294090955882531',midenough_03381 (1494586281173454888) | player690324 (1410294090955882531) | nexusxgod (1439966731396190309) | peacee.10 (727860028014460999),4,https://discord.com/channels/1538500688038994040/1543556316377645067/1547207687090085898
535,Team Daimond Esports,godlrohit_28210,'1214162895919644723',mysterio16__82925 (1547210502126440577) | godlrohit_28210 (1214162895919644723) | jord_007 (1376571652065984694) | diamondaqua001 (1334927363804495895),4,https://discord.com/channels/1538500688038994040/1543556316377645067/1547211247173242991
536,Team Gods Eye,balaji089331,'996645190225899531',rinnbgmi_ (888950183205953536) | vaju007 (1257213478058459178) | balaji089331 (996645190225899531) | lokendra17x (1002598285502070874),4,https://discord.com/channels/1538500688038994040/1543556316377645067/1547220477770989590
537,Team Agni Esports,zorobgmi.685,'1126495130371751977',4ehxmighty (898231690126827520) | zorobgmi.685 (1126495130371751977) | anmolsharmaoggy (1386997941335621682) | drashya0325 (1419351259957170427),4,https://discord.com/channels/1538500688038994040/1543556316377645067/1547223430816866346
538,Team Destruction Gaming,prakashsakar,'1510364248910467154',player690324 (1410294090955882531) | prakashsakar (1510364248910467154) | prakashsarkar0529 (1547204781536313354) | sourav067093 (1536734975683072101),4,https://discord.com/channels/1538500688038994040/1543556316377645067/1547228986306986175
539,Alone Esports,phantom5624,'820837028178296842',robiin0710_99774 (1523504381960388688) | archit02496 (1547232771456630945) | phantom5624 (820837028178296842) | mohitmehra___0 (1547207834205159498),4,https://discord.com/channels/1538500688038994040/1543556316377645067/1547235227791917187
540,Team Deadly Gaming,akbhai0509,'1091432908050407525',naman090289 (1430032709887066213) | iconicop (721243154031837228) | akbhai0509 (1091432908050407525) | hurew_ (1545705471946661930),4,https://discord.com/channels/1538500688038994040/1543556316377645067/1547236982067830795
541,Team 6 Monarch,aquariousop5289,'913717458123231262',pritam7593 (792491779969646594) | sohamtingare4178 (879740015918329906) | advik0206. (918832756266512405) | aquariousop5289 (913717458123231262),4,https://discord.com/channels/1538500688038994040/1543556316377645067/1547238566122491964
543,Sl4Y Esports,_james2302,'566633814386933770',bansaljod (588574128471277584) | _james2302 (566633814386933770) | mitronnn (814052870373769248) | amazed2606 (516634801462050836),4,https://discord.com/channels/1538500688038994040/1543556316377645067/1547249477260419193
544,THE FINAL TRY,danishahmed471,'1401049553712713739',adunann (1435183924249886761) | mubashir87 (1482301218104676505) | danishahmed471 (1401049553712713739) | ig_toji (1542504364441075745),4,https://discord.com/channels/1538500688038994040/1543556316377645067/1547249546784931900
545,Team Spragners,akai100,'508300958615339010',hellgodislive (738661207300374640) | aryan1230p_71094 (1518524885117304913) | akai100 (508300958615339010) | golden_chipmunk_47910 (1512825570595962943),4,https://discord.com/channels/1538500688038994040/1543556316377645067/1547253434829242458
546,Team Knull Zenith,itachi087922,'1317516339820232724',luffy__pal (1452002980726313060) | knzxlevii (1544784605234860043) | itachi087922 (1317516339820232724) | 29atharva (765795075292397598),4,https://discord.com/channels/1538500688038994040/1543556316377645067/1547261493068701766
547,Team 4Strong,originxdd,'754196158339088509',_itz.merlin28 (830803820823969845) | al4ctus (1438419154637029416) | amogh_sharma_10 (1243565847214292995) | originxdd (754196158339088509),4,https://discord.com/channels/1538500688038994040/1543556316377645067/1547264891667349724
548,Team Panther,mgsnow,'1300640824832430082',mogambo_10gxat (1490742485880803368) | mgsnow (1300640824832430082) | sahil0708. (994219380999196765) | mgxarbaz (1316391480587321434),4,https://discord.com/channels/1538500688038994040/1543556316377645067/1547266761618096201
549,Nsa Esports,blazeeee0058,'1316472275834241055',sumith0546 (1473698071333568624) | spyyy0001 (1171883501897928769) | soyamsingh (699804527607414896) | blazeeee0058 (1316472275834241055),4,https://discord.com/channels/1538500688038994040/1543556316377645067/1547271028122583101
550,Team Nystra Esports,king767876,'880879065119211543',sufiyan5321 (1521822654531633152) | yatharthopbhai (1426174598906515547) | debasis0391_24506 (1393646728254853200) | king767876 (880879065119211543),4,https://discord.com/channels/1538500688038994040/1543556316377645067/1547272245204746241
551,Team Pirates,fardinkhan0470,'1546048763468980345',aatifbgmi028 (1546888645800370208) | fardinkhan0470 (1546048763468980345) | asraf690_64289 (1546924802185498690) | priyank0489 (1547260086123110563),4,https://discord.com/channels/1538500688038994040/1543556316377645067/1547274515057479731
552,noobxpro8780's team,noobxpro8780,'792027509113225216',noobxpro8780 (792027509113225216) | santarockzz (1485503717057757305) | blackmask4185 (1064170402986860555) | _pankaj8128_ (1251841192350584893),4,https://discord.com/channels/1538500688038994040/1543556316377645067/1547286944722059336
553,Team Xtreme,igvishal0,'1526494267592278096',igvishal0 (1526494267592278096) | saurav02065 (1533888521293664296) | rajendra921101 (1534214434237452290) | villain08917 (1536382033612382239),4,https://discord.com/channels/1538500688038994040/1543556316377645067/1547286944730316890
554,Team Trust Goat Esport,sujal_75488,'854203629104136203',xprowigo (1291722314043621467) | sujal_75488 (854203629104136203) | shakshamsingh4477 (841588423135199252) | sachin8751 (929625069708267591),4,https://discord.com/channels/1538500688038994040/1543556316377645067/1547286948371238963
555,Team Kong Esports,kirmadaxtrm8r,'1408789210290192474',hemesh0313 (1546915712558170185) | kirmadaxtrm8r (1408789210290192474) | kiran9090_ (1546826976512446526) | hunterzod. (1499484683669471343),4,https://discord.com/channels/1538500688038994040/1543556316377645067/1547287109927440476
556,Team Original Gangss,None,'1462390792663466118',nox.aryannz_ (1392434652404256829) | sahil0708. (994219380999196765) | shubham1348 (526373407579701269) | None (1462390792663466118),3,https://discord.com/channels/1538500688038994040/1543556316377645067/1547287200016892044
557,Team 4 Unknowns,gowherjavaid,'1468525662863360126',waniahsaan09 (1211160058277142528) | affan_0056_53690 (1451542271060213931) | adnanbhat099_64978 (1457267166721212493) | gowherjavaid (1468525662863360126),4,https://discord.com/channels/1538500688038994040/1543556316377645067/1547287463922507827
558,Team Raula Esports,rahulrathi2311,'1542895672469229722',arman786._. (1308717208368582801) | rahulrathi2311 (1542895672469229722) | anilrathee. (1542885626309910620) | raomanshul (1540763969747161198),4,https://discord.com/channels/1538500688038994040/1543556316377645067/1547287907159511100
559,Team Reapers,pixl1566,'825817452532334662',amitavapanda. (1525033902350008322) | rupam_xt_62747 (1187644060752687164) | jaxiii__61505 (1136375672080699413) | pixl1566 (825817452532334662),4,https://discord.com/channels/1538500688038994040/1543556316377645067/1547288072490717254
560,Team Mvp Esports,drakenx12,'704636219178483723',drakenx12 (704636219178483723) | kaydennoob.hai_26272 (1525212600336515092) | jaguar1805_92202 (1452866699534798909) | rohitjaat0876 (1384399722906910870),4,https://discord.com/channels/1538500688038994040/1543556316377645067/1547288182813360219
561,Team Dynamic,morphqn_gamer,'1271663081566503024',morphqn_gamer (1271663081566503024) | aniket001531 (1513113713446748240) | ig_mayank05 (1093815852735930428) | drm_parth (1538183043339001926),4,https://discord.com/channels/1538500688038994040/1543556316377645067/1547288429698748487
562,Team Evolution,mohitbahe1303,'844551059971899442',captivating_starfish_35040 (1522477123150024840) | mohitbahe1303 (844551059971899442) | krishsingh0384 (1516532639417499899) | nick._.hilsingh. (1526095124915027998),4,https://discord.com/channels/1538500688038994040/1543556316377645067/1547288896348364930
563,Team Death Sentence Esports,varshithninja1571,'750946492675784727',jashwanth0685 (1496461098851897416) | dexrandom16 (1539597012654096465) | dexnova07 (1532984744441024640) | varshithninja1571 (750946492675784727),4,https://discord.com/channels/1538500688038994040/1543556316377645067/1547290613660000387
564,Team Cxt Esports,ucsumit_12847,'1324256223708839970',ucsumit_12847 (1324256223708839970) | harishtripura (1546488523828502539) | vaibhavreddy0203 (1537007097684688949) | hunterzod. (1499484683669471343),4,https://discord.com/channels/1538500688038994040/1543556316377645067/1547290876336668683
565,Team Atanwadi,arman092049,'1446885589944107211',arman092049 (1446885589944107211) | himanshu._igl (1541885763354886156) | develboy0552 (1376743161178624093) | bossji2317 (758632703322750998),4,https://discord.com/channels/1538500688038994040/1543556316377645067/1547291176116428931
566,Team Spartans Esports,cornexgamer,'1544663985213673472',cornexgamer (1544663985213673472) | varshithninja1571 (750946492675784727) | zyrexp. (1546934174135357542) | zyrex0264 (1546772826306908175),4,https://discord.com/channels/1538500688038994040/1543556316377645067/1547291313882271814
567,Team Progodsesports,tpgexluffy,'1385918634475524249',tpgexspyro (839845054336204832) | tpgexluffy (1385918634475524249) | sarvesh8040 (1464961015400632484) | rohitjaat0876 (1384399722906910870),4,https://discord.com/channels/1538500688038994040/1543556316377645067/1547291380714315996
568,Team Red Skuls,rulergaming0349,'1530885967676702721',rulergaming0349 (1530885967676702721) | super333999 (1299372572806217730) | alfaiz0530 (1544644438662320241) | ubd0353 (1544641985787469846),4,https://discord.com/channels/1538500688038994040/1543556316377645067/1547291544313405583
569,karanrathore9214's team,karanrathore9214,'972666793128755220',rulergaming0349 (1530885967676702721) | shrestx (1133313875375300618) | arman092049 (1446885589944107211) | varshithninja1571 (750946492675784727),4,https://discord.com/channels/1538500688038994040/1543556316377645067/1547291853357977650
570,Team Xskull Esports,abhishek065607,'708658484060749834',abhishek065607 (708658484060749834) | dipaknagar._79269 (1537328341525467227) | gxdlnaitik3312 (1034372896602210354) | ayush127008 (1032106431429759067),4,https://discord.com/channels/1538500688038994040/1543556316377645067/1547291993598853120
571,Team Zod X,piyushnigam0158,'1546796845538484339',vipul01856 (1547226901334982806) | piyushnigam0158 (1546796845538484339) | piyush072032 (1547233829511503893) | chandan067489 (1547233163867193366),4,https://discord.com/channels/1538500688038994040/1543556316377645067/1547292300605132830
573,Team Lord Esports,ender2809,'868354020329259059',ender2809 (868354020329259059) | rohitvishal11 (1547144551993450529) | meetprajapati0418_33776 (1547288389206941707) | lordxpatelop (1547133327423574054),4,https://discord.com/channels/1538500688038994040/1543556316377645067/1547293559755907082
574,Team Zentrix,zaidan03849,'1428968007148900388',zaidan03849 (1428968007148900388) | end0238 (1427533207653449748) | fearlessog0798 (1487712746261975111) | shahbaz_og (885510085764325407),4,https://discord.com/channels/1538500688038994040/1543556316377645067/1547293786999357543
575,Team 1OnlY,hasib0668,'1547088669989539900',hasib0668 (1547088669989539900) | anishkhan0851_72730 (1411720174943600741) | 1nolyxpanda (1542778766315487262) | ytxkshitij (1539644575231254607),4,https://discord.com/channels/1538500688038994040/1543556316377645067/1547294290433277954
576,Team Fly With Dreams,ayush997098,'1077170127386202154',ll__tanmay___35284 (1541521559087489225) | ayush997098 (1077170127386202154) | aman050572 (1479311193054122054) | herobrime_02424 (1192848014646198394),4,https://discord.com/channels/1538500688038994040/1543556316377645067/1547295299289219093
577,Team Skull Crusher,xgodashish,'1343249634620866592',xgodashish (1343249634620866592) | aditya05077 (582124009223880704) | virendra25_45815 (1461954708376654067) | karanshah0431_76918 (1436579297480671286),4,https://discord.com/channels/1538500688038994040/1543556316377645067/1547296162829312031
578,Team Night Kings,nkstark_,'1543847213904568330',thorr078 (1547270299630833745) | nkstark_ (1543847213904568330) | ajhuzaifa (1547273563998789693) | rockybaloch (1547293702928601263),4,https://discord.com/channels/1538500688038994040/1543556316377645067/1547298546246750386
579,Team 4T Chaos,harshmelekar9419,'1005484664833708124',fs_pheonix (1317385831706525737) | harshmelekar9419 (1005484664833708124) | sujanmolla_55 (1516302146377613326) | jojo026772 (1520348886579806249),4,https://discord.com/channels/1538500688038994040/1543556316377645067/1547298829232115872
580,Team W Esports,soul001343,'777478918172442625',soul001343 (777478918172442625) | piku8_ (1367439937359577094) | kushal06364 (1535173330582376470) | raj00840 (879274838953426985),4,https://discord.com/channels/1538500688038994040/1543556316377645067/1547301502492610641
581,Team Plusxesports,ultra06747,'1380414486980333688',ultra06747 (1380414486980333688) | shlok_075 (1443658620230307901) | aexhaweli3 (1530632267913756862) | ig__adarshh (1507046055785791518),4,https://discord.com/channels/1538500688038994040/1543556316377645067/1547303043446472795
582,Team One Rule,yoriichi__07,'1286393783583375473',yash004149 (1476553398005403720) | yoriichi__07 (1286393783583375473) | yash034987 (1476562350520795146) | gfixjeh (1307385885649666068),4,https://discord.com/channels/1538500688038994040/1543556316377645067/1547303928994201641
583,Team Galactic Nomads,lactorrandiiii,'1492682881221398693',88009176617478 (926545663062335488) | 9144414914 (1401419022704181401) | lactorrandiiii (1492682881221398693) | 95966424608528 (892939572697239553),4,https://discord.com/channels/1538500688038994040/1543556316377645067/1547307412980109312
584,Team Firezone,riza_qureshi786,'1111706848484151296',riza_qureshi786 (1111706848484151296) | not_hanzalahop_19492 (1547307095936860184) | kai._.1205 (985864437900640266) | master083701 (1078001899749527595),4,https://discord.com/channels/1538500688038994040/1543556316377645067/1547309139745570867
585,Hyper Venom Esports,spancerjod_2402,'1333789968434204672',spancerjod_2402 (1333789968434204672) | sonic003262 (1421186261422571557) | farhaan02241 (1338898848701091940) | haxe_123 (924574711046885437),4,https://discord.com/channels/1538500688038994040/1543556316377645067/1547309990317002817
586,arpitrajak.'s team,arpitrajak.,'1535965701183897720',arjunverma06_64235 (1241625871362687016) | sandeep058166 (1315641689133547601) | satyamlodu._77685 (1542387629117546568) | arpitrajak. (1535965701183897720),4,https://discord.com/channels/1538500688038994040/1543556316377645067/1547310432568737923
587,masterkarn's team,masterkarn,'1429475747545874547',phoolkashyap. (1547294817162231843) | masterkarn (1429475747545874547) | karanrathore9214 (972666793128755220) | fiery_quokka_68847 (1547306360788750467),4,https://discord.com/channels/1538500688038994040/1543556316377645067/1547310525245956257
588,phoolkashyap.'s team,phoolkashyap.,'1547294817162231843',masterkarn (1429475747545874547) | fiery_quokka_68847 (1547306360788750467) | phoolkashyap. (1547294817162231843) | karanrathore9214 (972666793128755220),4,https://discord.com/channels/1538500688038994040/1543556316377645067/1547311622538657863
590,Team X Warriorz,siva5943,'497437792347881510',jack_03.05.98 (1536742252943118406) | praveen096361 (1294387045527191634) | samyp9174 (931535588048392213) | siva5943 (497437792347881510),4,https://discord.com/channels/1538500688038994040/1543556316377645067/1547312189474611212
591,Team Pixal Xtreme,odxzelenskyy.014,'1381254103136469084',shivanh (1519732721499246722) | isioskwbwb (1488601216136249466) | odxzelenskyy.014 (1381254103136469084) | kratikapatil_26384 (1526006020294574223),4,https://discord.com/channels/1538500688038994040/1543556316377645067/1547316338500964494
592,Team Alpha Gods,yash045910,'1419082664052523068',frenzyyjod_69 (1459419540617166898) | yash045910 (1419082664052523068) | luxxyunknown_74076 (1426584787723747350) | braveheartz_123 (1501549801940975727),4,https://discord.com/channels/1538500688038994040/1543556316377645067/1547339526865821777
593,Xtreme Rulers,aries_pk,'840426217648029710',shivam8759 (799924978799476746) | sudhans2727 (1272266439604043779) | senti3726 (1273256239304015893) | aries_pk (840426217648029710),4,https://discord.com/channels/1538500688038994040/1543556316377645067/1547341040501923840
594,Team Chaotic,mustbe_walter,'1476879057793712260',itcdivyansh7441 (978739259290820650) | ruhan0252 (1348290474393337939) | mustbe_walter (1476879057793712260) | vishal027026 (1220225534634758196),4,https://discord.com/channels/1538500688038994040/1543556316377645067/1547343660280971366
595,Team Zpluz,ig_paxton16,'1433739451741241395',nephis0558 (1547353766229975144) | ig_paxton16 (1433739451741241395) | akki02399 (1547351782714249229) | kunal076201 (1547110150341529671),4,https://discord.com/channels/1538500688038994040/1543556316377645067/1547354818442432624
596,Team Blood Reappets,yooo043978,'1547354635986014341',bhanu4178 (873506168826376192) | jonathan00405 (1192816391947042841) | densergamerz (692786767090417755) | yooo043978 (1547354635986014341),4,https://discord.com/channels/1538500688038994040/1543556316377645067/1547356273060618240
597,Team Parallel Gaming,devanshyadav0081,'1517912107038019633',devanshyadav0081 (1517912107038019633) | aadiftw72 (1517813868288807042) | wise_kiwi_61685 (1527008051750633654) | lokiiigaming (1010473277103276054),4,https://discord.com/channels/1538500688038994040/1543556316377645067/1547408637553807461
598,Team Zero,mrjawed0.1,'1543216560322117734',wasim01474 (1546097626280362005) | 1nonlykratos. (1545842824925155494) | anassk15 (1546104991704547389) | mrjawed0.1 (1543216560322117734),4,https://discord.com/channels/1538500688038994040/1543556316377645067/1547444155574259822
599,Team Last Chance,supremexashish,'1339961956777459745',supremexashish (1339961956777459745) | kt4131 (743829284644323338) | alokmogha (954745340391743570) | rusher_9142 (1506194379956682842) | paradise0351 (1467844996005892283),5,https://discord.com/channels/1538500688038994040/1543556316377645067/1547445825335074826
600,Team Hyper Ninjaz,ultraxbeast__04052,'1524708014848741447',tusharsoni5511 (1028942911141842944) | original036724 (1540657297892712538) | ultraxbeast__04052 (1524708014848741447) | adityachaudhary0152 (1513104968117256263),4,https://discord.com/channels/1538500688038994040/1543556316377645067/1547458128252248175
601,Team 2 Hell,mrkrishana,'816571922401329182',mkpatil1049 (536673015023403009) | t2hxnexusop (1502705762756067428) | rk08927 (1439348357595140317) | mrkrishana (816571922401329182),4,https://discord.com/channels/1538500688038994040/1543556316377645067/1547459347167055932
602,Team Curious,dhruvplayzz.,'1360928215325081672',dhruvplayzz. (1360928215325081672) | fury_.01_78693 (1374266297830998138) | lucky10203044 (1360903272168423556) | monusaini1020 (1360893945990742197),4,https://discord.com/channels/1538500688038994040/1543556316377645067/1547467915421294612
603,Team Krishanj Esports,krishnarajput8218,'1327940344926437399',sunny039996 (1539612623044087913) | iglshibu (1493097025871417525) | zoro017865 (1256864268020613190) | krishnarajput8218 (1327940344926437399),4,https://discord.com/channels/1538500688038994040/1543556316377645067/1547468067783835719
604,Team Apexmv Esports,itsmvxop04_82923,'1294278730503426151',fexraj_43734 (1523648396584419419) | nilesh_thakor_143 (1057936546138947644) | sahil_6016 (1464910031878094908) | itsmvxop04_82923 (1294278730503426151),4,https://discord.com/channels/1538500688038994040/1543556316377645067/1547468299766341722
605,Team Wdb,gxdlzaid.,'1433289294935621725',vipboi01 (1067685577954173040) | jitu1833. (1528054012719665393) | qwerty12343452 (932536719901872138) | gxdlzaid. (1433289294935621725),4,https://discord.com/channels/1538500688038994040/1543556316377645067/1547468983974764554
606,Tormenta,the.panther.0012,'1525129562957025421',the.panther.0012 (1525129562957025421) | panban0819 (1484860015717126237) | vexen.cpu (1541945167118860429) | .panther_op. (1513160843842424892),4,https://discord.com/channels/1538500688038994040/1543556316377645067/1547469880654168094
607,Team 7 Sins,cluther_om,'1537736429873139783',kartik191919 (1413157640112046080) | faith01586 (1543960294521315380) | ruppo0915 (1257350740930855064) | cluther_om (1537736429873139783),4,https://discord.com/channels/1538500688038994040/1543556316377645067/1547476299491057777
608,Team Ind Esports,jaybamniya,'1417416953223446538',sethraj._81604 (1339986057814343680) | jaybamniya (1417416953223446538) | hasib0668 (1547088669989539900) | tanveer0976 (1547107678726135911),4,https://discord.com/channels/1538500688038994040/1543556316377645067/1547477193930706994
609,Team Elvora,4f_moon,'1220965033203339264',4f_moon (1220965033203339264) | team_elvora (1398873513024032929) | akshadop (1228020516103786540) | pain003049 (1541410294591529052),4,https://discord.com/channels/1538500688038994040/1543556316377645067/1547480467421274182
610,Team Eternal Esports,exon.8,'1418509762512814201',akryn09013 (1450392581337780224) | exon.8 (1418509762512814201) | paradox_unfinished (1166965814176526357) | yooo043978 (1547354635986014341),4,https://discord.com/channels/1538500688038994040/1543556316377645067/1547482394670534686
611,Team Shadow,ayaan01590,'1449073569668792350',maddy010280 (1255057721955455080) | ts_cyber_ (1412770992618602499) | insanerooh (1542174445123272828) | ayaan01590 (1449073569668792350),4,https://discord.com/channels/1538500688038994040/1543556316377645067/1547484625407053865
612,Team Aurora Gaming,mrlordop,'1288510362861174857',soul_108_ (1285485630779953152) | mrlordop (1288510362861174857) | babyoneko (1390397510484496465) | trilochan2026 (647106105507315736),4,https://discord.com/channels/1538500688038994040/1543556316377645067/1547488487882621058
613,Novafx Esports,marveldhruv.,'979375430371016745',metagod6_90162 (1525603838176788561) | marveldhruv. (979375430371016745) | rajdas782446 (1369156741517934754) | virajadhav. (1269339214827360287),4,https://discord.com/channels/1538500688038994040/1543556316377645067/1547489971554877440
614,Team Valyen Monarchs,vmzstorm,'1522927846874415195',sicario006228 (1449305716127961232) | teamdcxninja6365 (935971899224256552) | vmzstorm (1522927846874415195) | zeke7._89606 (1513060876746363075),4,https://discord.com/channels/1538500688038994040/1543556316377645067/1547492668811255869
615,Team Apex Ambush Esports,redictyt,'1479324140254138399',kr._.suraj (1218406509298454568) | manas7547 (1508711180762480690) | rishu06986 (1385837294023348346) | redictyt (1479324140254138399),4,https://discord.com/channels/1538500688038994040/1543556316377645067/1547498759741771897
616,Team Winning Esports,manthan0931,'1378706204494401537',ruppo0915 (1257350740930855064) | manthan0931 (1378706204494401537) | abhayraj0348 (1455560887879598090) | hrsh_8 (995274917983555614),4,https://discord.com/channels/1538500688038994040/1543556316377645067/1547498826909360138
617,Team 7 Star,shadow_warriors00,'1440712402223235093',godlestar. (1218836809375547394) | meclutch (1031223353593303171) | goddev10 (1193503331319033956) | shadow_warriors00 (1440712402223235093),4,https://discord.com/channels/1538500688038994040/1543556316377645067/1547499110620201020
618,Team Broken Crown,aarubolte05,'1546767056186384490',rahul68411 (1389809214179905577) | aarubolte05 (1546767056186384490) | chaitanya__korwate (1393498576306307082) | asxifkhn01_25175 (1547497241508581409),4,https://discord.com/channels/1538500688038994040/1543556316377645067/1547500617940082688
619,Team Crimson Nova,fraggerog._14056,'1344971260605497435',smit19._. (1539974944291553312) | fraggerog._14056 (1344971260605497435) | xneosmasher (1320277141736390757) | kaushik_tom_38923 (1539961446547464222),4,https://discord.com/channels/1538500688038994040/1543556316377645067/1547503413086916718
620,Campers United Esports,saigaming18,'1133345459927261195',bhayapatil8669 (858298806675570699) | zeronplayz (877869877581459496) | saigaming18 (1133345459927261195) | yashop01622 (1520035064224813219),4,https://discord.com/channels/1538500688038994040/1543556316377645067/1547503870719303721
621,Team Lethal Esports,lethalultron,'731208620871516172',lethal_gp (873047472581246978) | lethalultron (731208620871516172) | zypher08_ (1279991338305323090) | sumitdey6699 (1507306375250841702),4,https://discord.com/channels/1538500688038994040/1543556316377645067/1547505356068888599
622,Team Cfn,khasan77154633,'869488934378430475',mohammadhamidrazakhan (1395300105854386219) | khasan77154633 (869488934378430475) | altamash95 (1182777401197985939) | ababshaikh66 (514027937612169229),4,https://discord.com/channels/1538500688038994040/1543556316377645067/1547508955704459315
623,Team Frost Edge Esport,971731.,'1219879572233916419',mikeykun0656_91277 (1389628478969876672) | goatlynx (1541823828060016681) | valiant_guava_14421 (1534145334555447346) | 971731. (1219879572233916419),4,https://discord.com/channels/1538500688038994040/1543556316377645067/1547513664771465247
624,Team Vortex Esports,naitik_the_boss_94952,'1377189697524072560',naitik_the_boss_94952 (1377189697524072560) | aarav059378 (1512665562302517380) | jackkk.0_66806 (1542092247695106052) | jackopz_gaming09 (1512075490507358327),4,https://discord.com/channels/1538500688038994040/1543556316377645067/1547518588553011312
625,Team Aqua Esports,aquahunterr,'1250031169991348295',frezzzgodop3803 (749568348156854272) | garv1911 (1004659538353455114) | serioton2332 (830759642794819605) | aquahunterr (1250031169991348295),4,https://discord.com/channels/1538500688038994040/1543556316377645067/1547524860203372645
626,Team Iv,sam096182,'1512443608228434063',iv_sonu (1441750532501930056) | trayuga (479745151154257930) | iv_rahul (665446430705582094) | sam096182 (1512443608228434063),4,https://discord.com/channels/1538500688038994040/1543556316377645067/1547525390539431936
627,Team Mavericks,vipul7522,'611942367473172481',smoky4750 (825049380313759784) | vipul7522 (611942367473172481) | divyansh0752 (831468276235108403) | sejwal1967 (751361518443954177),4,https://discord.com/channels/1538500688038994040/1543556316377645067/1547532693179207771
628,Smooth Criminals,yashloki6o,'1428056388977823808',yashloki6o (1428056388977823808) | nihalkumardubey (1205017032895238156) | zubin3339 (936143212609957949) | sg_denver (1520374298412454021),4,https://discord.com/channels/1538500688038994040/1543556316377645067/1547533051280494672
629,Team Dwcxesports,ayushyt08,'1212224078870618143',lucifer_x40 (1395036710647234663) | harshuu_13 (1257600439793356852) | gabbar9is_live (1539979642851692639) | ayushyt08 (1212224078870618143),4,https://discord.com/channels/1538500688038994040/1543556316377645067/1547533985943388160
630,Yodha Esp,ash0077777,'1532331231801380945',medhansh1409 (1358841840840867952) | ash0077777 (1532331231801380945) | hadi_ahmed.__ (933701833883545600) | hafeez51. (1462662070053896293),4,https://discord.com/channels/1538500688038994040/1543556316377645067/1547534232958795776
631,Team Zero Rival,igxlibra,'1375707661831508059',piyuplayz (1121698610187358240) | igxlibra (1375707661831508059) | _sphinixgaming_35429 (1241778326205501534) | suidarksuidonisui (1102195973406601287),4,https://discord.com/channels/1538500688038994040/1543556316377645067/1547535593070788618
632,Team Aura Gaming,phantom076865,'1546446085239611462',lobbymebheju (1547521868750389329) | auraredx (1547188105126092811) | taxvoid (1547197546491940885) | phantom076865 (1546446085239611462),4,https://discord.com/channels/1538500688038994040/1543556316377645067/1547535705859948554
633,Team Oldreign,dinesh02334,'1487022143047860244',vopen0168 (1541499863018119241) | xohn_ (1502310341110009930) | mangalshanaleimapokpam_27212 (1502314632675856515) | dinesh02334 (1487022143047860244),4,https://discord.com/channels/1538500688038994040/1543556316377645067/1547536164662149170
634,Team Ragxesport,naitikraja.,'1515408656290808063',btdxdevil (1468123652632613089) | shauryaup12 (1515774001681530901) | kunalgaming10 (1294146410106847233) | naitikraja. (1515408656290808063),4,https://discord.com/channels/1538500688038994040/1543556316377645067/1547540174001668116
635,Team Decapitator,drunkenmonk007,'1150494219186741298',fl4hawk (1426600875631185961) | drunkenmonk007 (1150494219186741298) | dreamer8615 (816573050560577596) | littleboy12525 (1248925030365003826),4,https://discord.com/channels/1538500688038994040/1543556316377645067/1547544602821533828
636,Team Python Esports,tgnxkalki,'1297945001355120727',noob7281 (1004290190606606337) | tuntunmausi._ (688202829030227983) | killer192385 (467195969264549889) | tgnxkalki (1297945001355120727),4,https://discord.com/channels/1538500688038994040/1543556316377645067/1547546850578407424
637,Team Lootera,ayushmishra0264,'1546800522093400105',aniket001531 (1513113713446748240) | ayushmishra0264 (1546800522093400105) | teamlootera (1546532687383240706) | shauryaup12 (1515774001681530901),4,https://discord.com/channels/1538500688038994040/1543556316377645067/1547548048429948990
638,Team Aura Farming,freeagentdanger,'1296385312758566924',arham6718 (1113336359491485776) | freeagentdanger (1296385312758566924) | iam.arh4nn (1541380656863514644) | arm4nlifts (1406696708217376788),4,https://discord.com/channels/1538500688038994040/1543556316377645067/1547552673505607701
640,Team-Deadly Vortex,saumil3873,'1107611422483038218',sujal050464 (1546395705029955622) | nandpatel5027 (929053935988265001) | saumil3873 (1107611422483038218) | gagank4639 (975680425949274122) | busy_courgette_46370 (1395754931369283636),5,https://discord.com/channels/1538500688038994040/1543556316377645067/1547567699347906571
641,Team 4Player Men,princeohlyan,'876330341739139072',princeohlyan (876330341739139072) | larssaimon (552047793716461568) | arnavrao0144 (1448661244998455416) | saurabhkumar0907_30977 (1205432167572832268),4,https://discord.com/channels/1538500688038994040/1543556316377645067/1547570824850968617
642,The Aultra Lighting Blade T,sibram0_57110,'1450305664101519433',sibram0_57110 (1450305664101519433) | virabhadra0133 (1547551920154091594) | ogxdestro (1547550029500125315) | istikhar0652 (1279744754518593670),4,https://discord.com/channels/1538500688038994040/1543556316377645067/1547574024098553906
643,4 Men Fragile,aariz_perwez,'886877879105908767',jassukapapa (1170718562453827616) | _aquibkhan (640132094210736138) | k4xninja (1188730527688179733) | aariz_perwez (886877879105908767),4,https://discord.com/channels/1538500688038994040/1543556316377645067/1547574501296967912
644,Team Drc Vixens,fairygaming,'857043663677947975',lexxajod. (1432044615963377815) | its.teddy.yt (745264371269238794) | julietgamingyt (1338534890370633790) | fairygaming (857043663677947975),4,https://discord.com/channels/1538500688038994040/1543556316377645067/1547575922646065212
645,Team Vortexrangers,devil0309297,'1510526673454633061',mihirvasava. (1438460946560323624) | sashant13 (1438530597164417140) | devil0309297 (1510526673454633061) | None (1129770247449231430),3,https://discord.com/channels/1538500688038994040/1543556316377645067/1547581722105872514
646,Wicked Ego,pikunkm6305,'739777612532154398',rishi8769 (892330854242713600) | bbb2004 (825317817128583168) | sohammnayak (1244709705532706898) | pikunkm6305 (739777612532154398),4,https://discord.com/channels/1538500688038994040/1543556316377645067/1547582549755166811
647,Fwolf Esport,disgust0549_96205,'1535271298354253874',disgust0549_96205 (1535271298354253874) | txoakmgod (1086530286256410715) | rudo0248 (1419004743736623124) | xyzesports67. (1052048491540660285),4,https://discord.com/channels/1538500688038994040/1543556316377645067/1547583479095627816
648,Team Ragecore,ditto_ta,'1346797360373567528',ditto_ta (1346797360373567528) | babaji0938 (1442518197629747200) | omvaishya8660 (901573751148257402) | marco100928 (1547562992370192458),4,https://discord.com/channels/1538500688038994040/1543556316377645067/1547588861453008937
649,Team Roguenation,aryan100122,'1512706240785158144',aryan100122 (1512706240785158144) | rabiul0600 (1263419099179122817) | kartik082821 (1522547313107533981) | sujanmolla_55 (1516302146377613326),4,https://discord.com/channels/1538500688038994040/1543556316377645067/1547592412602568815
650,Team Ego Esports,akshayyy6539,'1024283927965347951',solo_demon01 (1291054236695531667) | justino_1_92737 (1265153424094134356) | akshayy19 (1244015830975385701) | akshayyy6539 (1024283927965347951),4,https://discord.com/channels/1538500688038994040/1543556316377645067/1547597613803765830
651,Team Slang,rabogpradeep_50059,'1312501961983000677',hindxking (1006154065039851520) | prabhatkumar0255 (1388199299707568138) | nikhil088805 (1308837933012222028) | rabogpradeep_50059 (1312501961983000677),4,https://discord.com/channels/1538500688038994040/1543556316377645067/1547602144771706961
652,Team Ultra Esports,manishprajapat_,'1185649967126298656',devilmaycry2757 (1050487665637740624) | nikhilkumar00071 (1529024482574995456) | manishprajapat_ (1185649967126298656) | tgexsid (1456975119573586106),4,https://discord.com/channels/1538500688038994040/1543556316377645067/1547608269101604894
653,Team Heist Syndicate,haseebmuzafar_07,'1542124169129627658',haseebmuzafar_07 (1542124169129627658) | berlin_0301 (1547531250854666261) | viperrrrrrr__01671 (1530125888685998140) | jinx_500 (427075972215341068),4,https://discord.com/channels/1538500688038994040/1543556316377645067/1547610234850250793
654,Team 4 Elite Main Line Up,ashu6445,'635124671704072195',tharabhaijoker (1525751674919063584) | ashu6445 (635124671704072195) | iqooxsubh (1497867856375713884) | omi088871 (1443833842153685012),4,https://discord.com/channels/1538500688038994040/1543556316377645067/1547616263063216168
655,Team Firexesports,vharinath059,'1495755317898641468',mamasnakexyt (941377086722044025) | hari052335 (1530850302172074067) | vharinath059 (1495755317898641468) | asif030387 (1530827019594502236),4,https://discord.com/channels/1538500688038994040/1543556316377645067/1547621316838822009
656,Team Zephyr Esports,ig_spiritgodx,'1365707696422256671',gojo_sensie09 (547056805067620353) | dc.dinoop (1480039434094383114) | whyynottadii28 (686058049881768002) | ig_spiritgodx (1365707696422256671),4,https://discord.com/channels/1538500688038994040/1543556316377645067/1547629336176369684
657,Team IMMORTAL,incmatrixgod,'1525139830005043202',incmatrixgod (1525139830005043202) | bhabanii3. (1482645139095556107) | yuvrajsubedi (1353749662749818930) | immortalx_t (1525162078460186766),4,https://discord.com/channels/1538500688038994040/1543556316377645067/1547631662463197296
658,Team Vantox,shrestx,'1133313875375300618',voxpiyushh (1547629600547410032) | shrestx (1133313875375300618) | voxmohit (1386237753418711162) | ayush000329 (1547520680634097694),4,https://discord.com/channels/1538500688038994040/1543556316377645067/1547632710745325678
659,Team Power Booster,m.s.h.o.t7519,'934454900211994675',galaxy084127 (1519946361577930832) | m.s.h.o.t7519 (934454900211994675) | gcxkatariya (1113430393102815324) | no1.crypto (1506259385624563855),4,https://discord.com/channels/1538500688038994040/1543556316377645067/1547632896364249108
660,Mega Knights,amanqureshi0688,'1524693944133357660',aman_51529 (1116419848352829440) | amanqureshi0688 (1524693944133357660) | nishantgaming51 (1325332604387590158) | lovelygill21 (1525495717379051612),4,https://discord.com/channels/1538500688038994040/1543556316377645067/1547633630896201788
661,Team Neo Falcons,kamehaha10_86190,'1211595417179914332',hindxking (1006154065039851520) | ig.rijuan_50839 (1541438209873936466) | kamehaha10_86190 (1211595417179914332) | roxen0091 (1541685671255613534),4,https://discord.com/channels/1538500688038994040/1543556316377645067/1547642767197474907
662,Team Thunder Esports,fahadqureshi787,'1330845022639230978',abhishek079092 (1543103765463302284) | fahadqureshi787 (1330845022639230978) | faiz.yaseen (1278327786565533698) | aamirkhan07585 (1542811558214901794),4,https://discord.com/channels/1538500688038994040/1543556316377645067/1547645312095621230
663,senzearnav's team,senzearnav,'1511304820974288978',starcgaming.gg (1540589208198971393) | senzearnav (1511304820974288978) | shrestx (1133313875375300618) | ayushgupta0683 (1482417270981529781),4,https://discord.com/channels/1538500688038994040/1543556316377645067/1547646593732190358
664,Team Beg4Life Esports,oggya_79,'1300695516442529804',next_jonny (1337600908225417316) | austinog. (1114484141191331972) | oggya_79 (1300695516442529804) | kingplayzzz. (1187332019785576487),4,https://discord.com/channels/1538500688038994040/1543556316377645067/1547646991255998565
665,Team Katxesports,aavezxpasha,'1397235866962890864',aavezxpasha (1397235866962890864) | mdkareem0493 (1391689125421387817) | dynoarshu (1060217445828272178) | akmalyt6997 (890164752146391052),4,https://discord.com/channels/1538500688038994040/1543556316377645067/1547654312572878928
666,Team Dark Genesis,wanted469,'1065901849863004170',iconicislive_ (1445059592722583585) | wanted469 (1065901849863004170) | legend084459 (1505407710345297950) | savage_gamerz_6311 (1323294680934252615),4,https://discord.com/channels/1538500688038994040/1543556316377645067/1547671944860803122
667,Team Nirvana,yfneos,'869457419036659772',miniwadu (1529728083303600168) | v1vannnn (1523410047093440652) | yfneos (869457419036659772) | _kaito_.7 (748863168150896750),4,https://discord.com/channels/1538500688038994040/1543556316377645067/1547673530848645211
668,Team Nahi Horaha Kya,hasnaat0216_77614,'1416774795827216467',pratham100505 (1333841484696518659) | hasnaat0216_77614 (1416774795827216467) | device21__16945 (1467483269204283491) | hydraenosh. (753961000885026846),4,https://discord.com/channels/1538500688038994040/1543556316377645067/1547674093657006200
669,Fight Till Top,aarav7181,'844625433551306793',arjunverma06_64235 (1241625871362687016) | aarav7181 (844625433551306793) | supash_421 (781411144044642344) | vanshmaria (1118180236757049414),4,https://discord.com/channels/1538500688038994040/1543556316377645067/1547675420906889308
670,Team Sky4Ever,vikram1502_,'1279420553706471424',vikram1502_ (1279420553706471424) | akshad17._31548 (1461023146370138233) | trynafind.waxim_53119 (1541077424756887595) | rexx__6 (1363520382010658936),4,https://discord.com/channels/1538500688038994040/1543556316377645067/1547677740151603281
671,Team Vantage Esports,xatul_18,'1425159579553235076',02_sameer_02 (1503259430437912656) | shroud_op (1370349292233035857) | mralex9808 (944890462240645160) | xatul_18 (1425159579553235076),4,https://discord.com/channels/1538500688038994040/1543556316377645067/1547685396752896112
672,Team Royal Stock,omkardhum123gmail.com,'937273427725803550',_balya09 (1369628025439916072) | faizankhan03152 (1508814640992354576) | omkardhum123gmail.com (937273427725803550) | siddhantlatey5001 (711280763991228416),4,https://discord.com/channels/1538500688038994040/1543556316377645067/1547688588257525852
673,Team Veer Esports,hrithik0844,'1146481616982659114',hrithik0844 (1146481616982659114) | ghutoor (752779704427348020) | satish0302 (1185978146072313886) | krish2443 (757957477449990295),4,https://discord.com/channels/1538500688038994040/1543556316377645067/1547692292024963103
674,Team Nr Esport,None,'1478483351101903152',None (1478483351101903152) | b9l0k (656926319564554250) | _ar4aa (1203059892685115472) | xmusti9 (1392717186052657212),3,https://discord.com/channels/1538500688038994040/1543556316377645067/1547780712680128523
675,Team Cosmic Esports,kamaljeetkumar444,'1260093901537017998',robin088214 (1544203561691250734) | kamaljeet_684_19249 (1547787068850180147) | shivam120308 (1547785158688637078) | kamaljeetkumar444 (1260093901537017998),4,https://discord.com/channels/1538500688038994040/1543556316377645067/1547790552836083763
676,Team Red Eagles,tanaymoadal,'1419706031201587301',6901570236 (1253991534513225760) | suvo00227 (1460148316359622709) | tanaymoadal (1419706031201587301) | shreyas_0183 (1268871405085134982),4,https://discord.com/channels/1538500688038994040/1543556316377645067/1547808798339633264
677,Team T69 Igris,andhkarx4700,'956507893765668884',rvxflash077 (1483473697988804748) | andhkarx4700 (956507893765668884) | goldy3354 (875249523574849596) | tani0102. (1547604285666099244),4,https://discord.com/channels/1538500688038994040/1543556316377645067/1547827607779938415
679,Team Waf Esports,monkeyhop6711,'521679982188167168',rolexgkydt_19420 (1517158469394763960) | monkeyhop6711 (521679982188167168) | amaan5807 (1077435347396481104) | tsf02571 (1353361975161389108),4,https://discord.com/channels/1538500688038994040/1543556316377645067/1547832351550083115
680,Team Alpha Ego,the.zerox.org,'1385500415763808357',captainvipsa_36125 (1501932779653566625) | ayus.hsingh (1368130160410497156) | the.zerox.org (1385500415763808357) | deathismetiocracy_26045 (1226070227276795934),4,https://discord.com/channels/1538500688038994040/1543556316377645067/1547832953676234905
681,Team 4M,stdxgaurav8956,'696971851620024360',stdxgaurav8956 (696971851620024360) | crmnlxkyuubi7153 (713368096265732120) | kinggg0261 (1343978111166976000) | love0880 (768207422535237733),4,https://discord.com/channels/1538500688038994040/1543556316377645067/1547835786685055088
682,Team Vanta Esports,julaix_,'1503750292532105336',julaix_ (1503750292532105336) | nganba0166 (1543250285852368906) | khura0887 (1359129195216769164) | thoithoibamangang (1537051106855624845),4,https://discord.com/channels/1538500688038994040/1543556316377645067/1547838154025869334
683,Team Clover,manoj02835,'754196584031322144',manoj02835 (754196584031322144) | thearms2k257743 (669176086890020875) | hruthikbc1793 (754619155579404300) | ak74_74_87939 (1469186575177875558),4,https://discord.com/channels/1538500688038994040/1543556316377645067/1547849263025758269
684,Team Tag Aadi,aaditay0100,'1546487954459988030',udaykumar0331 (1546723526298439681) | arjun009560 (1546739125401559090) | mayank096582 (1546740719262244874) | aaditay0100 (1546487954459988030),4,https://discord.com/channels/1538500688038994040/1543556316377645067/1547855396889305099
685,Team Orcus,orcushexy09,'1283033665064140852',4069360894 (1283022108427026472) | orcushexy09 (1283033665064140852) | rohit_sky (1270975232038928485) | deltaislive (756577699740385311),4,https://discord.com/channels/1538500688038994040/1543556316377645067/1547858048511639573
686,Team Venomous Vipers,levinx0116,'1374005084400259124',jitendrakhade07 (1508448065382649984) | _balya09 (1369628025439916072) | levinx0116 (1374005084400259124) | kamaljeetkumar444 (1260093901537017998),4,https://discord.com/channels/1538500688038994040/1543556316377645067/1547858732099182673
687,Team Galaxy Evolution,hydrawrik,'712231467807408148',_draxop (719796251209760769) | ankitsaha6446 (752429412904861818) | hydrawrik (712231467807408148) | priyanshu132 (942640083432005682),4,https://discord.com/channels/1538500688038994040/1543556316377645067/1547861985322868748
688,Team Fear The,ftn.raga,'1488056135335411814',skywrathop (698965120948371538) | _demonick._ (1434908679890669629) | ftn.raga (1488056135335411814) | ftnxmamta_48237 (1525437557641576559),4,https://discord.com/channels/1538500688038994040/1543556316377645067/1547864289866555444
691,Team Dominex Esports,guywithinsanelevelofinsomnia,'683340941041467395',a_optim (905077874447495209) | aguywithinsanelevelofinsom_09619 (1460831464651489361) | guywithinsanelevelofinsomnia (683340941041467395) | bgmiplayer8964_63779 (1252144055475896471),4,https://discord.com/channels/1538500688038994040/1543556316377645067/1547865419589619763
692,BLOODLINE.ESP,adxrsh_420,'1272403053894438925',daichi9695 (957159722941816832) | me_lima21 (1511362335187537970) | noor_2106 (1184237499443322883) | adxrsh_420 (1272403053894438925),4,https://discord.com/channels/1538500688038994040/1543556316377645067/1547873719412727889
693,Team Mgt,rologaminglivebgmi,'1499676573060698254',nomoresid_ (627061770355474432) | rologaminglivebgmi (1499676573060698254) | hydrawrik (712231467807408148) | shivam120308 (1547785158688637078),4,https://discord.com/channels/1538500688038994040/1543556316377645067/1547875729402757120
694,Team Zero Mercy,angrejsingh0176,'1543791492949213274',sam_6411 (1547872627652165642) | hyperx1322 (1546778900846219314) | angrejsingh0176 (1543791492949213274) | saksham_02 (1263019532046303262),4,https://discord.com/channels/1538500688038994040/1543556316377645067/1547876099520864337
695,Invincible Esports,ambar08563,'1488221071617560686',ayazul_ (1060870647020003400) | dityaraj (1541765985516789842) | ambar08563 (1488221071617560686) | sameer061145 (1546493387526635575),4,https://discord.com/channels/1538500688038994040/1543556316377645067/1547882909871120475
696,Team X Corps,unknown3609779,'760367283896975360',unknown3609779 (760367283896975360) | toxassassin_50507 (1443898761624682537) | rana19964426 (642969809268506674) | nova20068 (1250138178912784434),4,https://discord.com/channels/1538500688038994040/1543556316377645067/1547887062282280971
698,Team Rdx Esports,suhailkhan0682,'1389958069773144084',arjun009560 (1546739125401559090) | suhailkhan0682 (1389958069773144084) | aaditay0100 (1546487954459988030) | tanish_playz04 (1502036952608936047),4,https://discord.com/channels/1538500688038994040/1543556316377645067/1547892410347028602
699,Team Cid,rich.chahal,'1468140567434105021',neely9t (1523602821411508265) | ankit3490 (512112857417121802) | arish7630 (1052641680689479740) | rich.chahal (1468140567434105021),4,https://discord.com/channels/1538500688038994040/1543556316377645067/1547895234388828211
700,Team Noughty Noob,d55pusingh,'1483495810560688201',aryanplayzyt__58927 (1498937602659581992) | d55pusingh (1483495810560688201) | sanjeev0313 (1518578530798141531) | tagaman_38344 (1512668121218154518),4,https://discord.com/channels/1538500688038994040/1543556316377645067/1547895651407241228
701,Team Tag Aadi,arjun009560,'1546739125401559090',udaykumar0331 (1546723526298439681) | arjun009560 (1546739125401559090) | mayank096582 (1546740719262244874) | aaditay0100 (1546487954459988030),4,https://discord.com/channels/1538500688038994040/1543556316377645067/1547900404862287913
702,Team Kapali Esports,4gods_rdx77,'760879199320932353',mr.indian16 (1016639952232120330) | 4gods_rdx77 (760879199320932353) | None (1389712121675124786) | brahama_gamer (1389105939986256043),3,https://discord.com/channels/1538500688038994040/1543556316377645067/1547909676153311313
704,Team Icy Clutch Esports,xceedopplays_82215,'1410679518233890958',bishal1258 (789494019691773962) | ankit078415 (1382255269853138965) | xceedopplays_82215 (1410679518233890958) | knightoop (843439346941558814),4,https://discord.com/channels/1538500688038994040/1543556316377645067/1547913143710257194
705,Team Reals X Propath Esport,smokygirlyt,'821273528384094218',smokygirlyt (821273528384094218) | 7_tanmay_7 (809262076789915668) | zodeyxxs4 (1353493655629070396) | grootgaming70 (1309925553171726447),4,https://discord.com/channels/1538500688038994040/1543556316377645067/1547913817642500160
706,JUSTZ ESPORTS,toroaog,'1291046544811757681',rcxpenicog._28646 (1541144710939156520) | toroaog (1291046544811757681) | etxavinash (1533032870409404595) | spellgarunabackwards (1229515204573003878),4,https://discord.com/channels/1538500688038994040/1543556316377645067/1547914431248338976
708,Team Pro King,hurew_,'1545705471946661930',arjun009560 (1546739125401559090) | hurew_ (1545705471946661930) | xceedopplays_82215 (1410679518233890958) | rxlegend0100 (1228215812134015087),4,https://discord.com/channels/1538500688038994040/1543556316377645067/1547933897562792007
709,Team Roa Esports,abiz002,'730205417916858410',mohan0076634 (1515338723343208600) | abiz002 (730205417916858410) | arman_40952 (553549770191536148) | rahulgogoi5037_41017 (1547877390695407677),4,https://discord.com/channels/1538500688038994040/1543556316377645067/1547935043325005845
710,Team Hanuman Legends,rexyt2433,'1350113638932811860',ram_881899 (1523219671212363929) | phxvioler_24 (1523220301025116210) | rexyt2433 (1350113638932811860) | skyfall_24. (951761366186876948),4,https://discord.com/channels/1538500688038994040/1543556316377645067/1547935918189707315
711,Team Wolf Esport,mrsaif0015,'1475904462576160839',miniwadu (1529728083303600168) | rohit_sky (1270975232038928485) | mrsalman0914 (1509553116041838662) | mrsaif0015 (1475904462576160839),4,https://discord.com/channels/1538500688038994040/1543556316377645067/1547944206729740422
712,Team Pinghigh,thorfinn0934,'1544017911608381450',phtanjiro._25039 (1542123515648540744) | thorfinn0934 (1544017911608381450) | luffy08230 (1544023830043824298) | tronex.17 (1524507367658487839),4,https://discord.com/channels/1538500688038994040/1543556316377645067/1547944994911031427
713,Team Cursed Aura,shriram__4311,'931036650694385684',lord05170 (1528642191751123032) | utkarsh_jain13_22744 (1464940167730299036) | shriram__4311 (931036650694385684) | keshav_4221 (1240983502929793069),4,https://discord.com/channels/1538500688038994040/1543556316377645067/1547949152300961943
714,The Top Esports,bothekya,'1142820582614896670',sureshpatel (848831926618030137) | rakesh036217 (1547947651058634794) | nitinjacub4494 (632136721689083914) | bothekya (1142820582614896670),4,https://discord.com/channels/1538500688038994040/1543556316377645067/1547953277172187247
715,TEAM RAGE HEAVEN,_biometric_,'1458344585284685966',nokdang. (1497996371662213381) | 1unsanglen (1502531490582630421) | _biometric_ (1458344585284685966) | yuri059938 (1518566438372249815),4,https://discord.com/channels/1538500688038994040/1543556316377645067/1547954590010449941
716,Team Bts Esports,btsesports01,'1546854893258678344',abdulrafek3495 (805484954217742376) | thomas1727219 (1547621173083504651) | btsesports01 (1546854893258678344) | mrdynoop (1080115404292227173),4,https://discord.com/channels/1538500688038994040/1543556316377645067/1547960863179276309
717,Team Xathrion Esports,sujoys.d.j1738,'779291572713160736',sujoys.d.j1738 (779291572713160736) | aimgod143 (724708300301664377) | kewalmukhia (1276507431148458138) | darkjinlive (1430131827347030127),4,https://discord.com/channels/1538500688038994040/1543556316377645067/1547967774238711980
718,Team Bullseye Esports,suikillspritsuia8003,'726663006624284672',bhanu4178 (873506168826376192) | suikillspritsuia8003 (726663006624284672) | rohit026530 (1454733232938418260) | rahuldaroga (1546476268701089894),4,https://discord.com/channels/1538500688038994040/1543556316377645067/1547968099741999195
719,VANTA THEORY ESPORTS,guri_dhillon_01,'929936199248908380',action122 (1345407018005172256) | nakul6531 (618433347869212682) | guri_dhillon_01 (929936199248908380) | bibek0713 (1265351067600949383),4,https://discord.com/channels/1538500688038994040/1543556316377645067/1547968353572880386
720,MGT ESPORTS,etdxshubh,'1249236958195093556',yatingamingchannel_93751 (1181279092587376721) | ayushmishra0264 (1546800522093400105) | etdxshubh (1249236958195093556) | None (1547822657360363541),3,https://discord.com/channels/1538500688038994040/1543556316377645067/1547968770511995012
721,Team Thrust Goat Esports,sachin8751,'929625069708267591',xprowigo (1291722314043621467) | sujal_75488 (854203629104136203) | shakshamsingh4477 (841588423135199252) | sachin8751 (929625069708267591),4,https://discord.com/channels/1538500688038994040/1543556316377645067/1547968865542209599
722,Team Apex Savages,patel0016,'1377642191505068155',realxdragon (842293568969768960) | patel0016 (1377642191505068155) | jdgaming0815 (1541487274351394870) | drdoom8900 (1423211658335092766),4,https://discord.com/channels/1538500688038994040/1543556316377645067/1547969431253156043
723,Team Almighty Esports,yatingamingchannel_93751,'1181279092587376721',yatingamingchannel_93751 (1181279092587376721) | None (1160901500491542538) | divine039795 (1538917904597131364) | nishachar09._05709 (1541438069423476806),3,https://discord.com/channels/1538500688038994040/1543556316377645067/1547969463763337228
725,Team Wtf,rishabhsoni0068,'1523698839201120316',vinaysteve (1392026162837848105) | rishabhsoni0068 (1523698839201120316) | ssxyaman (1519571752160854046) | wtfxkillpglu (1361176228895392014),4,https://discord.com/channels/1538500688038994040/1543556316377645067/1547969575516377169
726,Team Sonic Ultra Sound,merenjamir0999,'1221083658153361498',warning5106 (1031191077123788800) | merenjamir0999 (1221083658153361498) | avika0213 (1361977345702891693) | nothingtosay8126 (947359897949982790),4,https://discord.com/channels/1538500688038994040/1543556316377645067/1547972892829032459
727,blinku01's team,blinku01,'1547215637913276556',akash.0812 (913758480475758592) | inzito. (1529941839426224228) | weong75 (841699902521081906) | blinku01 (1547215637913276556),4,https://discord.com/channels/1538500688038994040/1543556316377645067/1547973983926878350
728,Team Mad Eye,tmexrishav,'569542631466598430',debanshudp (838684663064952832) | zerry7559 (944896616270295130) | mestarxxx (587634088417034261) | tmexrishav (569542631466598430),4,https://discord.com/channels/1538500688038994040/1543556316377645067/1547975210563797003
730,Team Bihar Reign,girishsingh__42719,'1265253878954459268',khelega. (1311994972630810640) | girishsingh__42719 (1265253878954459268) | godse304 (1502336558978830408) | upxpower8 (1468602527036735636),4,https://discord.com/channels/1538500688038994040/1543556316377645067/1547975756661919866
731,Team Venom Esports,fantomkratos,'1516663390490071174',ved00983 (1441452567443013732) | fantomkratos (1516663390490071174) | 03alyster (1368847422587142184) | kaush111 (801095482821836841) | rutu12349640 (954310410192973875),5,https://discord.com/channels/1538500688038994040/1543556316377645067/1547976029140680746
732,4 Thieves,spidyw3b,'477405842837340185',vltzakhmi9547 (877821222728118352) | spidyw3b (477405842837340185) | funtoon786 (1021091582679711754) | wiser907 (760559129919094846),4,https://discord.com/channels/1538500688038994040/1543556316377645067/1547976535573798983
733,Trigger Gods,ig.jamil,'1408746051069935828',ignasim (1545714943951765520) | None (1545730573400543234) | ig.jamil (1408746051069935828) | None (1545717161484361791),2,https://discord.com/channels/1538500688038994040/1543556316377645067/1547977707693023243
734,Team Dot Esp,ded_action,'1539918605016244295',mourya577 (873154726622015499) | ig.jamil (1408746051069935828) | oblivn_12 (739417898149347390) | ded_action (1539918605016244295),4,https://discord.com/channels/1538500688038994040/1543556316377645067/1547989163868037121
735,Team Death Machine,karnajeet0687,'1540991191007494184',_michael890 (1547985480648491144) | karnajeet0687 (1540991191007494184) | thomas1727219 (1547621173083504651) | lanchennganba_40818 (1547624900179529933),4,https://discord.com/channels/1538500688038994040/1543556316377645067/1547989431603036252
736,Team Inertia Esports,ayushkkc491,'1491245418238181446',kushal05949 (1371778186039263374) | atharva_26257 (1536331422023819284) | neel101107 (1513946391934669093) | ayushkkc491 (1491245418238181446),4,https://discord.com/channels/1538500688038994040/1543556316377645067/1547992299806396437
737,Team Z2H Esports,romeo070968,'1441326496429117501',derekz7 (1400081436140376138) | ufgameryt3881 (818826229431009300) | romeo070968 (1441326496429117501) | sanjeev00247 (1541813799168770132),4,https://discord.com/channels/1538500688038994040/1543556316377645067/1547999036676513864
738,Team Dark Knights,oldmonk06,'1226095740187709480',oldmonk06 (1226095740187709480) | starcgaming.gg (1540589208198971393) | xprosa2 (1028493906662408232) | tozenx_12 (1295301885950955573),4,https://discord.com/channels/1538500688038994040/1543556316377645067/1548012540213330051
739,Team Rage Force,soul8324,'1114553158987943966',frenzybgmi_06155 (1538487093037105192) | rdxbeast._41994 (1267550756979085369) | soul8324 (1114553158987943966) | krishnai4902 (789839920315367455),4,https://discord.com/channels/1538500688038994040/1543556316377645067/1548013126342021264
740,Team 4 Angry Blades,naved25,'717583024035987486',wyldegamer (1158125508094087378) | _aaryan_x1_18307 (1222103050412359756) | wyldegamer2404 (863966293110292510) | naved25 (717583024035987486),4,https://discord.com/channels/1538500688038994040/1543556316377645067/1548017859056107562
741,Tean Name Superior Esports,akku02_,'1532427187934986288',akku02_ (1532427187934986288) | ashish067606 (1545704361781493833) | aman048027 (1529491506262573096) | darklshadow44 (1534546578755420221),4,https://discord.com/channels/1538500688038994040/1543556316377645067/1548018727499464717
742,zombie0000009's team,zombie0000009,'836974426469040158',aman048027 (1529491506262573096) | captain044480 (1546210164829593602) | zombie0000009 (836974426469040158) | gabbar9is_live (1539979642851692639),4,https://discord.com/channels/1538500688038994040/1543556316377645067/1548019666868371577
743,Team Veltrix Esports,ishotmaddy_123,'1039217932208713728',vijayshendage (1540213519348400168) | ishotmaddy_123 (1039217932208713728) | igsigma. (1548015020242239528) | kyro086052 (1533430938476871905),4,https://discord.com/channels/1538500688038994040/1543556316377645067/1548021108563910727
744,Team Deathgod,golgappi_here,'1471897863759069523',ashugr8 (1336643689920987177) | golgappi_here (1471897863759069523) | makdiii0534_06612 (1537550113054924902) | wukongg0_0 (1547986502758305927),4,https://discord.com/channels/1538500688038994040/1543556316377645067/1548021394330230795
745,Team Hawaii Esports,annamkhan._.,'1399827270364823644',arhan02422 (1541459543643529376) | plutoearth0 (1543537972295508008) | annamkhan._. (1399827270364823644) | afshankhan0357 (1538173135327723687),4,https://discord.com/channels/1538500688038994040/1543556316377645067/1548022141717319732
746,Team Wild Inferno,himanshusingh075,'884395862023876648',himanshusingh075 (884395862023876648) | 7x.zyrox (1547557181145219122) | aqu4jod_ (1286005302290026579) | sujalgaikwad__40438 (1214633428952162334),4,https://discord.com/channels/1538500688038994040/1543556316377645067/1548033113530044417
747,Team Rapid Blood Esports,jvdjogovc_12442,'1531193745180065885',arrux0769 (1376596218683068609) | arsheditor (1505460100683399228) | jvdjogovc_12442 (1531193745180065885) | arruxvortex (1531195302009372734),4,https://discord.com/channels/1538500688038994040/1543556316377645067/1548033745758453872
749,Team Asur,burnz9163,'564369163066540032',burnz9163 (564369163066540032) | anupkhadsare (1548046012155953282) | burnzop (836325891273261116) | asurvaibhav5557 (843887905990377493),4,https://discord.com/channels/1538500688038994040/1543556316377645067/1548048401239900251
750,Team Signify,chingkhei3634,'995160084491534386',chingkhei3634 (995160084491534386) | thounaojamchourjitsingh (1546599963352375299) | atangba_ (1548059831666085908) | sasa2d_34482 (1342025679960805429),4,https://discord.com/channels/1538500688038994040/1543556316377645067/1548062213322047489
751,Triple Og Esports,jaswant05162,'1455856640954859541',xtoner_ (1531249126019174456) | tog0284_88348 (1548066378236305489) | hitesh013128 (1531932054411804833) | jaswant05162 (1455856640954859541),4,https://discord.com/channels/1538500688038994040/1543556316377645067/1548067930749804656
752,Team Aura,ig.tatya,'1222990837248430260',jesuit0239 (1543687216235028521) | ganesh002778 (1543685537997791274) | toji._333_56095 (1543688765040631859) | ig.tatya (1222990837248430260),4,https://discord.com/channels/1538500688038994040/1543556316377645067/1548084616148164651
753,Team Targaryen,tereson_22,'1432629960484323420',tootahuagulabjamun__33361 (1541396977185591328) | tereson_22 (1432629960484323420) | bubbugamer (1391398866628382853) | tearya (813791699816939550),4,https://discord.com/channels/1538500688038994040/1543556316377645067/1548085524915560562
754,youtubeps's team,youtubeps,'1434829067533811845',laddi0558 (1524754494242553968) | doctorvicky (1522439857664823313) | vaibhav021521 (1517528036277489763) | youtubeps (1434829067533811845),4,https://discord.com/channels/1538500688038994040/1543556316377645067/1548144401803509894
755,Team Non Stop,dhara9203259,'872742773139333140',riyansh0103 (1483381762452226120) | ankit023801 (1373478210972553226) | romeo022573 (1453652236604407851) | dhara9203259 (872742773139333140),4,https://discord.com/channels/1538500688038994040/1543556316377645067/1548157518176325644
756,Team Aurora,prathmeshkamble.,'1469315311655190680',prathmeshkamble. (1469315311655190680) | sujat3120 (890956463344848917) | caxmadara (1442729375241076757) | aditya017766 (1454398305537884222),4,https://discord.com/channels/1538500688038994040/1543556316377645067/1548157566003978311
757,Team Parasfx,ayush.892,'1388006108341338225',psfxwraith (1547865040919593031) | psfxwoid (1388008721505849487) | ayush.892 (1388006108341338225) | psfxhunter_77539 (1523928058338349267) | psfxmaya. (1509398309259837560),5,https://discord.com/channels/1538500688038994040/1543556316377645067/1548167490419564555
758,Team Tzx Esports,sx1865899,'1539639310624624700',tzxabhay (1292697818984747019) | sx1865899 (1539639310624624700) | himesh0850 (1179803336988442766) | prince__sharma6042 (892080048746668063),4,https://discord.com/channels/1538500688038994040/1543556316377645067/1548170232433221663
759,Team Abux,abux0564_62791,'1533808197293576398',zaidii_07 (1537403380127899730) | loleshgamer (1204397281437024259) | shubham048229 (1397492298866229325) | abux0564_62791 (1533808197293576398),4,https://discord.com/channels/1538500688038994040/1543556316377645067/1548174859048198215
760,Pinky Gang,vishal_2907,'851483928443093032',vishal_2907 (851483928443093032) | ninja7909 (583337487158738944) | aayushsharma6117 (1548146058897395763) | priyanshu078562 (1426545800036745319),4,https://discord.com/channels/1538500688038994040/1543556316377645067/1548182297222578227
761,Team aura gaming,vedukarale43,'1262365849214259200',vedukarale43 (1262365849214259200) | hrutviknaik. (1525447217522016329) | ganeshkolambe (1433343214168969290) | lionnn82 (1546904754993758239),4,https://discord.com/channels/1538500688038994040/1543556316377645067/1548193561793658991
762,Team Rf,xtreme7773,'1244240059239108649',xtreme7773 (1244240059239108649) | jay_verma21 (1539533976325070898) | ravenx6429 (1520429836856852550) | krishna_3743 (1544957714785116198),4,https://discord.com/channels/1538500688038994040/1543556316377645067/1548193790920106025
764,Team Esports Strickers,stricker0774,'1517924410642927839',hunter927209272 (1544069003029389406) | sam_6411 (1547872627652165642) | amna013817 (1520029491722850446) | stricker0774 (1517924410642927839),4,https://discord.com/channels/1538500688038994040/1543556316377645067/1548194874950549525
765,Team Volt,alkama0182,'1462856083495452729',.rageop669 (705533888109346848) | alkama0182 (1462856083495452729) | voltxlevi._03567 (1523312962742259762) | voltxtitan (1015989136320118944),4,https://discord.com/channels/1538500688038994040/1543556316377645067/1548197017807888415
766,Team Ego Arena Esport,manojkumar4234,'995963250258755735',mihirytlive (1457043897317331191) | itxbashu (1256139014860308524) | devil_gaming4590 (848956065034535013) | manojkumar4234 (995963250258755735),4,https://discord.com/channels/1538500688038994040/1543556316377645067/1548198019248300054
767,Team Nxs Esports,jadunotxdahad,'1226413902682783764',reetiksingh (1542374525809860649) | jadunotxdahad (1226413902682783764) | nxspower (1303295193419878412) | nxsxfuseeog (1525579435837755423),4,https://discord.com/channels/1538500688038994040/1543556316377645067/1548200091691647048
768,Team Office Boys,jiraiya_gaming_yt,'1200188231937949697',jod5_ (1140671860346994688) | jiraiya_gaming_yt (1200188231937949697) | jodop05190 (1489957618792534027) | pahadi03733 (1547508713307512884),4,https://discord.com/channels/1538500688038994040/1543556316377645067/1548201967468158997
770,Team 7 Aura,rishabhgaming0479,'1438806663812612149',None (1527939319694626906) | honest_fox_93773 (1544216339080675365) | jadunotxdahad (1226413902682783764) | rishabhgaming0479 (1438806663812612149),3,https://discord.com/channels/1538500688038994040/1543556316377645067/1548203269568995359
771,Team Spartan Esports,9255020531,'1450506805435301950',sexchokoo (1543846971373260840) | lucky072952 (1543849238180405371) | 9255020531 (1450506805435301950) | aditya_jrr (1544559682545254463),4,https://discord.com/channels/1538500688038994040/1543556316377645067/1548206656402231338
772,Eli8 eSports,egoistv4,'1491647559784206437',anuj.o8_42472 (1427312887424221345) | mfyragnar (1450804415413092405) | egoistv4 (1491647559784206437) | sujal012780 (1432592509690843190),4,https://discord.com/channels/1538500688038994040/1543556316377645067/1548207206510501940
773,Team Prime Esports,rvncnitesh,'1096679322464563280',rvncnitesh (1096679322464563280) | jiraiya_gaming_yt (1200188231937949697) | abhishek019430 (1539886809813876818) | pahadi03733 (1547508713307512884),4,https://discord.com/channels/1538500688038994040/1543556316377645067/1548208232541978666
774,Team Rst,rasid0711,'1234705988028862505',umar099562 (1394254214141841408) | rasid0711 (1234705988028862505) | zen_dragon_26581 (1548209771184791633) | blxsamir (1394191233714356357),4,https://discord.com/channels/1538500688038994040/1543556316377645067/1548211539100831855
775,Team Espada,_roh1iittt,'1459973028661301320',krishnathegoat_7 (1548045350672269392) | None (1548195377985880097) | _roh1iittt (1459973028661301320) | espadaakelakafihu_95157 (1548190810082648064),3,https://discord.com/channels/1538500688038994040/1543556316377645067/1548211594109128765
776,Team Mysterious,pankaj_op008,'932201491521998899',stricker0774 (1517924410642927839) | pankaj_op008 (932201491521998899) | amna013817 (1520029491722850446) | laksh4960 (854560807613497375),4,https://discord.com/channels/1538500688038994040/1543556316377645067/1548212954216796203
778,Dexter Esports,aizenn.14,'1317511834382893186',billu169_38036 (1487026176370151424) | lakshcant_study_40087 (1373172514712195073) | aizenn.14 (1317511834382893186) | ayush6795 (1120943256608440391),4,https://discord.com/channels/1538500688038994040/1543556316377645067/1548214788671410187
779,Team Zenith Esports,mr.pitter01,'1435809173106462832',mr.pitter01 (1435809173106462832) | avishjaatp6_48249 (1515593820631208089) | toxic_yamraj (1492010324004442233) | None (1333172726256500786),3,https://discord.com/channels/1538500688038994040/1543556316377645067/1548215173930557451
780,Team Bihari Babu,sunnysnehi,'1547501399762542617',sunnysnehi (1547501399762542617) | junaid011003 (1494056738545209386) | None (1547496194257981556) | brbxakash (1547505656750149665),3,https://discord.com/channels/1538500688038994040/1543556316377645067/1548217202623119371
781,Anzeus Esports,hyper_x0870,'1123205069911883826',helltrex.10 (537645747680837640) | raistarop4425 (810511581984980992) | hyper_x0870 (1123205069911883826) | france2391 (555324837875417101),4,https://discord.com/channels/1538500688038994040/1543556316377645067/1548217814907879475
782,Team Xo Esports,virendrasinhjadav.2003,'1509783059031920741',maxgaming0575 (1524105673019752721) | virendrasinhjadav.2003 (1509783059031920741) | satish0302 (1185978146072313886) | xogunlion (1526230079800217743),4,https://discord.com/channels/1538500688038994040/1543556316377645067/1548218050417786941
783,Team Badmass,yogesh060466,'1509252870673928335',aman050353 (1547996456269516920) | nishantthakur0997 (852889637932236801) | prem.06_62435 (1292516992133234722) | yogesh060466 (1509252870673928335),4,https://discord.com/channels/1538500688038994040/1543556316377645067/1548219473939660801
784,Team Revangegod Esports,rgxrehan09,'1502166594972028968',rgxrehan09 (1502166594972028968) | saadhussain6590 (1268937891661221890) | wizerd48 (1359470664242958388) | fahimullah0627 (1348945376102711380),4,https://discord.com/channels/1538500688038994040/1543556316377645067/1548219788340236309
785,weliym124's team,weliym124,'1451855008260821157',weliym124 (1451855008260821157) | papuboro. (1504371660579405904) | r4wxcaptain (941649525624414228) | manab5509 (994066031549091862) | rituparna9261 (865075399067172894),5,https://discord.com/channels/1538500688038994040/1543556316377645067/1548221046459473932
786,Team Sprayyy,siddhu05011,'1531150903208579162',sayanmondal0765_23499 (1534148294794805329) | siddhu05011 (1531150903208579162) | param001776 (1547494893428019283) | ig_thunder_555 (1534424376945147958),4,https://discord.com/channels/1538500688038994040/1543556316377645067/1548221392326107139
788,purv3sh's team,purv3sh,'1411763377079976086',rudrathegoattttt_65598 (1546245399763877938) | nxtneo5826 (844811674561150986) | leo055030 (785727051482267668) | purv3sh (1411763377079976086),4,https://discord.com/channels/1538500688038994040/1543556316377645067/1548225338990002211
789,Team Nxtxofficial,vishal017145,'1233447877213290527',saurabhkumar0764 (1505681288412139682) | ny.pandat (1540663730231181322) | nxt_huntxop (570467746018492434) | vishal017145 (1233447877213290527),4,https://discord.com/channels/1538500688038994040/1543556316377645067/1548225386762997841
790,Team Guardians,masterx0756,'1396457708667801724',dolen0558 (1547202464950788137) | igl.dominus (1289206135978725467) | sangram.k (1477587828983730187) | masterx0756 (1396457708667801724),4,https://discord.com/channels/1538500688038994040/1543556316377645067/1548229703234752693
791,Team Italia,destrooyerrr,'764492241137434636',shukuruuuu (1126419971564634212) | khanzarr. (1469340472928370841) | destrooyerrr (764492241137434636) | kannan1930 (1126427929111449653),4,https://discord.com/channels/1538500688038994040/1543556316377645067/1548231116891226133
792,Team Daemon Esports,dnexkrishna,'1480427413748973732',prashant053744 (1254661376140640257) | dne_kanha (1544742048220057771) | dnexkrishna (1480427413748973732) | ._sharad_bg (860910858481041438),4,https://discord.com/channels/1538500688038994040/1543556316377645067/1548231614927208459
793,Beastz Esports,shivanshchandra6023,'859465150535827467',abdullah12129899 (893393464878845963) | hyper_x0870 (1123205069911883826) | shivanshchandra6023 (859465150535827467) | kannan1930 (1126427929111449653),4,https://discord.com/channels/1538500688038994040/1543556316377645067/1548231685974396939
794,Team Iron Vortex,ivx_rdg9213,'846283236631773184',ivx_rdg9213 (846283236631773184) | ivx_hitman3028 (1459056451111882978) | ivx_luffy (1459054045078749316) | ivxaj. (1546179526382457002),4,https://discord.com/channels/1538500688038994040/1543556316377645067/1548232456400937035
795,Team Venatus Esports,shubhamyadav0325,'1529861727749931080',nishhsays1807 (844815341607190528) | shubhamyadav0325 (1529861727749931080) | piyush_bgmi (945643928894468107) | _lxshyaa_1_59007 (1467157094846173387),4,https://discord.com/channels/1538500688038994040/1543556316377645067/1548233105222012973
796,Team Fang Esports,pathak_222,'1547917436920135700',mohitsuthar158 (1264186729523449888) | nigam64 (1548228355717988474) | pathak_222 (1547917436920135700) | jaatxitachi (1548209239787315220),4,https://discord.com/channels/1538500688038994040/1543556316377645067/1548233226370162689
797,savagexansh.'s team,savagexansh.,'1274328605387788315',m416x6x. (1445638103611080776) | savagexansh. (1274328605387788315) | wolfceo__77411 (1449078938230849749) | vishal017145 (1233447877213290527),4,https://discord.com/channels/1538500688038994040/1543556316377645067/1548233861731979275
799,Team Afo Esports,prince024063,'1382766497855705150',chandan03999 (1548222275336282153) | daku0301_84099 (1140299340682903604) | rajeevjoker9291 (859468950097625108) | prince024063 (1382766497855705150),4,https://discord.com/channels/1538500688038994040/1543556316377645067/1548237413766139995
800,Team Glory Reapers,krish12334567,'1018851278236954705',flamezy15 (1504464865815953528) | krish12334567 (1018851278236954705) | 4m_one (1439912647695794186) | jarvis8693 (923939740330389564),4,https://discord.com/channels/1538500688038994040/1543556316377645067/1548238160688058482
801,Team Three7,noorshaikh8558,'1095032341296066590',maalpiege (1124951673639555152) | zahid02059 (1546103470409383937) | achidomin (1416724930141098084) | noorshaikh8558 (1095032341296066590),4,https://discord.com/channels/1538500688038994040/1543556316377645067/1548242588148961301
802,4Deads Esports,4dsxbaji,'1514918288575168605',surajgamer7268_ (1085469101142577162) | surajgameryta4143 (689699675749875765) | 4dsxbaji (1514918288575168605) | baji._7268 (1346020859352977430),4,https://discord.com/channels/1538500688038994040/1543556316377645067/1548243408336719924
803,SHILDESPORTS,shildmonster.,'1476840649046364240',shildmonster. (1476840649046364240) | gamerboy0801_23220 (1139778860221726801) | 3853470369 (1381996103825887242) | pandaop0714 (1465602249035219150),4,https://discord.com/channels/1538500688038994040/1543556316377645067/1548243456311296074
804,Team Onlywin Paradox,deepakyadav0354,'926813742719705098',deepakyadav0354 (926813742719705098) | royal218_70365 (1538045411137294396) | dppavan (846595789602160652) | onlywinxraj (1487787195430342738),4,https://discord.com/channels/1538500688038994040/1543556316377645067/1548244314482540686
805,AUMOZEN ESPORTS,supremelord0000,'1356285826689925311',ignova16 (1542539409918926898) | vampire9751 (535184766379491349) | mozakkirnadeem. (1548238825044578386) | supremelord0000 (1356285826689925311),4,https://discord.com/channels/1538500688038994040/1543556316377645067/1548244992366084208
806,Team Alaric Esports,omega_9472_86602,'1398183156884049951',None (1375058952739491912) | gresh2560 (626327445351432192) | durvank1810 (1230501527886762139) | omega_9472_86602 (1398183156884049951),3,https://discord.com/channels/1538500688038994040/1543556316377645067/1548245756819931188
807,Team Red Bulls,yash049504,'1362702603984703709',jarvis8693 (923939740330389564) | yash049504 (1362702603984703709) | godbeast5689 (1413499802284593326) | vivek012155 (1547150114877874206),4,https://discord.com/channels/1538500688038994040/1543556316377645067/1548247420826025987
808,Team Dsg,faheem7232,'895197351633907722',assulter8029 (929023647560130640) | faheem7232 (895197351633907722) | None (1408513672367837264) | nova9906 (1532357180836155437),3,https://discord.com/channels/1538500688038994040/1543556316377645067/1548247509053476916
809,Team Undead,krishdude0810_99762,'1253775111488671777',krishdude0810_99762 (1253775111488671777) | None (690111389657858051) | nandan14708 (1291609251432894509) | so_cool62 (948505177353236550),3,https://discord.com/channels/1538500688038994040/1543556316377645067/1548248479871008839
811,Team Gt Crows,marshalllive_23716,'1483906310348210188',om_kamble17 (1548161889056460872) | gtnomax (1548241328490418258) | marshalllive_23716 (1483906310348210188) | rntxsandip (1507063001788715109),4,https://discord.com/channels/1538500688038994040/1543556316377645067/1548253890972225587
812,Team Dream Killer,ronakop4719,'710398151558692876',sarthak7302 (758283839834685460) | ronakop4719 (710398151558692876) | hiten04520 (1508730409565945876) | darshan03663 (1546705887744499742),4,https://discord.com/channels/1538500688038994040/1543556316377645067/1548254920812007510
813,Tuff Esports,synexthebest,'1353774169099075584',synexthebest (1353774169099075584) | rockingbudy (791223508771536906) | kyrxx14_80906 (1470482975144673596) | nucleophile0349 (1275515210882355252),4,https://discord.com/channels/1538500688038994040/1543556316377645067/1548258979090792459
814,Team Destroyers,sam48107,'1396460241528426556',lakshay6467 (874890563508383745) | rajxt.24 (1535884663837556786) | sam48107 (1396460241528426556) | marshalllive_23716 (1483906310348210188),4,https://discord.com/channels/1538500688038994040/1543556316377645067/1548264830698520699
815,Team Frost Rebels Esports,joshua6208,'584710124556255233',ashutosh032278 (1525161171429363752) | joshua6208 (584710124556255233) | devdhakad3377_40517 (1500783703385968642) | sohammane. (1164095636908548187),4,https://discord.com/channels/1538500688038994040/1543556316377645067/1548265859498123266
816,TEAM RISING STORM,samop_07,'864416391842758667',janu09579 (1526121095365918753) | xzemgaming (1503080439768940554) | samop_07 (864416391842758667) | godzxrashid (1296672971846320220),4,https://discord.com/channels/1538500688038994040/1543556316377645067/1548269410236633099
817,Sangharsh Gaming,errorytlive2,'1494918824699494516',errorytlive1 (883014243312631808) | errorytlive2 (1494918824699494516) | suvankar05803 (1415976887666217020) | sarko.og (1266293168811278350),4,https://discord.com/channels/1538500688038994040/1543556316377645067/1548269999322570773
818,Team Clutch 4 Elite,rehanvarsi6413,'756154067608403990',irfanvarsi_57000 (1538899534976000027) | prithvi02233 (1538897433990275123) | faizan860 (1543522970620661813) | rehanvarsi6413 (756154067608403990),4,https://discord.com/channels/1538500688038994040/1543556316377645067/1548270691315482717
819,Team Skull Breaker,astro026890,'1526838983806681099',sigmaxb2k (1401577620868567110) | astro026890 (1526838983806681099) | krishpatel0699_06167 (1220401495736979517) | kushchikani (1392546834895081582),4,https://discord.com/channels/1538500688038994040/1543556316377645067/1548270779500859533
820,Team Nxt,somya0135,'1237005066448146432',somya0135 (1237005066448146432) | bunny_x9 (1249258935349809249) | eafxsmit (1528667523497721890) | irfanvarsi_57000 (1538899534976000027),4,https://discord.com/channels/1538500688038994040/1543556316377645067/1548272851696746608
821,Team Inglorious,entity333_,'1392866052043571211',ayan__hussain (1504493648824242288) | entity333_ (1392866052043571211) | spidey.playz (1502927355843186749) | krishnakantpandey007 (1432615732239405070),4,https://discord.com/channels/1538500688038994040/1543556316377645067/1548274914727821383
822,Team X7,samitsajad00,'1327637054670114859',bgmipaglu0115_89033 (1548274005172297768) | spiddyy0_39080 (1515185646568738970) | dudechill0333_09533 (1548273335878688829) | samit0001 (1284751394229719071),4,https://discord.com/channels/1538500688038994040/1543556316377645067/1548276913515008134
823,Next Level Kings,hadeon19,'1167059094507622430',xmgviper8437 (751385948540895328) | 7sgobline (919141982654312469) | hadeon19 (1167059094507622430) | ftoss4296 (1036208786936971375),4,https://discord.com/channels/1538500688038994040/1543556316377645067/1548277911872737373
824,Team Vs Boys,simonkurane,'1502970303670784091',simonkurane (1502970303670784091) | rishabhsoni0068 (1523698839201120316) | rishabhgaming0479 (1438806663812612149) | naruto081403 (1248310561104723998),4,https://discord.com/channels/1538500688038994040/1543556316377645067/1548279198379151461
825,Team Zgruse Dager Esports,shubhaharma,'1450366885462937680',shubhaharma (1450366885462937680) | anshthakur02564 (1507328222340321280) | abhishek065942 (1546854336808620123) | fayumkhan (1526895697385881622),4,https://discord.com/channels/1538500688038994040/1543556316377645067/1548280442845794325
826,S4xEsports,adya.23,'1548265102954733738',yogesh033966 (1548275253623398500) | piyush015589 (1548273028683665540) | None (746235663682371685) | adityathorat0010 (1548279433562034238),3,https://discord.com/channels/1538500688038994040/1543556316377645067/1548281150571810909
827,Team Rcb,rajsanjayraut7736,'750996042694262805',ashu0031 (914468711669329991) | rajsanjayraut7736 (750996042694262805) | dakuop. (1115089442751926302) | aayush3334 (772676829622435871),4,https://discord.com/channels/1538500688038994040/1543556316377645067/1548283381958053919
828,Team Sama,jash447722,'1377582913004240916',shreyash00583 (1523333900095721583) | durvaslow (1475451681712902316) | jash447722 (1377582913004240916) | tag_monkey_d_luffy_81840 (1522510970247708759),4,https://discord.com/channels/1538500688038994040/1543556316377645067/1548284014140334111
829,A1 eSports,stxkhann,'1312393280465539185',razor1183 (411934569860956195) | godlbruto (1129332758662103052) | stxkhann (1312393280465539185) | jaani021 (1268994728343633973) | stxitachix17 (1322877996243222583),5,https://discord.com/channels/1538500688038994040/1543556316377645067/1548285848091492375
830,Team Warriors Of God,borntorushop,'570174729042788362',luckygotnochill (722460230235193344) | borntorushop (570174729042788362) | __flashog (1213438597370220564) | signup0009 (958749215629131826),4,https://discord.com/channels/1538500688038994040/1543556316377645067/1548286434601992263
831,Team Deathgripperss,t1divya,'1446403478300790890',refuss15 (1027590200085467168) | t1divya (1446403478300790890) | leoxmanish (1547993624430518395) | montu_00 (1447801943341662229),4,https://discord.com/channels/1538500688038994040/1543556316377645067/1548287576790532167
832,Team A1,akrohit01,'1338212555973333013',vexakash (1547477028528328707) | cheenux (1547478722863562826) | sandeepbarotiya (1548283810251149362) | akrohit01 (1338212555973333013) | krishan.saini18 (1543185346509148222),5,https://discord.com/channels/1538500688038994040/1543556316377645067/1548290431479971884
833,Team Lightning Stars,zeo18.,'1267516906672488530',siddharthsethi8576 (721570228311687200) | harxsit (1379917726595678249) | zeo18. (1267516906672488530) | nikhilkamble0209_56736 (1546221255273873540),4,https://discord.com/channels/1538500688038994040/1543556316377645067/1548291726886838296
834,Team Loc Esports,jinx7r,'1216041959102349346',adityagupta0720 (1328409008901722193) | jinx7r (1216041959102349346) | masss_51422 (1535186133032505434) | killerthor786 (1539022308323106942),4,https://discord.com/channels/1538500688038994040/1543556316377645067/1548292608621678623
835,Team Cult Esports,asif04024,'571354233170034702',mavvv77 (557741738765189145) | gokuyt036 (1415230756913152142) | saqib00021 (1408673408321060884) | asif04024 (571354233170034702),4,https://discord.com/channels/1538500688038994040/1543556316377645067/1548295424572391436
836,THRE,merajkhan0505,'1546874324017750119',zishanraza0499 (1547484496029286480) | sadikshaikh0092 (1520320020503199818) | ahmed048340 (1235973242859294862) | merajkhan0505 (1546874324017750119),4,https://discord.com/channels/1538500688038994040/1543556316377645067/1548296345339830333
837,Team Valhalla Esports,xxwinter2025,'1507264652759928832',xxwinter2025 (1507264652759928832) | akshayy_ninja66 (1320440185351311360) | mangeshkumar0078 (1459061957951885538) | gamerboy028327 (1520409335824384021),4,https://discord.com/channels/1538500688038994040/1543556316377645067/1548298891118641205
838,Krv Esports,yazy_16,'1406692873163898940',yazy_16 (1406692873163898940) | alex_s0ul (939922196376207391) | durgesh0779_07283 (1495964628327334086) | joy_boy_333 (1275689026405404695),4,https://discord.com/channels/1538500688038994040/1543556316377645067/1548302862784663633
839,Team C4X,ayush012612,'1262058547210883075',xylooop (755956702062313497) | ayush012612 (1262058547210883075) | hardik_041104 (1232032492182175916) | abhirajput1545 (956107244011941918),4,https://discord.com/channels/1538500688038994040/1543556316377645067/1548303426205515797
840,The Nexa Gaming Tng,saurabhyadav0553_73639,'1510161599468671016',saurabhyadav0553_73639 (1510161599468671016) | jogesh0213 (1543488868806955090) | godlbhai (1137306077059350628) | tgtabahi11 (1359778318173343904),4,https://discord.com/channels/1538500688038994040/1543556316377645067/1548304788897403021
842,vsw29's team,vsw29,'1544913292491759697',_sukhman_75 (1544930388110090240) | vsw29 (1544913292491759697) | paradox02000 (1262142447572746411) | shankarsuman1224 (1425379574933618725),4,https://discord.com/channels/1538500688038994040/1543556316377645067/1548306401367957666
843,RTC ESPORTS,kanav11_,'706555103439618059',hyper._.11 (502710760133230592) | kanav11_ (706555103439618059) | fe4rr_03 (1175485828986843268) | preet__2211_75744 (1217497709972295691),4,https://discord.com/channels/1538500688038994040/1543556316377645067/1548307570677121035
845,Team 1Plus Esports,kingh5911,'957546208052805652',ho4xx (1379464685765529640) | kingh5911 (957546208052805652) | kaushhik_6 (1296787601331589164) | bhonduaxf (854938575527346207),4,https://discord.com/channels/1538500688038994040/1543556316377645067/1548311709037633578
846,Team Offcial X Force,ayushjod06.,'1540335473313189959',aayush272727 (1327591370696687650) | chanveer0071 (1494665841650696244) | star_5775 (1540365804611043418) | ayushjod06. (1540335473313189959),4,https://discord.com/channels/1538500688038994040/1543556316377645067/1548311908489236531
847,TABAHI ESPORTS 🖤🤍,tagxanurag0007,'1546390858641707132',hackerxsatya (1548243914937344096) | aayush272727 (1327591370696687650) | aarushyadav9984 (1360898624728469514) | tagxanurag0007 (1546390858641707132),4,https://discord.com/channels/1538500688038994040/1543556316377645067/1548314481225109505
848,Spicy Esports,afzal_vijapura,'1292405202355228736',afzal_vijapura (1292405202355228736) | vijapuranaim11 (1259130998830927920) | zilani_vijapura (1292405049850597492) | musabvijapura (1548312954531750007),4,https://discord.com/channels/1538500688038994040/1543556316377645067/1548317012520861837
849,Team Ego Esports,gunlakshgun,'1348661918969233408',gunlakshgun (1348661918969233408) | ntpawkilo3264 (737954764209389600) | vikasthakor4116 (980315499630063626) | None (1538549358398541864),3,https://discord.com/channels/1538500688038994040/1543556316377645067/1548322166750322831
851,Team dark eSports,s_h_a_d_666,'1255819874501132298',jaanwar__ (1313059778418704446) | s_h_a_d_666 (1255819874501132298) | hammad04345 (1376570713624019086) | amanshaikh0766 (1548325961546735703),4,https://discord.com/channels/1538500688038994040/1543556316377645067/1548331333129084929
852,Team 1Nonly,neontheboss.,'1548304429667717192',neontheboss. (1548304429667717192) | 1nonlyryuga (898135067891736577) | itz_ajax_10 (1458791722338488460) | amanshaikh0766 (1548325961546735703),4,https://discord.com/channels/1538500688038994040/1543556316377645067/1548331440843001877
853,Team Ek,imranbot_,'1546581872468037712',imranbot_ (1546581872468037712) | s_h_a_d_666 (1255819874501132298) | neontheboss. (1548304429667717192) | gojogaming786 (1512321274804830310),4,https://discord.com/channels/1538500688038994040/1543556316377645067/1548331637211664405
855,Team Jawaan Squad,pranavdagar,'767768568271208518',purab18 (699868110731345953) | anshul_narang23 (1204329601153630242) | 5096130919 (1173945782672576612) | pranavdagar (767768568271208518),4,https://discord.com/channels/1538500688038994040/1543556316377645067/1548333943076429865
856,Team Alpha,digeshwar18,'1482405136482566267',naveen05621 (882550763665096755) | digeshwar18 (1482405136482566267) | ronakop4719 (710398151558692876) | hamza_10121 (1350479952398778413),4,https://discord.com/channels/1538500688038994040/1543556316377645067/1548337313442955315
857,4ARM ESPORT,bhavya04704,'1393512554743201824',shibu0099 (1331516409330794528) | igris09061 (1537138658149269504) | bhavya06721 (1483852342146367650) | abhi_1603 (1509213344551403620),4,https://discord.com/channels/1538500688038994040/1543556316377645067/1548349682533666927
858,Team Oblivion Esports,rakibbro,'682852847137718272',rakibbro (682852847137718272) | ronakop4719 (710398151558692876) | mridulislam0604_36458 (1518093064944484488) | alim078981 (1522611039781392584),4,https://discord.com/channels/1538500688038994040/1543556316377645067/1548349837550952520
859,Outlaw Op,igry0788,'1542104945845735447',sumit032279 (1430818339394945114) | luffy_pirate0587 (1372928652341411892) | outlawop77 (1514956405654814762) | igry0788 (1542104945845735447),4,https://discord.com/channels/1538500688038994040/1543556316377645067/1548350722842558486
860,Team 4Matic,igmusstafa,'1548251552492298241',igmusstafa (1548251552492298241) | ohmm9211 (1548330199102394378) | zero1pain (1548301707170029681) | zero1vijay (1548314707281190983),4,https://discord.com/channels/1538500688038994040/1543556316377645067/1548351672894488689
861,Flash Esports,kapil225_80277,'1392733237213794415',dipya_007 (1494009591477043312) | kunal0079092 (813080409688506368) | kapil00491 (1251490409952182304) | kapil225_80277 (1392733237213794415),4,https://discord.com/channels/1538500688038994040/1543556316377645067/1548358095087079470
862,Team Wonder Esports,abiyut.,'1520722597082431630',goo_sleeep (1512018710796177479) | jwngfung_34079 (1543676002197184596) | abiyut. (1520722597082431630) | debitboro._65941 (1543655005146447964),4,https://discord.com/channels/1538500688038994040/1543556316377645067/1548359348202246189
863,Team Flux,sumit_maurya_7,'1511006598208946388',sumit_maurya_7 (1511006598208946388) | shauryapratapsingh8411 (1534082193423601805) | stvr_nova (1317837338910396478) | sarthak02138 (1401602202300317726),4,https://discord.com/channels/1538500688038994040/1543556316377645067/1548361301711921314
864,Team Black Bull Esport,realmatrixx_,'1165551842151895072',realmatrixx_ (1165551842151895072) | xstar69. (1534755014105497721) | markandxdeadly (1116753438949257256) | anuj181617 (1405943191026274494),4,https://discord.com/channels/1538500688038994040/1543556316377645067/1548383250123325492
865,akashsony_24's team,akashsony_24,'1392025720104030218',vinaysteve (1392026162837848105) | akashsony_24 (1392025720104030218) | rishabhsoni0068 (1523698839201120316) | wtfxkillpglu (1361176228895392014),4,https://discord.com/channels/1538500688038994040/1543556316377645067/1548385044307902587
866,tagxgoku_07's team,tagxgoku_07,'1539916975667421207',luciferm9star. (1539708820979453953) | vishal04gtp (1537086203067899994) | ahadsheikh0299 (1451234050147880990) | tagxgoku_07 (1539916975667421207),4,https://discord.com/channels/1538500688038994040/1543556316377645067/1548389209046388737
867,ritikadhana's team,ritikadhana,'759134461966286919',amit096600 (1531362515806847017) | mohit056446 (1502128653868466306) | sarthak050534 (1306552253208985661) | ritikadhana (759134461966286919),4,https://discord.com/channels/1538500688038994040/1543556316377645067/1548396944575963267
868,Team Goat,6xgyro,'531180399301492801',harshop2505 (845154583403298856) | 6xgyro (531180399301492801) | panther7481 (513002939502166034) | emotionally_bekar (720117673974825072),4,https://discord.com/channels/1538500688038994040/1543556316377645067/1548398547890864219
869,Hard Esports,hardyuviop8799,'569434733163970570',hard_ayush_18 (1419290321468260352) | hardyuviop8799 (569434733163970570) | hunteryjishan4122 (719446575541387326) | zaynn0961 (1283345936080437263),4,https://discord.com/channels/1538500688038994040/1543556316377645067/1548411262478590034
870,7Gen Esports,maskco,'1115671584200478720',maskco (1115671584200478720) | arnavmishra0249 (1546075049071611955) | 7gengodwin_78430 (1537021440090570813) | ahmed048340 (1235973242859294862),4,https://discord.com/channels/1538500688038994040/1543556316377645067/1548413218307842220
871,Team Goatest Esports,nadebaaz,'1217111172038529084',kundanchoudhary0385 (1541742233697390595) | nadebaaz (1217111172038529084) | rjgaming0981 (1467501648883613757) | tspxhsgamer (1461364472038821959),4,https://discord.com/channels/1538500688038994040/1543556316377645067/1548430765371564083
872,Team Karma,karmaxbhavin,'848834552713445386',neel0018_ (1292533884373831681) | karmaxbhavin (848834552713445386) | hiren0357_51897 (1467807161529667685) | karma_ankesh18 (1233624636839694358),4,https://discord.com/channels/1538500688038994040/1543556316377645067/1548431121879015445
873,Team Apex Esports,misra_abhi,'1501989280686411866',aryan1230p_71094 (1518524885117304913) | misra_abhi (1501989280686411866) | jaguar04960 (1480268275681333278) | fierceigl (1386648922612695070),4,https://discord.com/channels/1538500688038994040/1543556316377645067/1548445478872555611
874,Team Ogs,crabby_04,'587915715844243466',zerokdlive (1417059288165122048) | princeop6455 (1001500124859600946) | crabby_04 (587915715844243466) | ronakop4719 (710398151558692876),4,https://discord.com/channels/1538500688038994040/1543556316377645067/1548458609279639595
875,Team Eternals,animesh9646,'988825994901225504',animesh9646 (988825994901225504) | abinash0099 (928254614476824586) | slayingop_77147 (1404848192683511810) | bhabesh2406 (888993874582851644),4,https://discord.com/channels/1538500688038994040/1543556316377645067/1548522271084257292
876,Team Syndicate,123xylo,'1296119063419949149',sam_6411 (1547872627652165642) | uceatharv. (1492164355788112044) | 123xylo (1296119063419949149) | 123jaat (1169702652242833430),4,https://discord.com/channels/1538500688038994040/1543556316377645067/1548530944065937460
877,Team Default Esports,varaabgmi,'1472185741474791599',smiley.x.noob (1087736862233350224) | 01_mobius (694492915904282754) | k_a_u_s_h_a_l_45 (1351100200554463327) | varaabgmi (1472185741474791599),4,https://discord.com/channels/1538500688038994040/1543556316377645067/1548538521176772669
878,Team Aquila Esports,jsrxmonk,'709683475724107797',carryxog11 (698815556349853707) | goatqgalaxy (1137430428479918202) | novojod (1235304490077524131) | jsrxmonk (709683475724107797),4,https://discord.com/channels/1538500688038994040/1543556316377645067/1548541035041394703
879,Team Radon,ig_aditya0009,'1470795308576280708',covergaming01 (1121793112847699968) | ig_aditya0009 (1470795308576280708) | ig_non0009 (1471428850801184798) | ig_sunny0009 (1471406893653164175),4,https://discord.com/channels/1538500688038994040/1543556316377645067/1548547060817723463
880,Team Assets,rythemapple,'1548528671139041333',sujalhangma_86541 (1548546799416115293) | anantamango_05468 (1548538209724534907) | prathamrai0257_61635 (1548545542903177356) | rythemapple (1548528671139041333),4,https://discord.com/channels/1538500688038994040/1543556316377645067/1548548740363853827
881,Team East Blue,alpha070736,'914174025176084502',sonu000884 (1545106904156606544) | iqoo15r._91439 (1520335996409872486) | shlok9407 (573410583882366997) | alpha070736 (914174025176084502),4,https://discord.com/channels/1538500688038994040/1543556316377645067/1548557072373907489
882,Team Mafia Esports,pranjal2986,'810594718194860072',pranjal2986 (810594718194860072) | vaatulya6335 (628407417377390600) | ichigoat1769 (1064873394966904864) | daddyyy88 (1132343012878458940),4,https://discord.com/channels/1538500688038994040/1543556316377645067/1548561589697773699
883,Team Kairox Esports,kaiserr_009,'1513163431870726284',sahilhussain8298 (1121343364852355112) | zork64. (931964830150164520) | kaiserr_009 (1513163431870726284) | tanishq5396 (982515028588658718),4,https://discord.com/channels/1538500688038994040/1543556316377645067/1548563022291664958
885,Team Jodlike,yash_topale,'1493486134871986226',anandvs0362 (1194808378220884080) | yash_topale (1493486134871986226) | honeyop7347 (982151048284241981) | nicknack_02 (1368635338561687703),4,https://discord.com/channels/1538500688038994040/1543556316377645067/1548575019016261677
886,Team Sleppy Esports,sleppyesports,'1347606616404529174',cryo_op (1248188005903237120) | cloudhithesh (1401615480405495965) | sleppyesports (1347606616404529174) | mr.devil_adiii_43625 (1293596961819066463),4,https://discord.com/channels/1538500688038994040/1543556316377645067/1548576715847110677
887,Team Too Esports,kelixoop,'922859659994484766',lovepreet591105911 (1493483951606726708) | kemo_hu_bhai1_71701 (1302271677270458420) | kelixoop (922859659994484766) | sayam__30 (1543875237748154460),4,https://discord.com/channels/1538500688038994040/1543556316377645067/1548577989921611880
888,Team Taw,vishnu04464,'1414201538641137735',bauji0145 (1546013170441785455) | vickyjha79 (1548574617587814461) | bwn_krish47 (1546496368099594310) | vishnu04464 (1414201538641137735),4,https://discord.com/channels/1538500688038994040/1543556316377645067/1548578571340226653
889,Team Bihari Bashers,pheonix_xd,'816259135523520512',pheonix_xd (816259135523520512) | rickastley1504 (806810293388181514) | rehaan8304 (857455894424715284) | dsak0101 (1255685089606762530),4,https://discord.com/channels/1538500688038994040/1543556316377645067/1548580316871139444
890,Team Baba Esports,rishi092406,'915249191721259008',rishi092406 (915249191721259008) | sahavagmeena (1187429946826694656) | kakaop0838 (1437444678525128836) | lavdene_bujyam (897505133146013717),4,https://discord.com/channels/1538500688038994040/1543556316377645067/1548586463849877525
892,Team Agx,agxyogesh,'1547470708249067570',agx_ansh__91757 (1548574998384476281) | agxyogesh (1547470708249067570) | harshdwivedy1735 (960049777335226418) | aditya._raj07 (725724442390691922),4,https://discord.com/channels/1538500688038994040/1543556316377645067/1548588638969925673
893,Zyphor Esports,zypmax31_67469,'1493111778899394591',None (1538892179982909583) | v1_levi_20578 (1454083260219916329) | rudra06862 (1510519995157708891) | zypmax31_67469 (1493111778899394591),3,https://discord.com/channels/1538500688038994040/1543556316377645067/1548597204925546530
894,Team Za,ur_ashish_78762,'1400761137233924179',egoissue0156_12657 (1547920186630344706) | ur_ashish_78762 (1400761137233924179) | duckoff0938_62139 (1548559548200255590) | suivenomshanox (1548559729851105402),4,https://discord.com/channels/1538500688038994040/1543556316377645067/1548602721752449135
895,Team The Last One,keshavkumar0184,'1219521162690691144',keshavkumar0184 (1219521162690691144) | klinger.23 (1292022906813153321) | malaiii04 (857995892556824577) | bajrangyadav9853 (949583774457421825),4,https://discord.com/channels/1538500688038994040/1543556316377645067/1548605244412264590
896,Team Royalhunter,mirzarashid0350,'1442478851950248038',nashid939607_ (1442587693577146448) | yasir017278 (1544680417645428778) | mirzarashid0350 (1442478851950248038) | nitindhadapi (1525154843428261919),4,https://discord.com/channels/1538500688038994040/1543556316377645067/1548608328249380946
897,Team Sharp X,aman023204,'1515062553091375224',aman023204 (1515062553091375224) | kisuke07278 (1548449458315075600) | raju028181 (1548394414039236611) | viraj053019 (1548396354181529740),4,https://discord.com/channels/1538500688038994040/1543556316377645067/1548611851326197761
898,Vortex rising,zalim0992_82378,'1494046898405769426',zalim0992_82378 (1494046898405769426) | ayan046383 (1410652759832920235) | 240_.dante (1491000734144266292) | vrtx_scarface (1547964310737649754),4,https://discord.com/channels/1538500688038994040/1543556316377645067/1548614301902966836
899,Team Ogxesports,kalpeshvalvi,'1397550740691746917',hemesh0313 (1546915712558170185) | vishuupadvi (1546907299715485708) | kalpeshvalvi (1397550740691746917) | d9noob (1487780735854051359),4,https://discord.com/channels/1538500688038994040/1543556316377645067/1548614686545547285
900,Team Alpha Nemesis,dranzer_21,'1519584914129817690',adityanayak0764 (1521459110158143624) | shreyasaiwale (1522559133784477777) | dranzer_21 (1519584914129817690) | amodgamingyt_17343 (1495448089975193862),4,https://discord.com/channels/1538500688038994040/1543556316377645067/1548616370701475881
901,Team Voltx,voltx0252,'1265978822478659624',voltx0252 (1265978822478659624) | owaisxy19 (898688091336876042) | mr.deepstark (1166968007474561035) | inoxgaming09 (1529003234348503108),4,https://discord.com/channels/1538500688038994040/1543556316377645067/1548616996885766155
902,Team Sense Of Control,socxskylord,'847787398518931466',sexchokoo (1543846971373260840) | rtroshangami0380 (939491870575296513) | socxskylord (847787398518931466) | death.e. (1503251319027142748),4,https://discord.com/channels/1538500688038994040/1543556316377645067/1548617556074565695
903,Team Eternal Fire Esports,tftxspidy,'525694221957726208',tftxspidy (525694221957726208) | outrageous_peacock_83798 (1218907606735781968) | rocket__palyers__0102 (1167754245504761997) | sunil070121 (1094832560435101766),4,https://discord.com/channels/1538500688038994040/1543556316377645067/1548617892210147329
904,Eternal Horizon,zeltron_01,'1150807389436645498',akeno2705 (1124974799349891152) | arshkumar4964 (1127574391664939008) | zeltron_01 (1150807389436645498) | sphinxfury (1218443456624726027),4,https://discord.com/channels/1538500688038994040/1543556316377645067/1548619051054403645
905,Team Ogxesports,hemesh0313,'1546915712558170185',hemesh0313 (1546915712558170185) | vishuupadvi (1546907299715485708) | kalpeshvalvi (1397550740691746917) | d9noob (1487780735854051359),4,https://discord.com/channels/1538500688038994040/1543556316377645067/1548621060558032897
906,Team V8Rtex Esports,destro0808,'1548604975389610004',hemesh0313 (1546915712558170185) | vishuupadvi (1546907299715485708) | kalpeshvalvi (1397550740691746917) | d9noob (1487780735854051359),4,https://discord.com/channels/1538500688038994040/1543556316377645067/1548626069207388241
907,Team Darkclovers,dharmik0306_70837,'1250839605024915527',dcxaqualuck (1548614644392923247) | dc_joyboy (1548265962107707507) | arnavsam4918 (973192289356759070) | dharmik0306_70837 (1250839605024915527),4,https://discord.com/channels/1538500688038994040/1543556316377645067/1548626097585791008
908,Team Wof Esports,gamerjahiryt,'1207969711971635280',gamerjahiryt (1207969711971635280) | shivarajput0839_37062 (1512261956642410707) | vaibhav021521 (1517528036277489763) | 02_ranjan (1416082342132449383),4,https://discord.com/channels/1538500688038994040/1543556316377645067/1548631284488736912
909,Alpha Gamming,arhamkhan0056,'1296331028448809031',farhaan00338 (1498620412656095272) | amaankhan0304 (1498313248641122394) | zihan08036 (1498613079746019419) | arhamkhan0056 (1296331028448809031),4,https://discord.com/channels/1538500688038994040/1543556316377645067/1548633436703428702
910,Team R4W Esports,manab5509,'994066031549091862',papuboro. (1504371660579405904) | r4wxcaptain (941649525624414228) | weliym124 (1451855008260821157) | manab5509 (994066031549091862),4,https://discord.com/channels/1538500688038994040/1543556316377645067/1548638833715970209
911,Team Alpha 5,sounddrout._.,'785436659553665084',aahan02997 (1548613002025242688) | nayghar__24807 (1548611295182463096) | aizen_9yp (1313162424928440420) | sounddrout._. (785436659553665084),4,https://discord.com/channels/1538500688038994040/1543556316377645067/1548641794324176947
912,La Espada Esports,forkils_98976,'1465753750294757419',brnxsahil_65908 (1399960110909882448) | ayush_halkati (1450165086021877913) | forkils_98976 (1465753750294757419) | srujan_kajagar. (965255482304520253),4,https://discord.com/channels/1538500688038994040/1543556316377645067/1548643850728513580
913,Team Nt7,abhisingh00113550,'1045741965322502195',abhisingh00113550 (1045741965322502195) | herculess2425 (1186566582185504819) | ranbir3289 (749029920709279875) | logan2134 (1214097781338415127),4,https://discord.com/channels/1538500688038994040/1543556316377645067/1548647537643098243
914,Team Unscn Esports,tpxlucky,'1437428087460597912',tpxlucky (1437428087460597912) | tpxaryan (1437083904501616721) | _imnaitiksingh_15 (1435844627705106553) | mgxzorooo (793589019770486805),4,https://discord.com/channels/1538500688038994040/1543556316377645067/1548647681621102665
915,Team Gravity Zero,omegyash,'1074577532042612796',dhairyamishra0270 (1514511169917026412) | ns_360 (1530739827186729000) | omegyash (1074577532042612796) | suraj_jadhav182 (1406731175778848909),4,https://discord.com/channels/1538500688038994040/1543556316377645067/1548651683465265174
917,VORTEX ESPORTS,mihirytliveofficial_,'1548201842486550582',mihirkori. (1492638176542720040) | tpxaryan (1437083904501616721) | parthgohill_03421 (1527604942649688176) | mihirytliveofficial_ (1548201842486550582),4,https://discord.com/channels/1538500688038994040/1543556316377645067/1548652232332025877
919,Team Shadow Thunder Hunter,tanishq1307._86932,'1416481063110185121',pradeep031871 (1536017394957295707) | tanishq1307._86932 (1416481063110185121) | semiee0095 (1289462046433345578) | sohelshaikh0761 (1226801982568927275),4,https://discord.com/channels/1538500688038994040/1543556316377645067/1548654755784560761
920,4T7 Esports,kahar0587,'1449461516276600986',kahar0587 (1449461516276600986) | sushant017228 (1519814798664274012) | flash47live (1518634388844314757) | goddmop (1307955630849654836),4,https://discord.com/channels/1538500688038994040/1543556316377645067/1548658382724927511
921,Team Shadow Alliance,toxicshark_,'874915117777694720',godllordz_78855 (1373951586988195880) | toxicshark_ (874915117777694720) | rik7588 (1103368340480720996) | viratxbgmi (1475832501921648725),4,https://discord.com/channels/1538500688038994040/1543556316377645067/1548661809169563730
922,Team Globe4 Esports,globe4deepu,'1548532291922432091',globe4pankaj_16082 (1548316986889732128) | globe4yadav (1548316249229107273) | globe4deepu (1548532291922432091) | globe4vedant (1548563007074861068),4,https://discord.com/channels/1538500688038994040/1543556316377645067/1548662317313429658
924,Team Dawn Of Destiny Esport,namehoney_,'1526105889835319357',sujoys.d.j1738 (779291572713160736) | raj00840 (879274838953426985) | namehoney_ (1526105889835319357) | hrsh_8 (995274917983555614),4,https://discord.com/channels/1538500688038994040/1543556316377645067/1548663316560220253
925,Team Trx Esports,cluthgod,'1534917765914431502',sahil12125815 (807847858762022912) | audi090 (1238896539703840869) | cluthgod (1534917765914431502) | ravi_778899 (1408038420399525911),4,https://discord.com/channels/1538500688038994040/1543556316377645067/1548667745581662300
926,Team Mercyless Bulls,ig_elvenz.bgmi,'1516065539942781001',ig_elvenz.bgmi (1516065539942781001) | hexaog_ (1490050581560299530) | fluxxmaahir (1518189741089226843) | no1.traxx (1519971138833354764),4,https://discord.com/channels/1538500688038994040/1543556316377645067/1548668019415449673
927,Team Unyeilding Souls,hasnain03036,'1241681815647813796',daiwikpatel19 (1243538989550669904) | hasnain._.sayed (1355118861762166945) | usxprimerizvi (1448328590281150644) | hasnain03036 (1241681815647813796),4,https://discord.com/channels/1538500688038994040/1543556316377645067/1548670533850243203
928,Team Fake Og,yomi777_,'1494015012099068075',kynsaiborlang3586 (820673263721775104) | kbtrixx0742 (645186819725721611) | yomi777_ (1494015012099068075) | shngain_2413 (1548637076126171277) | kun091222 (1404128690169843866),5,https://discord.com/channels/1538500688038994040/1543556316377645067/1548672042197454939
930,Team Qba,t1xjodyt,'1459541500387135767',oksubstance49_39667 (1548652571349229681) | lucky013087 (1523239346046500995) | krishna061111 (1517439240638562406) | t1xjodyt (1459541500387135767),4,https://discord.com/channels/1538500688038994040/1543556316377645067/1548675255890092043
931,Rage Demon Esports,arpitkarada,'1516095166178394192',arpitkarada (1516095166178394192) | pragyantiwari._48943 (1529484075126100132) | raju001418 (1456506762650718220) | ayush69421 (1167410028769185852),4,https://discord.com/channels/1538500688038994040/1543556316377645067/1548675274277920821
932,Team 4 Fighters,pratik26410__09591,'1461254294249541765',pratik26410__09591 (1461254294249541765) | kaizen_pubgm (1488461311707975831) | zaheer4hmad (1379728968177160254) | stupidkul. (1188376586353905694),4,https://discord.com/channels/1538500688038994040/1543556316377645067/1548682108317474918
933,Team Magma,milan00422,'1055078666708717600',milan00422 (1055078666708717600) | siddheshnaik8245 (793685620970881065) | adya.23 (1548265102954733738) | magxmeghraj_85093 (1542049056304398407),4,https://discord.com/channels/1538500688038994040/1543556316377645067/1548697370806722702
936,angraj's team,angraj,'1201021533372551169',angraj (1201021533372551169) | ronaksunar. (1544638687411699732) | warxmsd7 (1387130968762224905) | kpislive (1507086785543536670),4,https://discord.com/channels/1538500688038994040/1543556316377645067/1548700628203737089
937,Team Revolution,happy067867,'1462012776707784808',happy067867 (1462012776707784808) | swapnil__2003 (1436671355557904465) | chandan03999 (1548222275336282153) | gaurav043911 (1539413212884238377),4,https://discord.com/channels/1538500688038994040/1543556316377645067/1548700914477437060
938,7Timextte,7timetitan09igl,'1081818575410573342',tarun_gangwani99 (1390949807429910660) | 7timextoxic09 (1513413708754190405) | 7timetitan09igl (1081818575410573342) | srgaming0192_71683 (1201821045326356510),4,https://discord.com/channels/1538500688038994040/1543556316377645067/1548701533741252750
939,Team S4Ex,yuvi09381,'1336972966990188585',dhruvv7. (1384764075426185336) | vardan8239 (981975823114461184) | rrishi2710 (1522931909028745369) | yuvi09381 (1336972966990188585),4,https://discord.com/channels/1538500688038994040/1543556316377645067/1548703187786276936
941,Titancore,goku770243,'1547355742711840879',venom073317 (1532319573037289552) | yuvi09381 (1336972966990188585) | s_h_a_d_666 (1255819874501132298) | goku770243 (1547355742711840879),4,https://discord.com/channels/1538500688038994040/1543556316377645067/1548705229485244457
943,Forgottengodz,dishen_.,'1344541442244083813',gxdlarjun003 (1538549350496477194) | jaish0907_63506 (1538554287150342155) | dishen_. (1344541442244083813) | infernoislive (1539298175670681722),4,https://discord.com/channels/1538500688038994040/1543556316377645067/1548705963098247242
944,Team Trident Force,groot01927,'1329841241227006016',groot01927 (1329841241227006016) | justin_v3931 (893732939001643089) | its_dhruv_soni_ (1068471320884563988) | fucker2439 (984037135818559529),4,https://discord.com/channels/1538500688038994040/1543556316377645067/1548706786146517148
945,Team Symbiote  Esports,hadi_ahmed.__,'933701833883545600',hadi_ahmed.__ (933701833883545600) | rubio0447_75564 (1423188041987653713) | mudasir9962 (845553120121716776) | hadi015265 (1542455420709244979),4,https://discord.com/channels/1538500688038994040/1543556316377645067/1548708651332538600
947,Team Nightfury Esports,nobiplayz0315,'1481196823778430979',ayaankhan0569 (1504807645532389376) | mysterious_courgette_71579 (1421453288066252840) | zynx.gamingg (1542066277437415474) | nobiplayz0315 (1481196823778430979),4,https://discord.com/channels/1538500688038994040/1543556316377645067/1548710838825656331
948,Team Sekiro,sekiro0909,'1427197421712314368',sekiro0909 (1427197421712314368) | faisal008355 (1548289105329135616) | waiu0761 (1535378825330827285) | waitwhatsalman (1223520077249511455),4,https://discord.com/channels/1538500688038994040/1543556316377645067/1548710979926364276
950,Team Blood Rose,scepter5481,'955062641838157854',chupakabra06 (728633728804454490) | whyy_rita (1093770152283209778) | scepter5481 (955062641838157854) | _gauttamr (1248198876859732103),4,https://discord.com/channels/1538500688038994040/1543556316377645067/1548712040682754231
951,Msd is live,lupinx7.,'1366389455686205441',sufiyan5321 (1521822654531633152) | lupinx7. (1366389455686205441) | kirtan9377 (853897138400526346) | msdislive16 (963390690178506783),4,https://discord.com/channels/1538500688038994040/1543556316377645067/1548713893176807436
952,TEAM LEGIONX ESPORTS,yuvaraj0215,'1526668710507581612',akshatsaini0374 (1376401398161215569) | yuvaraj0215 (1526668710507581612) | ishowmxrci (1535889891047505980) | scotricx (1546499623428816959),4,https://discord.com/channels/1538500688038994040/1543556316377645067/1548716732548391104
953,The Pride,flamygaming,'1385974762110582966',nader9454k (1543515400711573536) | nageshgaikwad0346_67788 (1543906234426597377) | flamygaming (1385974762110582966) | pranay_sharma_14 (1271848716512264214),4,https://discord.com/channels/1538500688038994040/1543556316377645067/1548720059407671497
954,Team Ars,parth_3009,'1548700860106670100',nilang_21 (1428052957416656929) | jehaha5 (1417941124080865462) | parth_3009 (1548700860106670100) | siddhantkamat_03165 (1548709582501842980),4,https://discord.com/channels/1538500688038994040/1543556316377645067/1548723474544070688
955,Team Zero Recoil,badmoshorake,'805773388567019551',yash12340717 (1318059008841482280) | surjeetverma16 (1388209656895377458) | theog0510 (1539280533799051276) | badmoshorake (805773388567019551),4,https://discord.com/channels/1538500688038994040/1543556316377645067/1548723857601601648
956,Team Apex Gaming,godlspyroyt,'1427672878442352765',rishabhgaming0479 (1438806663812612149) | manohar09463 (1514295114657431706) | anantamango_05468 (1548538209724534907) | godlspyroyt (1427672878442352765),4,https://discord.com/channels/1538500688038994040/1543556316377645067/1548724274875990139
957,TEAM DOE ESPORTS,zyphrax_gaming_yt,'1510481041431728188',gojo060823 (1548723683668000940) | zyphrax_gaming_yt (1510481041431728188) | logan_106 (1275669911288414222) | bhavik0502 (1548711297602949175),4,https://discord.com/channels/1538500688038994040/1543556316377645067/1548729028091973773
958,EGO ESPORTS,saini__aayush,'844879454848942101',priyanshu_singh_420 (1505566998279753880) | mohmaya3351 (1043482912336650280) | lesbianlover69._08843 (1533526611821990052) | saini__aayush (844879454848942101),4,https://discord.com/channels/1538500688038994040/1543556316377645067/1548731194785407047
959,anmol04712's team,anmol04712,'1490379844901539905',anmol04712 (1490379844901539905) | t1rex0238 (1548203921716154418) | d3n.zel (1545884271460360237) | vashu09011 (1448373098050097182),4,https://discord.com/channels/1538500688038994040/1543556316377645067/1548734470235095221
961,Team Gc,tridiptoooo,'727119783153238047',4bda_thuggi (618719712246890497) | b4tm4n_69 (1479540319551885354) | khankimagii33_90961 (1305211405741592661) | tridiptoooo (727119783153238047),4,https://discord.com/channels/1538500688038994040/1543556316377645067/1548738551158407169
962,Novex Esports,mdshoiab,'1122394358730215516',siffu0165_65548 (1542788760641478808) | fury02204 (1542762545876566098) | mdshoiab (1122394358730215516) | contrisol1 (1232005283996500030),4,https://discord.com/channels/1538500688038994040/1543556316377645067/1548739249485119489
963,ovesh8903's team,ovesh8903,'882982667304448010',tanzilkherada (1525726084916838569) | zaid062125 (1545115679445885058) | ovesh8903 (882982667304448010) | asaranmortal (1548736862435152006),4,https://discord.com/channels/1538500688038994040/1543556316377645067/1548739409036320881
964,Team Lost,shashinetha,'670671710512742421',None (836499764454621184) | uday09268 (1535840083234787410) | shashinetha (670671710512742421) | rs.krishna07 (1059486948076568607),3,https://discord.com/channels/1538500688038994040/1543556316377645067/1548741963186962643
965,Team Goons,teamgoons.,'1548286160068018226',naitikgupta0922 (1548742761585447056) | teamgoons. (1548286160068018226) | anahu0013 (1548294410402275484) | ankitgupta0080 (1548742658808348813),4,https://discord.com/channels/1538500688038994040/1543556316377645067/1548746143804956884
966,ALLgods,sukuna__gojo,'1115531617105088514',sukuna__gojo (1115531617105088514) | piyushkundliya. (782609713057234996) | magnus9804 (454606908377137172) | raj__.69. (1548747991643463774),4,https://discord.com/channels/1538500688038994040/1543556316377645067/1548753022333616252
967,Team Lazy Bum,shonop,'772489658500120616',shonop (772489658500120616) | sohamsawant0872 (1267506384757330040) | lashkare28 (938768799660908584) | poison080943 (1523554760333066372),4,https://discord.com/channels/1538500688038994040/1543556316377645067/1548761861024125009
968,Team Carnage Esports,jmkgaming117,'1243127445775847476',flexxy0858 (1296868282925846641) | kemo7770635 (1546480326086492243) | jmkgaming117 (1243127445775847476) | adler4. (1539545673135947886),4,https://discord.com/channels/1538500688038994040/1543556316377645067/1548764401283244118
969,Eternix Esports,whyareyousofar,'1547798102633881661',whyareyousofar. (1548733163415539753) | whyareyousofar.__ (1548764320308137995) | whyareyousofar (1547798102633881661) | whyareyousofar._ (1548760313581670425),4,https://discord.com/channels/1538500688038994040/1543556316377645067/1548766780359581737
970,Team Sovereign Esport,siddharth004451,'1338061519761571840',siddharth004451 (1338061519761571840) | zuxxxy0159 (1519579510737993801) | b2lxmercy1879 (938277760915374090) | acore_plaz (1403308635848708147),4,https://discord.com/channels/1538500688038994040/1543556316377645067/1548768482307604521
971,Team 4Pm Esports,4pmgladius1937,'520164676462575621',abdulquddus. (668868768813940786) | iimaazahmad (690818623438061588) | 4pmgladius1937 (520164676462575621) | atahasan (1003033615476740206),4,https://discord.com/channels/1538500688038994040/1543556316377645067/1548775671604711626
972,TEAMxALPHA,rohit_bishnoi14,'1476511597362020373',sunilkumar3152 (900048809084715048) | spxesports (1212392981626228736) | maffia5027 (820585682035802122) | rohit_bishnoi14 (1476511597362020373),4,https://discord.com/channels/1538500688038994040/1543556316377645067/1548776252490514443
973,Team Ghouls Esports,gosxrevo09,'842679485199679489',gosxrevo09 (842679485199679489) | sohail083672 (1524822064345649322) | sahil048347 (1478948225783435326) | taiburrahman0066_17602 (1275317363872366633),4,https://discord.com/channels/1538500688038994040/1543556316377645067/1548783197679255824
974,Team 4Xwarriors,scxshlok69,'862996408465096724',athar5934 (870908842815410256) | soul214 (744514539474780201) | scxshlok69 (862996408465096724) | mihir04741 (1491137710281195660),4,https://discord.com/channels/1538500688038994040/1543556316377645067/1548795364646195323
975,Team Night Riders,nrxvishal,'1547136694115893382',4pmgladius1937 (520164676462575621) | scxshlok69 (862996408465096724) | kumarshailesh55 (1547699283489464421) | nrxvishal (1547136694115893382),4,https://discord.com/channels/1538500688038994040/1543556316377645067/1548883724504924271
976,Team Frag,sanketmadavi_01,'1386376795225329765',munna.yadav (1320470211698229312) | None (329519070850580484) | sanketmadavi_01 (1386376795225329765) | ig_legend26 (1545053707693981767),3,https://discord.com/channels/1538500688038994040/1543556316377645067/1548885571844317195
977,Team Primegaming,axdityx16,'1382690117809995810',axdityx16 (1382690117809995810) | shubhamnikule (1382704377323720755) | chaitanyakolekar (1189924050072522782) | shooter_op0449 (929669731974270999),4,https://discord.com/channels/1538500688038994040/1543556316377645067/1548890450587295756
978,Team Tag,kanishkjpr123,'1535930279624052839',nmxmaruf (1548273233659166770) | kr000000 (1262735117219004437) | 4pmgladius1937 (520164676462575621) | kanishkjpr123 (1535930279624052839),4,https://discord.com/channels/1538500688038994040/1543556316377645067/1548897198715043951
979,Team Knockout Esports,luff05739,'1271078096916713482',jexxyt2 (567578397920722945) | luff05739 (1271078096916713482) | deepak011833 (1548895641898582098) | satyabrata0 (1548894816316952687),4,https://discord.com/channels/1538500688038994040/1543556316377645067/1548897579234758668
980,Team Lx Titans,varunthep,'1374215395585691731',varunthep (1374215395585691731) | isagi05047 (1461986961223979188) | sherre0135_97916 (1547203554362662941) | adarsh051460 (1538744364925190255),4,https://discord.com/channels/1538500688038994040/1543556316377645067/1548906905055920320
981,Team Death Dealers,a7_waizard,'1499374033408622685',addityajasrotia (1500759647827787776) | aryan__013 (1461210502305681473) | maniksharma0775 (1451113046297804844) | a7_waizard (1499374033408622685),4,https://discord.com/channels/1538500688038994040/1543556316377645067/1548907741719040003
982,Team Ecoprime Esports,jayy10881088,'1513797986956607555',zaikey0006 (1270623162479935529) | veeru.127 (778506484887322634) | jayy10881088 (1513797986956607555) | aaxdangerop (919255320235221044),4,https://discord.com/channels/1538500688038994040/1543556316377645067/1548908633004183655
983,Team Zero State,abirr77,'1476784601660919960',abirr77 (1476784601660919960) | premdangi777 (1515033583541031177) | sukeeee03 (1492540140118081658) | rupesh_16__25108 (1467415584491966687),4,https://discord.com/channels/1538500688038994040/1543556316377645067/1548917444775514203
984,Team Notty Esports,nottyshaurya,'1470438937683169343',notty_shaurya_13630 (1548905884900663306) | gxdlcaptainyt_35136 (1437882111901040683) | predatorr009 (1122469978852032573) | nottyshaurya (1470438937683169343),4,https://discord.com/channels/1538500688038994040/1543556316377645067/1548921426826756147
985,Team Horizon Esports,rathod33,'1297412707900854302',aman093434 (734390879665651762) | kariki777 (1543817713774764150) | siddhraj0606 (889436420631068692) | rathod33 (1297412707900854302),4,https://discord.com/channels/1538500688038994040/1543556316377645067/1548922348927983657
986,dnyanugaming's team,dnyanugaming,'1548920389961388112',dnyanugaming (1548920389961388112) | venomdack_53416 (1539141198592344106) | shubham0224_47866 (1168462438283354142) | vedant047775 (1489137554564579458),4,https://discord.com/channels/1538500688038994040/1543556316377645067/1548922739648368691
987,Team Rayop,anrayop16,'1306601206650638380',khatra001 (1030479992255164448) | rohankumar_19_0 (1548916769169612873) | anrayop16 (1306601206650638380) | beastop0544 (1497833121205190857),4,https://discord.com/channels/1538500688038994040/1543556316377645067/1548923906633502801
988,Team Crazy Esports,ayush08342,'566539452885893120',ayush08342 (566539452885893120) | exquisite_cheetah_34048 (1534212189567582371) | vipbgmi_7 (1450127365941366908) | roshans3332g (1293837805012783135),4,https://discord.com/channels/1538500688038994040/1543556316377645067/1548924849416572999
989,Team Overdrive Esports,vatsald_99767_86275,'1195187548948021278',karvin0771 (1548922415965544488) | mithil0322 (1548920049513791540) | vatsald_99767_86275 (1195187548948021278) | vatsal01457 (1376775780784275478),4,https://discord.com/channels/1538500688038994040/1543556316377645067/1548925875213565983
990,Team Dark,ankussh09,'1292778055718141975',srn6304 (460915242755424256) | vedddddddd_08 (1517967200630079595) | shlok9407 (573410583882366997) | ankussh09 (1292778055718141975),4,https://discord.com/channels/1538500688038994040/1543556316377645067/1548926580737183755
991,Team Evilhunter,kunal034312,'1546115247289409636',obitoislive0214 (1413738775145873451) | kunal034312 (1546115247289409636) | grindopishandsome (742562144616316949) | ig_luffy777 (1390980733786390599),4,https://discord.com/channels/1538500688038994040/1543556316377645067/1548927641480990721
992,Zenith Esports,arsenal_hu,'1505488543513051176',whymax0335 (1547854504060518456) | ranjayop6169 (792969626660110346) | sachinnehra_73935 (1479204474969915554) | arsenal_hu (1505488543513051176),4,https://discord.com/channels/1538500688038994040/1543556316377645067/1548928373282312203
993,Team 4Firstsinner,jap0798,'1483138609669472267',vortexgaming0683 (1547551663915671624) | raj73005355 (1508813717947682926) | jap0798 (1483138609669472267) | noob002496 (1543171327622520934),4,https://discord.com/channels/1538500688038994040/1543556316377645067/1548930019013951499
994,Team Paradise Esports,amanpanwar98,'790823751347994675',amanpanwar98 (790823751347994675) | aman018979 (1547967414602301532) | atulbhai2452 (934329192261230653) | amna013817 (1520029491722850446),4,https://discord.com/channels/1538500688038994040/1543556316377645067/1548933683199606885
995,Tf_esport,achilles065957,'1483484205915836418',khatrivishvas (984440133082292304) | achilles065957 (1483484205915836418) | arman.10. (1466047386739540020) | arjun7_7 (1338583019585404999),4,https://discord.com/channels/1538500688038994040/1543556316377645067/1548934744841125909
996,Team F1,_.nashiim._,'1519613835168710776',_.nashiim._ (1519613835168710776) | aimbotlive0721_09386 (1546751568853078049) | happy076907 (1546753991482810398) | saffy0791 (1546724373136801863),4,https://discord.com/channels/1538500688038994040/1543556316377645067/1548934828630610041
997,Team Shadow Reapers,satyam05236,'1332405892334882887',pranjal2986 (810594718194860072) | sahil_sherr (1520776748206133322) | satish0302 (1185978146072313886) | satyam05236 (1332405892334882887),4,https://discord.com/channels/1538500688038994040/1543556316377645067/1548934944061923440
998,Rising Force,syrex.exe1,'1529740213965029384',syrex.exe1 (1529740213965029384) | _arthur.2_ (518070889590292480) | utkarsh00884 (1286167317302083597) | rajsoni_9701_20735 (1250321525496877089),4,https://discord.com/channels/1538500688038994040/1543556316377645067/1548939390321958963
999,Team Firestrom,princesaini1771,'854979966004625408',naresh0659 (1542756280643625000) | princesaini1771 (854979966004625408) | naresh45678 (1541638674762965024) | naruto081403 (1248310561104723998),4,https://discord.com/channels/1538500688038994040/1543556316377645067/1548940552228311103
1000,Galaxy Goats,noble_dolphin_53378,'1350746325494267916',fantastic_dove_63827 (1530838607642890360) | vergilislive (519148286033133578) | noble_dolphin_53378 (1350746325494267916) | tagjunaid03 (1542592236733202543),4,https://discord.com/channels/1538500688038994040/1543556316377645067/1548941154525913129
1001,Team Aries,soul214,'744514539474780201',winter_222009 (1373560421461790872) | soul214 (744514539474780201) | meetvaity (1397979452322873386) | sankalp08817 (776390817722925066),4,https://discord.com/channels/1538500688038994040/1543556316377645067/1548941255407566859
1002,Team Peace Reapers,agesports2000,'1445394872646369330',agesports2000 (1445394872646369330) | smaxee7x (1291455157250560002) | shashikant__ (1232201221306187838) | tapataplunatic (840579528254554142),4,https://discord.com/channels/1538500688038994040/1543556316377645067/1548943331587792927
1003,Team Ogx,ogxclutchgod.,'1515955105474543625',ogxclutchgod. (1515955105474543625) | tzd9jy28wrn066724 (1267749040259596339) | ayan_t2player (1540405213272211619) | abhay099407 (1515925709195968623),4,https://discord.com/channels/1538500688038994040/1543556316377645067/1548943589265121311
1004,Team Rivals Esports,atulya0921,'1497074170532728874',erenn_jeager (841910458700660738) | trxunderground (1440362759706513643) | atulya0921 (1497074170532728874) | witcherrr0682 (1360866985063223390),4,https://discord.com/channels/1538500688038994040/1543556316377645067/1548944398039916559
1005,Team Zxtreme,skull02654,'838429876217577483',saurabhkumar8656 (826328332681216041) | thev3dhitman (966943899799158794) | skull02654 (838429876217577483) | _sumit26 (1490361271487430686),4,https://discord.com/channels/1538500688038994040/1543556316377645067/1548946247573045249
1006,Team Ice,icexgood1003,'1548005495204479111',ranger_xyn_52451 (1548011125889704033) | regan02526 (1548015763217191092) | ic777_777 (1537940744080330772) | icexgood1003 (1548005495204479111),4,https://discord.com/channels/1538500688038994040/1543556316377645067/1548946377025921025
1008,Team Fearless Esports,vedant047775,'1489137554564579458',fle_12aryan (1524714912285458483) | vedant047775 (1489137554564579458) | prathxmmm_02 (1349329813248413698) | aadesh_kalal17 (1241980221872148605),4,https://discord.com/channels/1538500688038994040/1543556316377645067/1548948865288503327
1009,Team 4 Fighters,kaizen_pubgm,'1488461311707975831',zaheer4hmad (1379728968177160254) | pratik26410__09591 (1461254294249541765) | stupidkul. (1188376586353905694) | kaizen_pubgm (1488461311707975831),4,https://discord.com/channels/1538500688038994040/1543556316377645067/1548950204412207246
1010,Team Vørtex,arvind05751,'1239891439379415081',arvind05751 (1239891439379415081) | ankitsingh00551 (1429161585057992946) | s2dxpikachu (854763300537499678) | charanchavan (1265277596510457927),4,https://discord.com/channels/1538500688038994040/1543556316377645067/1548950223571918849
1011,Team Deadly Thunders Esport,dtxjuned,'1512086867309232182',dtxluckyigl (1513908035808923700) | sachman0039 (1294188398935937079) | dtxjuned (1512086867309232182) | dtxshadowx7 (1514156761186041927),4,https://discord.com/channels/1538500688038994040/1543556316377645067/1548951676193607823
1012,Team Cursed,danishsiddique.,'1446456293446389891',aveshsidd (1329356332054351904) | fira03129 (1548949769030864993) | khansaheb0298 (1548949683932495946) | danishsiddique. (1446456293446389891),4,https://discord.com/channels/1538500688038994040/1543556316377645067/1548952650287153193
1013,Risingtitanesports,death.e.,'1503251319027142748',lostdocter (1440489799600443523) | shashank09667 (1345997083177386026) | gaggu71 (1548578352405807115) | death.e. (1503251319027142748),4,https://discord.com/channels/1538500688038994040/1543556316377645067/1548956348149137419
1014,Team Unity7Specters Esports,i.frozen.x,'1211541755242094603',shortyy0889 (1546756599245316096) | i.frozen.x (1211541755242094603) | kingplayz001 (1300508363431346246) | dteipapa (1221752144500101151),4,https://discord.com/channels/1538500688038994040/1543556316377645067/1548957250603847691
1015,Team Alpha Elite Esports,pateltaksh2006,'1147939463385841799',arnavplayzzyt (1194102437334745163) | mastergamingop_10 (869566887024009227) | xeavi5126 (937613938596655124) | pateltaksh2006 (1147939463385841799),4,https://discord.com/channels/1538500688038994040/1543556316377645067/1548960631959330847
1016,Zyrox Esports,sudeepbanik,'712338845416423437',itachi15uchiha_90393 (1252190368045469729) | himeshhhh_ (1540962293569814562) | debagoldar (1541327969535139915) | sudeepbanik (712338845416423437),4,https://discord.com/channels/1538500688038994040/1543556316377645067/1548961400301559829
1017,alsxbaba's team,alsxbaba,'1514841607147487283',rehan_rm_19 (1537421988765761656) | shahid084180 (1544624132979949570) | dhiraj0354_07814 (1398705474391642172) | rupesh_16__25108 (1467415584491966687),4,https://discord.com/channels/1538500688038994040/1543556316377645067/1548961661560299793
1018,Team Mortals,None,'1444121667038089246',tagontop0764 (1547282059939287096) | pawandubey0850 (1494022221314654348) | shaitan0302_99386 (1547276536686575789) | None (1444121667038089246),3,https://discord.com/channels/1538500688038994040/1543556316377645067/1548963352443748426
1019,Team Storm Thunder,dhairya00480,'1484567228996391053',honeylohan (697380305358684160) | tanishk_chaudhary (1484567203188707473) | united_tiger_39008 (1546943453538164866) | dhairya00480 (1484567228996391053),4,https://discord.com/channels/1538500688038994040/1543556316377645067/1548964116037763134
1020,Team Hope Esport,4dgxjerryop,'1143143042421882883',tank06113 (1272532622567936025) | zeusrex. (849943583582715914) | 4dgxjerryop (1143143042421882883) | nj102554 (774526669117456444),4,https://discord.com/channels/1538500688038994040/1543556316377645067/1548966486188499017
1023,Team Athinexesp,raj4veer6,'1544444911309295676',varun__09 (1158043001663266826) | rudra026519 (1539287321952657411) | raj4veer6 (1544444911309295676) | stgsamer7 (1547593199546138645),4,https://discord.com/channels/1538500688038994040/1543556316377645067/1548967187769725041
1024,Russell,russellxraja,'1539156142435991668',kaif.u (1123124072721690634) | russellxraja (1539156142435991668) | russellxkhalid (1539519268683522101) | danish046210 (1539518371601584143),4,https://discord.com/channels/1538500688038994040/1543556316377645067/1548967226173038692
1025,Free Agents,roger45_ss,'654678718475796514',devchahar7637 (867266703339814912) | roger45_ss (654678718475796514) | hyper_2717 (1263377315610624011) | k4nha1v99 (1291658506281287734),4,https://discord.com/channels/1538500688038994040/1543556316377645067/1548967673524912169
1026,100K,no1.zemo,'1545455684429025433',devsoloenf_07703 (1548969594130010166) | no1.zemo (1545455684429025433) | iamsam1870 (847561813855436810) | aeron00848 (1511280932366323726),4,https://discord.com/channels/1538500688038994040/1543556316377645067/1548971037239156747
1027,Team Still Alive,hackurr8305,'1077600803184967700',flash052686 (1274362218086924350) | venomhs (723961108628766721) | hackurr8305 (1077600803184967700) | zagred3925 (893532955161546782),4,https://discord.com/channels/1538500688038994040/1543556316377645067/1548974279696318535
1028,18nishkarsh's team,18nishkarsh,'1510905969045934170',jigup0839 (1440371327562420265) | 18nishkarsh (1510905969045934170) | drm_parth (1538183043339001926) | starcgaming.gg (1540589208198971393),4,https://discord.com/channels/1538500688038994040/1543556316377645067/1548974409325350945
1029,TRAPxLAPEX,gauravsharma1626,'967008140489027604',indianman0to1 (1091099811501064262) | itsace1018 (1126006686549803019) | gauravsharma1626 (967008140489027604) | shaneagleshansunny9754 (739880587745296406),4,https://discord.com/channels/1538500688038994040/1543556316377645067/1548975540285997108
1030,Team Skylord,pranavff09894,'865858906948239370',pranavff09894 (865858906948239370) | agxroxy (1517926092906959123) | agxnexus (1548952891723751436) | agxgodwinn (1417764898175324231),4,https://discord.com/channels/1538500688038994040/1543556316377645067/1548975911615995996
1031,Team Nongshim Speed,4mdxapex,'1320978890663137322',slingerritik1 (1484561492891402392) | 4mdxapex (1320978890663137322) | khatri00010233 (1542398262043217973) | gxdlgroot88 (913770123167408150),4,https://discord.com/channels/1538500688038994040/1543556316377645067/1548977520215330858
1032,Team Gods Favourite,stay_alert,'1371443290401931354',jonathansirrrrr (1369949671266582528) | stay_alert (1371443290401931354) | neerajjatav._08354 (1538471505497686066) | anuragmahant4914 (513273151090851845),4,https://discord.com/channels/1538500688038994040/1543556316377645067/1548979881734443039
1033,Team Ascendants,predator_1189,'550673296631398401',predator_1189 (550673296631398401) | godx0792_54067 (1548976138129379379) | None (870348298777690142) | omdubey45 (932893455997337630),3,https://discord.com/channels/1538500688038994040/1543556316377645067/1548983500995301377
1034,Team Tag,keshavkadam,'1548924444930474048',keshavkadam (1548924444930474048) | vishalrokade7367 (933602976088608789) | shinichirosan. (1091231634252103722) | karanhoke (1548938647833935989),4,https://discord.com/channels/1538500688038994040/1543556316377645067/1548983600752365569
1035,Team NØVEX,amritya.01_96063,'1420697822063366155',amritya.01_96063 (1420697822063366155) | kai_01520 (1426516666384121907) | tzz_shreyansh (1548919988482740294) | zohaibkhan04 (1548942003985715311),4,https://discord.com/channels/1538500688038994040/1543556316377645067/1548983881716211755
1036,Team Sonicfox 2O,krxfragger,'1280868749687263324',krxfragger (1280868749687263324) | shivmmmmm._68794 (1430944483226419301) | nipuucfurious8564 (811942248467005470) | hemantkumar0356 (1439598717236678799),4,https://discord.com/channels/1538500688038994040/1543556316377645067/1548985363702222879
1037,POWER DOWN ESPORTS,coolboyop25,'1289440896709820520',mayankgaming5813 (760893299606159360) | raze_2512 (1277532798693015554) | coolboyop25 (1289440896709820520) | ayaankhan789p_01749 (1477365572823158905) | 9255020531 (1450506805435301950),5,https://discord.com/channels/1538500688038994040/1543556316377645067/1548987380525047809
1038,Team Stellar Dominion,jhon_wick1573837,'1240178474543743006',mikey084_98375 (1189769914597249034) | rahul000578 (1287719289734041675) | infernojod. (1460343165558198325) | jhon_wick1573837 (1240178474543743006),4,https://discord.com/channels/1538500688038994040/1543556316377645067/1548987715318583297
1039,AURAXQUANTAM eSports,rajput8863,'1045716020725301350',callm3_arjun67 (1191033372110225458) | venomxsahib (995197762809368627) | vikram02271 (1216635003811659917) | rajput8863 (1045716020725301350),4,https://discord.com/channels/1538500688038994040/1543556316377645067/1548988083872202833
1040,Untamed Dragons,mohdraayt,'662677282527248384',mohdraayt (662677282527248384) | farru2628 (1117738599933280266) | slayer085209 (1511815682654998558) | aatif0001ansari (1548726092909518970),4,https://discord.com/channels/1538500688038994040/1543556316377645067/1548990011884572784
1041,alluring_puppy_76727's team,alluring_puppy_76727,'1548983404131909764',karan004309 (1450127095165354146) | iglkaiff (1239116805784469507) | alluring_puppy_76727 (1548983404131909764) | zaynn0961 (1283345936080437263),4,https://discord.com/channels/1538500688038994040/1543556316377645067/1548990378760339569
1042,anukaran_9026's team,anukaran_9026,'837641109257453579',ritikking25 (480627818875715585) | anukaran_9026 (837641109257453579) | valvak. (1334876525836767254) | None (1340314415483981935),3,https://discord.com/channels/1538500688038994040/1543556316377645067/1548993083100762183
1043,Team Hill Fall Esports,blazeop1234,'1289863282529796180',ig.mon_79455 (1484260228357951598) | farru2628 (1117738599933280266) | blazeop1234 (1289863282529796180) | denzixmani (1190563141407485982),4,https://discord.com/channels/1538500688038994040/1543556316377645067/1548993823609200661
1044,FOX ESPORTS,harsh_4675,'1271745854234951775',ig_ahaana (1488901018967081120) | jatti_islive (1500705153160970392) | muffin_gaming95 (1163011850431115344) | aafatislive (1294744983995285627),4,https://discord.com/channels/1538500688038994040/1543556316377645067/1548994886747820143
1045,Team Hell For Gods,rudra_0800,'1510026180881940640',rudra_0800 (1510026180881940640) | rudra06862 (1510519995157708891) | rudra011570 (1527319606035746936) | rudra009791 (1521047589728944158),4,https://discord.com/channels/1538500688038994040/1543556316377645067/1548995863198703631
1046,Team F1 Esports,shubhamchauahn,'1527592963520069725',anmol04712 (1490379844901539905) | sagarlamani. (1507977458740236378) | shubhamchauahn (1527592963520069725) | anmol082911 (1548189996089999454),4,https://discord.com/channels/1538500688038994040/1543556316377645067/1548997884706426903
1047,Team Zenthar Esports,quantum_aquaryus,'1013791870339522642',rohitnegi0021 (1409848405915861073) | quantum_aquaryus (1013791870339522642) | rohitbhandari2683 (768856406124003380) | zrscyther (1471696457969963038),4,https://discord.com/channels/1538500688038994040/1543556316377645067/1548998269869236278
1048,Team Supreme,livejonas14,'994966668860199043',raj00840 (879274838953426985) | livejonas14 (994966668860199043) | rajexe.10 (1435869565425811489) | rajsoni_9701_20735 (1250321525496877089),4,https://discord.com/channels/1538500688038994040/1543556316377645067/1549004246844706817
1049,Team GENz Esports,prashantyadav8616,'664776753352409088',stormy0855 (1163328091221926000) | zen_dragon_26581 (1548209771184791633) | prashantyadav8616 (664776753352409088) | 123yatharth (1339310616921378846),4,https://discord.com/channels/1538500688038994040/1543556316377645067/1549005340547354706
1050,Team Asian Claws,ankitsingh00551,'1429161585057992946',kunal00xxx (1240603852856889416) | wolfgautam (610370602024435712) | ankitsingh00551 (1429161585057992946) | spex.op (748524831007440946),4,https://discord.com/channels/1538500688038994040/1543556316377645067/1549005836653699194
1051,Team Invictus Maneo,elplayer5623,'869808114092896306',elplayer5623 (869808114092896306) | beast2002 (417201063893008387) | sangwan7801 (1084140198889263124) | ichigouchiha9513 (406315004162211870),4,https://discord.com/channels/1538500688038994040/1543556316377645067/1549006773954805841
1052,Team Advance Gaming,bittu.gameryt,'1524652960498454592',bittu.gameryt (1524652960498454592) | rehan_bagwan (1539569907614752818) | ayushuttam0337 (1545111399666294854) | rajuttam12 (1436632629855129671),4,https://discord.com/channels/1538500688038994040/1543556316377645067/1549007219016601611
1054,Team Gc,rockg0608,'1476266054748737738',rockg0608 (1476266054748737738) | zayn03777 (1408712014813204570) | samimop9090 (1409793206903636092) | samimaytar3265 (871383540921688084),4,https://discord.com/channels/1538500688038994040/1543556316377645067/1549013846964830289
1055,Team Vr Esports,alexog0840,'1380023433102102640',alexog0840 (1380023433102102640) | shaikh030260 (1544198451523231865) | nimesh6791 (1547224016778043464) | shaikhsaif6572 (597360137941811200),4,https://discord.com/channels/1538500688038994040/1543556316377645067/1549016098127487048
1056,Team Monster,9362612866,'1548987261322793001',alexog0840 (1380023433102102640) | 9362612866 (1548987261322793001) | anmol_0905.07 (1498630720682197003) | martoadho (1549006631424106607),4,https://discord.com/channels/1538500688038994040/1543556316377645067/1549017246922309683
1057,Team Not Esports,afsaryt.,'1433481616604532736',afsaryt. (1433481616604532736) | eugeneisaly (1548987922055700480) | nizamuddin_adil_27177 (1548986589818912810) | guru000185 (1549002276188856384),4,https://discord.com/channels/1538500688038994040/1543556316377645067/1549017692688621629
1058,Team Wipeout Xperts,jod_sumit_10913,'1311688577196888064',jod_sumit_10913 (1311688577196888064) | aswin02237 (1544887597724078211) | sumit_49935 (787639457276624916) | sneha016669 (1544886017218052181),4,https://discord.com/channels/1538500688038994040/1543556316377645067/1549020121442287677
1059,Team Xperia Esports,eaxwastedd_02,'1504351709332373575',3781390211 (1463517800726532192) | xperiaxfranky (1547244111709339673) | luckypatwa (1504426908866318366) | eaxwastedd_02 (1504351709332373575),4,https://discord.com/channels/1538500688038994040/1543556316377645067/1549022509444112456
1060,ckxmvp's team,ckxmvp,'1393461767606370446',legend004588 (1466340495574831115) | ckxassulter.72 (1466342692970823916) | arman._728048 (821271015463714828) | ckxmvp (1393461767606370446),4,https://discord.com/channels/1538500688038994040/1543556316377645067/1549024600816357418
1061,Team Tc,tcsmartplazz,'1489176326077153332',rockybhaii0656 (1549025372148998297) | adeebkhan0553_89846 (1540009458351214724) | tcsmartplazz (1489176326077153332) | tagmujahid (1549024817745756220),4,https://discord.com/channels/1538500688038994040/1543556316377645067/1549027006459678741
1062,CRUISE ESPORTS,devill1514,'640745978625916951',priyanshu027563 (1527677493824192670) | krishnasingh00176 (1434834074144604180) | vivek012155 (1547150114877874206) | devill1514 (640745978625916951),4,https://discord.com/channels/1538500688038994040/1543556316377645067/1549028539968397373
1063,Team Maruti Esports,ectxparkour3375,'636606189437714435',ectxparkour3375 (636606189437714435) | ectopneon (602146791902674954) | piyush02949 (666320445854973955) | pantherop312927 (816638882699411486),4,https://discord.com/channels/1538500688038994040/1543556316377645067/1549036207659294804
1064,4Gods Esports,srijansaha6755,'785058907910570005',.vextor. (1294312131822620712) | ryugajod (1221006849210450061) | pavangowda0697_55046 (1501216026207981618) | bablu_op1 (1295397510684217396) | srijansaha6755 (785058907910570005),5,https://discord.com/channels/1538500688038994040/1543556316377645067/1549036894359126027
1065,Carnival eSport,alokjaiswal0376,'1348828370175131732',sunnysnehi (1547501399762542617) | iglsoft (1539984844375719978) | alokjaiswal0376 (1348828370175131732) | lionnn82 (1546904754993758239),4,https://discord.com/channels/1538500688038994040/1543556316377645067/1549037271842295983
1066,Team Alien,nomore36,'1544999721305776189',eadger0946 (1417006190159724544) | kotha_raju123 (1228588344603181058) | adhuladvaith8981 (753313370664468540) | nomore36 (1544999721305776189),4,https://discord.com/channels/1538500688038994040/1543556316377645067/1549038449921888408
1067,Veltis Esports,yiarmantm8493,'720159062893002773',sonu090823 (1528418476107239475) | harsh_0071_ (1544420206611529811) | ishowmxrci (1535889891047505980) | yiarmantm8493 (720159062893002773),4,https://discord.com/channels/1538500688038994040/1543556316377645067/1549039099258863647
1068,Team Dare To Compete,deny3374,'1064937241593532416',deny3374 (1064937241593532416) | silverog_07638 (1548926242718220292) | soumya09793 (1548907004561465407) | adlegend9 (1515544203571236927),4,https://discord.com/channels/1538500688038994040/1543556316377645067/1549039368012824577
1069,Team Era Esports,lit_ankit0_83569,'1277197483088547885',akshay377372064 (997696068953329685) | karanmaravi.___ (1546904775222628355) | lit_ankit0_83569 (1277197483088547885) | akshitsaini0288 (1252626750475603998),4,https://discord.com/channels/1538500688038994040/1543556316377645067/1549040174242078794
1070,Team Rudra Tandav Gaming,deadsquad2557,'1059805353929355294',akhyper._51045 (1484915690753495080) | pirate_power (1538717499489517659) | anshulohan (1494910110416502916) | deadsquad2557 (1059805353929355294),4,https://discord.com/channels/1538500688038994040/1543556316377645067/1549040322649137193
1071,fury095549's team,fury095549,'1531175041188761791',yash_topale (1493486134871986226) | alokjaiswal0376 (1348828370175131732) | lit_ankit0_83569 (1277197483088547885) | fury095549 (1531175041188761791),4,https://discord.com/channels/1538500688038994040/1543556316377645067/1549045929146056847
1072,Team Vr Esports,tagbasu18_32257,'1521820736422019103',bright_axolotl_19102 (1365439945183072289) | dust_ed_ (961990818695106650) | celestial_peacock_86383 (1505527393828474996) | tagbasu18_32257 (1521820736422019103),4,https://discord.com/channels/1538500688038994040/1543556316377645067/1549046239885266985
1073,Team Zenith Esports,with_hitesh_,'1536411394482634904',with_hitesh_ (1536411394482634904) | tzluffy._67294 (1540229924906991640) | hitesh_yadav123_14295 (1387741063917342850) | yuvraj098674 (1540232819085676654),4,https://discord.com/channels/1538500688038994040/1543556316377645067/1549046761845297275
1074,Team Omex Gaming,silent03750_8,'1545766216143081586',vishalkumar17 (951893956394881074) | itzwizxyz (647423657320120350) | silent03750_8 (1545766216143081586) | yashtroublemaker7 (1545791832343187559),4,https://discord.com/channels/1538500688038994040/1543556316377645067/1549047047297048661
1075,Team Toxic,abhi_shek04,'661912194102853642',godbutcher5488 (1018564552641757235) | kaustav03 (721286770460721202) | abhi_shek04 (661912194102853642) | subhrajit0588 (1549013719240020118),4,https://discord.com/channels/1538500688038994040/1543556316377645067/1549050679245541387
1076,Team Kryptic Velocity,mayur0352_65731,'1135307831315279873',veer_0666 (1504899714468810904) | mayur0352_65731 (1135307831315279873) | mmayur_1 (1346082899203457084) | tarun066180 (948248848785084446),4,https://discord.com/channels/1538500688038994040/1543556316377645067/1549051090039996418
1077,Team Vikings,vikingsad,'479293991045693466',omasati9586 (688443378693963817) | vikingsad (479293991045693466) | colin_0013_69596 (1212295998508896283) | vikingskiller2003 (988489864968282135),4,https://discord.com/channels/1538500688038994040/1543556316377645067/1549051743529083001
1078,Team APEX,yourname_9538_83644,'1529839458520797247',tagxjayash (1525781982657777714) | fearlessrogue._29914 (1529856677845794931) | abdulsamad05893 (1515364367045103687) | yourname_9538_83644 (1529839458520797247),4,https://discord.com/channels/1538500688038994040/1543556316377645067/1549052343419674675
1079,Team Dark Authority,pankaj_tejra07_92586,'1456574062368260291',harshxboss (1071561402747195432) | pankaj_tejra07_92586 (1456574062368260291) | aditya068636 (1393461321990930524) | rk032599 (1412111025011953886),4,https://discord.com/channels/1538500688038994040/1543556316377645067/1549052385328894004
1081,Team Default Gaming,fiery_mango_5527777,'1548734612233003039',rinku04188 (1527226526653878424) | rohitkushwaha0844_62816 (1527229587296092191) | dftxsaquibesport (664874567445250060) | fiery_mango_5527777 (1548734612233003039),4,https://discord.com/channels/1538500688038994040/1543556316377645067/1549055790306828411
1082,Team Fnatic Esports,luckyy_gg,'1344928085379649536',luckyy_gg (1344928085379649536) | finix0762_63450 (1549051821597925409) | shlok1m (1250163297752453194) | anand095049 (1548931451339411476),4,https://discord.com/channels/1538500688038994040/1543556316377645067/1549056199335612468
1083,Team Betclic Esports,yashraj7354,'1069871356252004362',ningarajuck (853953119997394954) | yashraj7354 (1069871356252004362) | anurag8032 (843394919115653130) | yashrana0793 (1439669580804001892),4,https://discord.com/channels/1538500688038994040/1543556316377645067/1549058966300926034
1084,Team Chainsaw Esports,dakshjaiswal4607,'895521458300788746',kakashi1900 (757182655862276096) | herooo_bullga_69821 (1549058503744946259) | susmaaal (1351568917751005194) | dakshjaiswal4607 (895521458300788746),4,https://discord.com/channels/1538500688038994040/1543556316377645067/1549060514313936977
1085,Team Call Centre,joy1715,'743881854905614447',vishal4538914 (953560953482514432) | omprasad.k (1444980883743314001) | flexig21 (1549053172683771956) | joy1715 (743881854905614447),4,https://discord.com/channels/1538500688038994040/1543556316377645067/1549063827427950715
1086,Wanger Bus,senden0503_65771,'1426938617766477977',dziesetuo (1548330415473819729) | cheeseman.7 (1462030488586948762) | the_goat0552_45133 (1508463577911263355) | senden0503_65771 (1426938617766477977),4,https://discord.com/channels/1538500688038994040/1543556316377645067/1549063898554966127
1087,Team Monster,rohitrajput0856,'1546026930820882484',himanshi_2007_38964 (1400052913782390795) | hariomchauhan0303 (1548204436315316315) | rohitrajput0856 (1546026930820882484) | None (1520110108984737974),3,https://discord.com/channels/1538500688038994040/1543556316377645067/1549064221638270977
1088,Team Death Orbit,jeevansarode.9,'1517178047567106343',thgshan_06032 (1175052631316635689) | doxliquid_44987 (1515969315533226095) | vikram02271 (1216635003811659917) | jeevansarode.9 (1517178047567106343),4,https://discord.com/channels/1538500688038994040/1543556316377645067/1549066724727586949
1089,Ice Titan,ayushwhisky890,'684784001017315329',vishal80816 (1368668246403973160) | ayushwhisky890 (684784001017315329) | arhan072217 (1396068126105407520) | kaiyo.7_58701 (1510929131439652887),4,https://discord.com/channels/1538500688038994040/1543556316377645067/1549069306401132647
1090,Apex Assaulters,arnav2722,'937910364023160893',arnavgaikwad0752_94796 (1488995562056319197) | cdaztgarnavc (768298445508837409) | arnav093_14013 (1463943661426573355) | arnav2722 (937910364023160893),4,https://discord.com/channels/1538500688038994040/1543556316377645067/1549069774380859455
1091,TEAM Fls,xenvo0365,'1457025902956249281',xenvo0365 (1457025902956249281) | baki2210__40137 (1549058417639821434) | kunalchahal07_62427 (1540304859130110023) | kakaop0222 (1257568617940123738) | harshh_121 (1295769211150405663),5,https://discord.com/channels/1538500688038994040/1543556316377645067/1549069794269986941
1092,Team Zenin X Esport,shubhgaming9805,'889801378443169853',suyashshinde0663_16312 (1426462085377818705) | kyakrish04_ (1498737620828684433) | shubh067642 (1496168206430113804) | shubhgaming9805 (889801378443169853),4,https://discord.com/channels/1538500688038994040/1543556316377645067/1549072103448379575
1093,Team phoenix eSports,ads_live,'1433155653878284451',aayush096887 (1335892792622452808) | ads_live (1433155653878284451) | rohitrajput0856 (1546026930820882484) | ishant._ezyy (1502961805637587094),4,https://discord.com/channels/1538500688038994040/1543556316377645067/1549073086576599043
1094,Team Predators,yuvixd3018,'1308334774783447111',predators_vikas26 (932965545232437300) | prexnoyaa (970295299899818085) | yuvi3000__90939 (1259445954038468750) | yuvixd3018 (1308334774783447111),4,https://discord.com/channels/1538500688038994040/1543556316377645067/1549078052578009221
1095,Team Novax Esports,daksh005028,'1539847258143596564',aaryanxxd (734645731788587059) | harsh_0071_ (1544420206611529811) | daksh005028 (1539847258143596564) | chetanchoudhary. (1535678390948990996),4,https://discord.com/channels/1538500688038994040/1543556316377645067/1549081054839836833
1096,Team gujju geming,naresh0659,'1542756280643625000',storm3001 (981449420786786315) | naresh0659 (1542756280643625000) | khan064465 (1531707240153743499) | khushimirza (908922162994356295),4,https://discord.com/channels/1538500688038994040/1543556316377645067/1549081524815663155
1097,Team 4Shadow,akifkhan0114,'1432299638488043600',mohit064572 (1549004855895654472) | gost07892 (1545849590253752320) | akifkhan0114 (1432299638488043600) | lonelywolf1845 (784347054699708438),4,https://discord.com/channels/1538500688038994040/1543556316377645067/1549081837853483182
1098,Team Axg,eosxakansh,'1320998703078576130',ig_anshdubey (1219302786571702352) | eosxgagan (673951317194047489) | shivaislive_7351 (1549079285921222778) | eosxakansh (1320998703078576130),4,https://discord.com/channels/1538500688038994040/1543556316377645067/1549082503447449683
1099,FREAKY Esports,zynxeoo_40410,'1400117306692206764',darkrider7024 (908935792095789137) | nivi0127_09741 (1548242456548474925) | zynxeoo_40410 (1400117306692206764) | samm08888 (1127572627251273829),4,https://discord.com/channels/1538500688038994040/1543556316377645067/1549084219555323989
1100,Team Original Knights,nithingoud0953_56176,'1264485016327421977',krimak_ (1546147890135564329) | okwrcboi (1544369503977214002) | sumanth03006 (808031429287739453) | nithingoud0953_56176 (1264485016327421977),4,https://discord.com/channels/1538500688038994040/1543556316377645067/1549085887378358313
1101,Team Golden Arrows,_nilp_04,'1410906746410500137',_nilp_04 (1410906746410500137) | savan0944_43698 (1549035051629416498) | shlokmevada11 (1548955590548525179) | gacypher. (1548231698729279518),4,https://discord.com/channels/1538500688038994040/1543556316377645067/1549085971868426434
1102,Team 1Hp Esports,rehanshaikh00547,'1456256743481806965',somyadhiman (1426135846599528512) | rehanaliyt (950759890278809601) | rehanshaikh00547 (1456256743481806965) | dheeruplays (921991526203158609),4,https://discord.com/channels/1538500688038994040/1543556316377645067/1549088737043157124
1103,4Knights Esports,strikexkatappa,'1293099696260120589',4knightsreigen (1549063725875728425) | strikexkatappa (1293099696260120589) | aajamtyagi (1549061798869606502) | smiletyagi (1549062602787921951),4,https://discord.com/channels/1538500688038994040/1543556316377645067/1549089312472301631
1104,Team Hellstorm Esports,anni13122004,'1193215502118563860',yashbaghel0075 (1431617019354153040) | noob2pro_16_97668 (1501495879834800128) | rakshittyagi0318 (1509800409806405642) | anni13122004 (1193215502118563860),4,https://discord.com/channels/1538500688038994040/1543556316377645067/1549093428250550465
1105,Team Zero Tolerance,sparky_nub_74765,'1332979075559723011',itx.lexx69_ (1540751827430281248) | brown02451 (1499743937659797504) | itx.panther1 (1543233893656698912) | sparky_nub_74765 (1332979075559723011),4,https://discord.com/channels/1538500688038994040/1543556316377645067/1549104630032629833
1106,Team Tgrs,8039680640,'1306636594480025620',united_tiger_39008 (1546943453538164866) | 8039680640 (1306636594480025620) | rtxrega_37351 (1448581565461434470) | ayush000329 (1547520680634097694),4,https://discord.com/channels/1538500688038994040/1543556316377645067/1549107044680990863
1108,Team Mikelsons Clan,sambhav_10,'1222664942608711731',v_v_k_ (1444210340505325690) | sambhav_10 (1222664942608711731) | tmcxklaus (1533401517137203212) | ankitchoudhary0741 (1519595460233265294),4,https://discord.com/channels/1538500688038994040/1543556316377645067/1549109431311274012
1109,Team Nigma Galaxy,amaan7608,'764513403245953044',syedahm3d (1548965000851365891) | rayyan1718. (1292516051149525045) | cyrys0864_87297 (1523941530191265854) | bharath_nayak_03 (1548966300129427486),4,https://discord.com/channels/1538500688038994040/1543556316377645067/1549109456057667632
1110,Team Ws,daadilu,'1173122395540832322',daadilu (1173122395540832322) | parvat7475 (846972935767851020) | dishugaming_40385 (1492581091071103086) | akshat027510._86937 (1524384270599323679),4,https://discord.com/channels/1538500688038994040/1543556316377645067/1549110367437983905
1111,Team Xenox Esports,senpai_1281,'1407116343810982092',aman_51529 (1116419848352829440) | primeenf (1529036611646656522) | senpai_1281 (1407116343810982092) | suraj095771 (1546035084010856478),4,https://discord.com/channels/1538500688038994040/1543556316377645067/1549111147485995039
1112,Apex Knight,shaikhmaaz101,'1410492981999566870',wise_unicorn_56424 (1362388991227465888) | bilalkhan3214 (870924445517250600) | ak_zain_khan (1549103369703002216) | shaikhmaaz101 (1410492981999566870),4,https://discord.com/channels/1538500688038994040/1543556316377645067/1549113645278044231
1113,Team Silent Rage,godlxswayam,'549632381456351233',godlxswayam (549632381456351233) | aryan_779 (1410311732840104018) | ragexdaksh3616 (578284187304460299) | rahil8058 (1099665377820160053),4,https://discord.com/channels/1538500688038994040/1543556316377645067/1549121603798040737
1114,vishwash0878's team,vishwash0878,'1478018604317544499',mann021192 (1546018910678163539) | vishwash0878 (1478018604317544499) | mannu_xd3 (1028621879768006706) | ftsxhitesh (1538071371941290068),4,https://discord.com/channels/1538500688038994040/1543556316377645067/1549125975718232137
1115,Team Tug Esports,ujjal0795,'797481556302233620',jaatxitachi (1548209239787315220) | ujjal0795 (797481556302233620) | berlin_0301 (1547531250854666261) | nikkjod_98017 (1519936728306159668),4,https://discord.com/channels/1538500688038994040/1543556316377645067/1549127286912065567
1116,Team Highvoltagegaming,itachi050003,'1545178519661707388',itachi050003 (1545178519661707388) | mrcyanide1021 (1014730859003252756) | vamshijannu6694 (717225527492214894) | oprockstar_ (1547549829046079583),4,https://discord.com/channels/1538500688038994040/1543556316377645067/1549160517816426578
1117,ApexReapers,lx_titan,'1548977526750183497',ryuga09543 (1548976617924202536) | lx_titan (1548977526750183497) | abneesh7723 (669470443878613012) | sheruu777_78131 (1548976340651220993),4,https://discord.com/channels/1538500688038994040/1543556316377645067/1549235784798834760
1118,Team Jod,nikkjod_98017,'1519936728306159668',amanjod_15 (1549075202980184129) | kirtantheigl11 (1519928891903442994) | nikkjod_98017 (1519936728306159668) | niitro_88 (1218436829674602516),4,https://discord.com/channels/1538500688038994040/1543556316377645067/1549237261785235537
1119,Team The Wolf Lethality Esp...,tarun1111,'1122927134592204971',abbasaikrishna (1415338608390439025) | akash034383 (1217175881852780546) | tarun1111 (1122927134592204971) | anil023938 (1426090377592569917),4,https://discord.com/channels/1538500688038994040/1543556316377645067/1549260889901764721
1120,Team Ripple,thomasshelby29,'1187192773510705152',thomasshelby29 (1187192773510705152) | pryshx (1490442028818108436) | priyanshu_02010 (1299816742951846021) | vishal1750 (708209398312337479),4,https://discord.com/channels/1538500688038994040/1543556316377645067/1549264500119576607
1121,Team Maha,maha_vick,'1287273770989522974',tobiash15 (1535491560282652672) | sheruu777_78131 (1548976340651220993) | t1player0869 (1463921601593475228) | maha_vick (1287273770989522974),4,https://discord.com/channels/1538500688038994040/1543556316377645067/1549267993635197029
1123,Team Fantastic Goats,ce_siddharth16_21322,'1519043370134274109',parv_12 (1519196843861344292) | ce_siddharth16_21322 (1519043370134274109) | 777_zoro_69 (1521161521458057311) | ce_siddddd_81694 (1535478701083594823),4,https://discord.com/channels/1538500688038994040/1543556316377645067/1549270432933220466
1124,Team Alpha Power,mrnlgaming._39290,'1362471417194614833',mrnlgaming._39290 (1362471417194614833) | shazanansari._29004 (1482748730452082850) | joker1236772 (528512219026161674) | noirgaming. (1394760493633241148),4,https://discord.com/channels/1538500688038994040/1543556316377645067/1549271784442957968
1125,Team Monster,hariomchauhan0303,'1548204436315316315',dushyantchauhan0702 (1549261044395024492) | hariomchauhan0303 (1548204436315316315) | rohitrajput0856 (1546026930820882484) | himanshu022781 (1538069496336752662),4,https://discord.com/channels/1538500688038994040/1543556316377645067/1549272382944976907
1126,Team Strawhats,dustinog__49310,'1333063965730803793',dustinog__49310 (1333063965730803793) | manthan0805 (849689656706465802) | sanitizer9694 (811978272589217822) | yunoo0145 (1549278571032485966),4,https://discord.com/channels/1538500688038994040/1543556316377645067/1549285169251487815
1127,Team Egox Esports,cgking6571,'936798821659316264',cgking6571 (936798821659316264) | shubhamnikule (1382704377323720755) | aryan__0225 (1525183470433865789) | texaakash (1383083359768543446),4,https://discord.com/channels/1538500688038994040/1543556316377645067/1549296225377853512
1128,Team Starfallxesports,828440_,'1234909668183244892',abhinavrawat0947_54504 (1491779397286629518) | beast087485 (712662606011433020) | skeletonx07 (1491315578252558366) | 828440_ (1234909668183244892),4,https://discord.com/channels/1538500688038994040/1543556316377645067/1549298836508381216
1129,Team Ws,dishugaming_40385,'1492581091071103086',daadilu (1173122395540832322) | parvat7475 (846972935767851020) | dishugaming_40385 (1492581091071103086) | akshat027510._86937 (1524384270599323679),4,https://discord.com/channels/1538500688038994040/1543556316377645067/1549301165974626305
1130,Team Dynamics Esports,masteislive,'1461071600232304816',masteislive (1461071600232304816) | samkumar0432 (1345367092181991474) | suhailsaifi0485_09340 (1478795533882622016) | mdvicky786_07761 (1430404774758711316),4,https://discord.com/channels/1538500688038994040/1543556316377645067/1549302025597091862
1131,Team Vortex Esports,vrx_whistler.,'1513420635685126234',yashu_ps0 (1251087254043234304) | swampy8374 (941703808386494465) | vrx_whistler. (1513420635685126234) | gugu_gaga0242 (1548987528512675902),4,https://discord.com/channels/1538500688038994040/1543556316377645067/1549306402974208061
1132,Team Cp9 Official,cp9xadeshog,'1112946943098900610',cyperpolls9 (605738029612531712) | babapixel7415 (834308573139304489) | cp9xadeshog (1112946943098900610) | copyninja0528 (1420369939692519544),4,https://discord.com/channels/1538500688038994040/1543556316377645067/1549306612231962625
1133,Team Xpro Nexus,ansh06100,'1385879279404843119',xprorusher_80825 (1538950484646166711) | xprotactic001 (1499253479666090068) | _neox_420 (1447592549794709780) | ansh06100 (1385879279404843119),4,https://discord.com/channels/1538500688038994040/1543556316377645067/1549309525255921675
1134,Team Bareilly Warriors,shabanshaan,'1517453039999520820',bwxsairan (1405943828032000051) | shabanshaan (1517453039999520820) | midnxght.legitt (710862800393601045) | bwxfrenz (1405941132751278221),4,https://discord.com/channels/1538500688038994040/1543556316377645067/1549314370691932221
1135,Attacker Kings,arjunkumar0533,'1543517328958955520',arjunkumar0533 (1543517328958955520) | jerry.llly (1532753031970684968) | krishnaji0482 (1543517437423648770) | 4fxmxbeast_69530 (1450011935570395267),4,https://discord.com/channels/1538500688038994040/1543556316377645067/1549327440139264022
1136,Team Gods Omen Girls,aura033012,'1468626983163265230',krista.vnei (727903182977499256) | None (1139156252941885441) | shygaming (854768267918180402) | maimomohuu (1419020125792899195),3,https://discord.com/channels/1538500688038994040/1543556316377645067/1549327560805056555
1137,HELLCORE ESPORTS,tiwari_hu,'1511006605725007882',tripathi_hu (1542046359480311808) | tiwari_hu (1511006605725007882) | trivedi_hu (1082597869913120828) | tiwari__hu (928629163500392479),4,https://discord.com/channels/1538500688038994040/1543556316377645067/1549335220321386629
1138,Blood Bath Titan,cyrexplayzz,'1323984147378868245',zcxrelflex (1450158075179962602) | nadegod41 (851767047867072554) | cyrexplayzz (1323984147378868245) | enziogamer7573 (885754575209000990),4,https://discord.com/channels/1538500688038994040/1543556316377645067/1549335881481977878
1139,Team Btg,btgego,'1307024917186875412',btgxrex (1307227663366225953) | btgego (1307024917186875412) | arxdestroyer (1307025184217366573) | dilshan_288 (1420848997001855199),4,https://discord.com/channels/1538500688038994040/1543556316377645067/1549335888775880825
1140,Team Against God,ywnxgojo2op,'697739293161947136',ywnxgojo2op (697739293161947136) | golden9079 (726081231665758305) | matrix094621 (1511242266566459444) | None (1291313109939650596),3,https://discord.com/channels/1538500688038994040/1543556316377645067/1549341250606338049
1141,Just Begin Esports,vivek03312,'1532020504234430476',hi.piyush_here (1402883911893385316) | coolboy0722 (1204521414082826323) | vivek03312 (1532020504234430476) | aazib0942 (1545778806768406549),4,https://discord.com/channels/1538500688038994040/1543556316377645067/1549348301508444161
1142,Team Virtus Creed,vcxunknown,'702193790529830933',jajjzz0708 (1254279949360300089) | starlight09 (468383176486551562) | aneelyadav (1449399842811154572) | vcxunknown (702193790529830933),4,https://discord.com/channels/1538500688038994040/1543556316377645067/1549348526427742229
1143,Team Midnight Reign,ujjwal_chauhxn,'527872931938697226',mars081173 (1439290048959873224) | ujjwal_chauhxn (527872931938697226) | None (1541800852296175666) | nakul__01_ (1511367367576387645),3,https://discord.com/channels/1538500688038994040/1543556316377645067/1549364540150386742
1144,Team Astera Esports,ganeshsolanke,'1325338037286080545',aniket_x0723 (1549318121360326736) | ganeshsolanke (1325338037286080545) | abhishek001279 (1183446927271006322) | rohanx_77 (1549316197533753365),4,https://discord.com/channels/1538500688038994040/1543556316377645067/1549371361712148541
1145,Spy Esports,strik3r_og_27357,'1491805433164206180',ig_sayip (1549335727689437185) | strik3r_og_27357 (1491805433164206180) | joyal0570_70709 (1526586356594249901) | dreamboy2592 (1033742101416005633),4,https://discord.com/channels/1538500688038994040/1543556316377645067/1549371506365173842
1146,Team Savage Syndicate,piyushzode,'1271696530662883390',piyushzode (1271696530662883390) | sumitroyxgamer (539122741622865930) | sourav022850 (1286912547668099180) | deepanshu599 (1548522732583649390),4,https://discord.com/channels/1538500688038994040/1543556316377645067/1549378703056703539
1147,Flash Light eSports,visi0nnnnnn,'1113359462892310538',leonidas0567 (850606279088275496) | visi0nnnnnn (1113359462892310538) | balkiratsingh7919 (1113078532734730252) | tushar01183 (1042076095261978644),4,https://discord.com/channels/1538500688038994040/1543556316377645067/1549381938698125363
1148,Team Vortex Esports,None,'918146715998126090',musaib0108 (1510639451343290408) | None (918146715998126090) | mayank0010181 (1537483045886763068) | rohiit07 (1387738143863603261),3,https://discord.com/channels/1538500688038994040/1543556316377645067/1549384516836135024
1149,Team Shadow Regin,abneesh7723,'669470443878613012',ryuga09543 (1548976617924202536) | sheruu777_78131 (1548976340651220993) | lx_titan (1548977526750183497) | abneesh7723 (669470443878613012),4,https://discord.com/channels/1538500688038994040/1543556316377645067/1549393812382679083
1151,Team Thunder Strom,mohammadarman29,'1534530303828164798',mohammad009298 (1542092873397174313) | prince054454 (1497104101450842132) | sahil_kumar_1 (1283743654686621717) | mohammadarman29 (1534530303828164798),4,https://discord.com/channels/1538500688038994040/1543556316377645067/1549405511261229057
1152,Team Titan Rivals,sahil_kumar_1,'1283743654686621717',dragonxgaming2655 (923584122255970354) | iii12 (920319262944550972) | sahil_kumar_1 (1283743654686621717) | faiizzz.69 (1450865329692737790),4,https://discord.com/channels/1538500688038994040/1543556316377645067/1549406080491065507
1153,Team Vortex,shakirshaikh0426,'1304496812001984544',shakirshaikh0426 (1304496812001984544) | __cuteboy__ (1100707800910417920) | nadeem0.9_26197 (1531664482970108037) | designergamerz (1059767830008045639),4,https://discord.com/channels/1538500688038994040/1543556316377645067/1549407534941741067
1156,Team Vernox Esports,ddxfinex,'1536671131497529394',rusherxbd_63188 (1432086375762497729) | ddxfinex (1536671131497529394) | waleedusmani_48583 (1497884183421386843) | tanjigogaming (1400889882603290717),4,https://discord.com/channels/1538500688038994040/1543556316377645067/1549418210636333147
1157,Team Falcon Soldier,huzaifagaming.,'1142438698793848942',karan822694 (1532637003605344371) | anasgaming._ (1414837299975290882) | _hades_007 (839759853416611850) | huzaifagaming. (1142438698793848942),4,https://discord.com/channels/1538500688038994040/1543556316377645067/1549434512898003036
1158,Team Ronin Esports,aayush083229,'1539226265079386227',kennnthuer (1473604416811700368) | yaap0351 (1435606481067180083) | aayush083229 (1539226265079386227) | uk_aayush_ (1451508550429053059),4,https://discord.com/channels/1538500688038994040/1543556316377645067/1549435041073991773
1159,4Claw Officials,zeonog.,'980378689101504612',shaikhnaeem_ (1530706507925291201) | f7xvenom_47318 (1414182591191449610) | megaboiii._89510 (1218387719907049483) | zeonog. (980378689101504612),4,https://discord.com/channels/1538500688038994040/1543556316377645067/1549436381611298890
1160,Team Jaapi,chupakabra06,'728633728804454490',powerful_beetle_52195 (1549325019975389185) | sosko22. (1450529493616820295) | ig_ov3rk1ll (645576404720680970) | fyou0231 (864833154208366603) | davidlaidy (1319721373483925645),5,https://discord.com/channels/1538500688038994040/1543556316377645067/1549445575903158354
1161,Team Fl Esport,muzfrhusnnn,'1412108654315966595',zubair05326 (1519732627308019744) | flamehunter7448 (907917997946077205) | muzfrhusnnn (1412108654315966595) | asif023769 (1486688296330465291),4,https://discord.com/channels/1538500688038994040/1543556316377645067/1549448108822364202
1162,Team Trx,gourav_2025_09985,'1400540521025507409',ashiq06608 (1549072327583604776) | gourav_2025_09985 (1400540521025507409) | fiery_peacock_07653 (1549444314264899777) | trxliquid_94938 (1549447597243240468),4,https://discord.com/channels/1538500688038994040/1543556316377645067/1549449008093728904
1164,Night Fangs,krrish180426,'779383514725482497',krrish180426 (779383514725482497) | being_kr_99363 (1346927232303497378) | mugshotxtxe (1122762390547738764) | witcherrr0682 (1360866985063223390),4,https://discord.com/channels/1538500688038994040/1543556316377645067/1549463718205857834
1165,Team Astraa Esports,veer078938,'968755348557140028',igris09061 (1537138658149269504) | 1_shothack (1505953848945021162) | veer078938 (968755348557140028) | fraggaming0120_34738 (1528293111070068866),4,https://discord.com/channels/1538500688038994040/1543556316377645067/1549484774857375908
1166,Team Strategoz,shivamsingh0491,'1473759749978718333',shivamsingh07514 (1549331852819439617) | shivamsingh0491 (1473759749978718333) | piyushjoshi0849 (1549494543722745957) | cracker.v4 (801678082376990791),4,https://discord.com/channels/1538500688038994040/1543556316377645067/1549496470049132555
1167,Team F8G Esports,onepunch8507,'789777353018310697',onepunch8507 (789777353018310697) | f8ggod (635907895166500874) | alfaz__001 (1167334742203564107) | afif_gamimg (1440997695580934254),4,https://discord.com/channels/1538500688038994040/1543556316377645067/1549504271979118714
1168,Team Vision Uk Boys,abhisheknanu0909,'1549528395975491694',sam_6411 (1547872627652165642) | justin052000 (769498748358230027) | abhisheknanu0909 (1549528395975491694) | parth18__ (1456625578131193919),4,https://discord.com/channels/1538500688038994040/1543556316377645067/1549532131473100833
1169,Team Worst Generation,valiant09078,'1251047190386839605',yukii06191 (1518495925645873232) | tenma03756 (1518495358626562090) | niggu0860 (1410632627337171035) | valiant09078 (1251047190386839605),4,https://discord.com/channels/1538500688038994040/1543556316377645067/1549617650215293060
1170,Team Sync,vikash7414,'885472627035078667',rj05jaatt (1265987221068972032) | vikash7414 (885472627035078667) | yash._.kumarr (1526596738666856579) | abhayjamgade (1466068321605517539),4,https://discord.com/channels/1538500688038994040/1543556316377645067/1549621290007003209
1172,Team Urbanghost,shivamparihar0506,'1390020788148764774',swaraj070397 (1549627331780280395) | khatri00299 (1549619661795233852) | ritss_01 (1549626065201139733) | shivamparihar0506 (1390020788148764774),4,https://discord.com/channels/1538500688038994040/1543556316377645067/1549633873384841338
1173,Team Negetive Aura,rajput_aditya.34,'1409136741759057960',rajput_aditya.34 (1409136741759057960) | jagatamar (1453366476210700299) | vdjoshi007 (1375157754628538420) | crazycreator.34 (1548891029028208646),4,https://discord.com/channels/1538500688038994040/1543556316377645067/1549635211023753247
1174,Team Uprising Esports,harshh_jod,'749886820795416656',vamp6410 (567273644020072448) | arnabjyotimahanta (1493461115038863451) | harshh_jod (749886820795416656) | aizensosuke01933 (1332353591863803966),4,https://discord.com/channels/1538500688038994040/1543556316377645067/1549637079393116281
1176,Team Arora Genesis,deepanshu03057,'1442136920103719065',r.n0800 (1549377271846928449) | deepanshu03057 (1442136920103719065) | ak7king (1548660952239575153) | latifkhan0020_01274 (1513216372010914006),4,https://discord.com/channels/1538500688038994040/1543556316377645067/1549638424829624351
1177,Team Aerowolf,araf01611,'1498735121736531978',pradiproy0056in.bgmi (1318842818080411689) | araf01611 (1498735121736531978) | mohdarshansari2139 (550596279042834443) | zenitsuoop._12661 (1376435354302677102),4,https://discord.com/channels/1538500688038994040/1543556316377645067/1549638847246245920
1178,Team Ws,parvat7475,'846972935767851020',daadilu (1173122395540832322) | parvat7475 (846972935767851020) | dishugaming_40385 (1492581091071103086) | akshat027510._86937 (1524384270599323679),4,https://discord.com/channels/1538500688038994040/1543556316377645067/1549650849544929302
1179,Team Tectonic,aaglxzetsu,'1486621112920965212',hiamanshu_77 (1483843271368249469) | aaglxzetsu (1486621112920965212) | sunny08rc (1451603968722735389) | afif_gamimg (1440997695580934254),4,https://discord.com/channels/1538500688038994040/1543556316377645067/1549652069789474887
1180,Demon Slayers Esports,coolboyy6406,'709282190592311296',coolboyy6406 (709282190592311296) | yogesh_1809 (1521805748294647929) | ig_gourav. (1066262612800704544) | divyanshu_verma21_40042 (1434485238335148086),4,https://discord.com/channels/1538500688038994040/1543556316377645067/1549655573455175751
1181,TEAM OCEAN GODS,chwesly1321,'566116784558702593',harshasquad1264 (636891168822788097) | vishnuvamsi0074 (1547829883328139266) | todknox (1096385491512852565) | chwesly1321 (566116784558702593),4,https://discord.com/channels/1538500688038994040/1543556316377645067/1549658116340318289
1182,Team Meverickesports,mvrxmrigl_98892,'1541073407754641509',deep047816 (1541073619684171786) | reki_kun07 (764717034663575562) | _arc_pluto_ (1418153060789784596) | mvrxmrigl_98892 (1541073407754641509),4,https://discord.com/channels/1538500688038994040/1543556316377645067/1549658260619919453
1183,Team Uwe,sudhanshu_0177,'1022511682498596935',tom030448 (1412732776284950689) | md_nawed (1200062081119031316) | amityadav7474 (1481344919544135781) | sudhanshu_0177 (1022511682498596935),4,https://discord.com/channels/1538500688038994040/1543556316377645067/1549659732896129097
1185,Team Eternalz Reignz,ronakkashania,'1421085105220485261',monster_912 (1157174641958326352) | mrreflex5582 (846272029635510334) | ronakkashania (1421085105220485261) | shauryapratap0734 (1258066498778566702),4,https://discord.com/channels/1538500688038994040/1543556316377645067/1549663889309040641
1186,Team Bloody Esports,sadikali0367,'1547452993333366795',abdullah_5644 (1549402452237877368) | sadikali4988 (922503579124793377) | sadikali0367 (1547452993333366795) | thor2848 (579432830216699905),4,https://discord.com/channels/1538500688038994040/1543556316377645067/1549664489442385951
1187,Neuronova Esports,sagar01603,'865606623081922580',baba.sagar (1392514287905542265) | sagar01603 (865606623081922580) | ajay_raghav (1249259126702342164) | adlegend9 (1515544203571236927),4,https://discord.com/channels/1538500688038994040/1543556316377645067/1549665243582431243
1188,Team Ragebait Esports,puravlakra,'1120351324068909056',puravlakra (1120351324068909056) | rajsoni_9701_20735 (1250321525496877089) | nithingoud0953_56176 (1264485016327421977) | hunterzod. (1499484683669471343),4,https://discord.com/channels/1538500688038994040/1543556316377645067/1549669454156144681
1189,Team Bihari,rajvardhan018,'1155374183421849600',rajvardhan018 (1155374183421849600) | ig_rocky (1228635157079265314) | srtkgupta (740133875564413029) | gangbuk67 (617329321618440207),4,https://discord.com/channels/1538500688038994040/1543556316377645067/1549669598700503065
1190,Team Astra Vortex Esports,abhishek001462,'1517783413346795622',shobhit800_69917 (1542399254608224288) | moiezzzzzzzzzzzzz_18495 (1529117325326811287) | abhishek001462 (1517783413346795622) | mrigank6601 (996777379001290855),4,https://discord.com/channels/1538500688038994040/1543556316377645067/1549671201893257217
1192,jitschauhan0256's team,jitschauhan0256,'893321989358506044',jonathanx_7_62978 (1545448492460155040) | goku009833 (1547119331287105617) | jitschauhan0256 (893321989358506044) | odxzelenskyy.014 (1381254103136469084),4,https://discord.com/channels/1538500688038994040/1543556316377645067/1549671275331321859
1193,Team Rising Star,risingstar01050,'1334738816749010974',rohit077782 (1304119401188163688) | rpanther12 (1152604180754739210) | risingstar01050 (1334738816749010974) | arvind_11475 (1544378734478491770),4,https://discord.com/channels/1538500688038994040/1543556316377645067/1549671448954667050
1194,Team Opx Esports,abhishek019430,'1539886809813876818',02_sameer_02 (1503259430437912656) | yogesh_1809 (1521805748294647929) | abhishek019430 (1539886809813876818) | piku8_ (1367439937359577094),4,https://discord.com/channels/1538500688038994040/1543556316377645067/1549671472203563069
1195,Team Tgr Esports,ballubadmash_,'1068940376217505912',ballubadmash_ (1068940376217505912) | lxtknight16 (1546177964344086578) | abhishek019430 (1539886809813876818) | soul8324 (1114553158987943966),4,https://discord.com/channels/1538500688038994040/1543556316377645067/1549671702114607165
1196,Team Brutal Esports,bhataabid_,'1542168960697499759',btgxrex (1307227663366225953) | btrxhunt07_79651 (1485848933862215690) | btltagodfather_1822 (1194662420631781556) | bhataabid_ (1542168960697499759),4,https://discord.com/channels/1538500688038994040/1543556316377645067/1549671764357947453
1198,Team Suicide Squad,epstinefile_member,'1459263390256992532',luminous.bhavii_68421 (1545771370942701622) | rohit014840 (1541683708338118722) | epstinefile_member (1459263390256992532) | halixaditya (1545749612294574166),4,https://discord.com/channels/1538500688038994040/1543556316377645067/1549671949322551297
1199,yoyoo20's team,yoyoo20,'1421376737169768568',eclipsexkai_66171 (1549404872452079650) | dobenewme (1423303180183277669) | horabenewme_15909 (1547858484089856043) | francis763 (1547856832595366000) | yoyoo20 (1421376737169768568) | empireyaorushi4741 (854762576609411103),6,https://discord.com/channels/1538500688038994040/1543556316377645067/1549672216730275851
1200,Team Yonko,devanshgupta0988,'1491076547992485929',_frosty_op (755332680325005312) | devanshgupta0988 (1491076547992485929) | 17_asce (1168638390665740298) | spiderwebs_36 (733211825193353347),4,https://discord.com/channels/1538500688038994040/1543556316377645067/1549672719035932673
1201,Team Blind Esports,lumenflix,'1522137310727114780',rechgamer. (1156514228769935360) | lumenflix (1522137310727114780) | None (935177163659939860) | igchinkuuu (1522476024946888735),3,https://discord.com/channels/1538500688038994040/1543556316377645067/1549672832403906571
1202,Team 4Ad,enzoo.13,'1069529516554334228',piyush0777777 (1392912862229565540) | finn.nub (777543425305608203) | enzoo.13 (1069529516554334228) | anthonygaming7875 (947428470856777798),4,https://discord.com/channels/1538500688038994040/1543556316377645067/1549672869099864135
1203,Team X Sixty Nine Esports,69xkrish_07054,'1533822079156355267',lavishgujjar0736 (1529314469086498818) | 69xkrish_07054 (1533822079156355267) | mrash29 (1413724306671796274) | habibi7518 (984338609844912198),4,https://discord.com/channels/1538500688038994040/1543556316377645067/1549673051203964939
1204,Team Tcx,aady0798_79796,'1288160004225896551',insane908_ (1549672200334872668) | zachs_ftw (428289511324123137) | fatman5447 (909023931065847828) | aady0798_79796 (1288160004225896551),4,https://discord.com/channels/1538500688038994040/1543556316377645067/1549673206309195798
1205,Team Ventix Zero Entity,gunx_gg,'841966978696085515',thlxmirror (1524851675758592041) | divijlad. (1506018501314482218) | gunx_gg (841966978696085515) | afzalmiyan (1455497374653878397),4,https://discord.com/channels/1538500688038994040/1543556316377645067/1549674527628468255
1206,Team Iq4 Esports,adityaraaz1617,'1526107398773936244',mo7t9254 (607296926920212482) | dnunia04 (1535007891856166994) | zo_sparrow (1127624047790923907) | adityaraaz1617 (1526107398773936244),4,https://discord.com/channels/1538500688038994040/1543556316377645067/1549674710655303742
1207,Team Sasta,lakshay1250057,'718010782905925662',muditkhandelwal (1335314203912704163) | sasta_flanker (1251776469919858759) | proboy7602 (760181531205173298) | sastasupport (1549672827500630037) | lakshay1250057 (718010782905925662),5,https://discord.com/channels/1538500688038994040/1543556316377645067/1549675035554218025
1208,Team Zero Mercy Esports,._sharad_bg,'860910858481041438',zeroaaravig (1482684882760110203) | traderop1570 (872422573063938068) | u7xbroly (1298193021371813949) | ftcyeager_10326 (1405087873962872844),4,https://discord.com/channels/1538500688038994040/1543556316377645067/1549675214634225675
1209,Team Noobest Players,inyou0535,'1549641447936888847',venomous8296 (961920935823298560) | sudar0119 (1530162498337243160) | rusher0385 (1544970184262029323) | secretdeadshovoxxt (571715035970273280),4,https://discord.com/channels/1538500688038994040/1543556316377645067/1549675327608070165
1210,Team Nightmare Esports,zyackerlive,'1263132850031558666',dronzer_01_78633 (1240310318421381240) | zyackerlive (1263132850031558666) | ranjxtt12 (1398703834624163910) | swileop (1437435354813693982),4,https://discord.com/channels/1538500688038994040/1543556316377645067/1549675613542027345
1211,Team Night Hunters,dhumraj_gaming,'1449247611801567363',mohit_pandit_777_62337 (1549671781307121746) | dhumraj_gaming (1449247611801567363) | 9865319872 (1526290757613518868) | zayran0431 (1520366682302840965),4,https://discord.com/channels/1538500688038994040/1543556316377645067/1549677110162104342
1212,Trwxesports,sohail075875,'1308848605792309329',trwxzahid (1549654008015224832) | sohail075875 (1308848605792309329) | austin091999 (1308840940554682502) | trwxshoaib (1308838155771838497),4,https://discord.com/channels/1538500688038994040/1543556316377645067/1549677873370239037
1213,VELTRION ESPORTS,vltxkrythonix,'1217046260327120926',vltxcheetahigl (1229708939126378537) | phantom028145 (1540658016788152370) | vltxkrythonix (1217046260327120926) | None (842102041466634281),3,https://discord.com/channels/1538500688038994040/1543556316377645067/1549678482886234113
1216,Team Krx Esports,krishnasingh00176,'1434834074144604180',gxneshhhh._ (1523249520694267986) | aryan168200 (1500729036807082045) | krishnasingh00176 (1434834074144604180) | piyushogislive_29051 (1549282037846904877),4,https://discord.com/channels/1538500688038994040/1543556316377645067/1549680244485660773
1217,Team Zero Division,ninjaop3115,'1088882908195979304',ninjaop3115 (1088882908195979304) | rusher0500_89207 (1549304843091320832) | hash5240 (753829002896211978) | vinoth9865 (1532943562541502570),4,https://discord.com/channels/1538500688038994040/1543556316377645067/1549681780561551443
1219,Team Dsg,sukhmeetsingh13,'375210425530187777',sukhmeetsingh13 (375210425530187777) | vaibhav2203 (698547756075319396) | sarwagya7324 (935862897559621662) | roxmrbius2818 (453221704097857537),4,https://discord.com/channels/1538500688038994040/1543556316377645067/1549682591592882217
1220,abidkhan8838's team,abidkhan8838,'1549518226335989760',abidkhan8838 (1549518226335989760) | shyam_2401 (1527516617645490217) | harshhh0530 (1491047598235193419) | csexscaryog (1549671073476378665),4,https://discord.com/channels/1538500688038994040/1543556316377645067/1549682715459199019
1221,Vernox Esports,harshhh0530,'1491047598235193419',bunny_x9 (1249258935349809249) | krishna023156 (1410854322564239442) | harshhh0530 (1491047598235193419) | gxneshhhh._ (1523249520694267986),4,https://discord.com/channels/1538500688038994040/1543556316377645067/1549683424208621610
1222,Team Iam,magical_sparrow_40517,'1549612976619655302',iamking0221 (1549674145984421921) | vijaydhakre01_96817 (1485567519048863804) | brave_piglet_49536 (1549672402315645029) | magical_sparrow_40517 (1549612976619655302),4,https://discord.com/channels/1538500688038994040/1543556316377645067/1549683772633649183
1223,Team Max,jeetuthenua,'1393883120096379010',jeetuthenua. (1395470518676885745) | jeetuthenua (1393883120096379010) | shivam.__679 (1393907610595491932) | mohit048563 (1394663407264858127),4,https://discord.com/channels/1538500688038994040/1543556316377645067/1549684485484978269
1224,Team T10 Esports,litljerry_00986,'1251526066225549314',fulvaa (1338557627046563880) | anand04958 (1549671658959413289) | litljerry_00986 (1251526066225549314) | jenilgamit_70544 (1549680256942608395),4,https://discord.com/channels/1538500688038994040/1543556316377645067/1549685997095354401
1226,Team Shadow,csexscaryog,'1549671073476378665',abidkhan8838 (1549518226335989760) | csexscaryog (1549671073476378665) | csexgojo (1549676029222719571) | csexsahu (1549676156511592479),4,https://discord.com/channels/1538500688038994040/1543556316377645067/1549688628970655777
1227,7 Warlords Esports,n1.neutron,'1050982880400126032',n1.neutron (1050982880400126032) | deadly_azmy2113 (1026803857919053865) | hmd_azmy (958343142963310694) | 7w_esports_22578 (1477745657589661870),4,https://discord.com/channels/1538500688038994040/1543556316377645067/1549688725905088593
1228,Team Badboyz Esports,sanket131,'1430509230695256146',pratik009371 (1536425926953402448) | sanket131 (1430509230695256146) | shubham200625 (1538930187666853971) | royal_star_07 (1127462168569323610),4,https://discord.com/channels/1538500688038994040/1543556316377645067/1549688815495413781
1229,TEAM EMPX,godzxrashid,'1296672971846320220',janu09579 (1526121095365918753) | xzemgaming (1503080439768940554) | samop_07 (864416391842758667) | godzxrashid (1296672971846320220),4,https://discord.com/channels/1538500688038994040/1543556316377645067/1549688967182549044
1230,Team Fallen Esports,manthan1394,'978258467720671243',prince_2409 (1331577915980255257) | 083930_ (1258006059549851698) | manthan1394 (978258467720671243) | fnxshadow0080_97188 (1547583952490078270),4,https://discord.com/channels/1538500688038994040/1543556316377645067/1549690616592597077
1231,Team Arena Esports,mdfarhan0632,'1410504708296282174',sahil_sheikh026_10663 (1548039067453882448) | armannn11098 (1469971951157116969) | arsalan.1 (1209422315998158899) | mdfarhan0632 (1410504708296282174),4,https://discord.com/channels/1538500688038994040/1543556316377645067/1549693441200365604
1232,remarkable_chipmunk_45385's...,remarkable_chipmunk_45385,'1434532640358273044',immaculate_hummingbird_27583 (1409888245310816430) | rohit022783 (1477176028064645212) | remarkable_chipmunk_45385 (1434532640358273044) | msd05851 (1477176532752404542),4,https://discord.com/channels/1538500688038994040/1543556316377645067/1549696166705369140
1233,Team Elite Core,kankholiiii,'1458050435419078771',kinggg0261 (1343978111166976000) | kankholiiii (1458050435419078771) | ecrxrohit03 (1530440342233682036) | amna0720 (847330580676870196),4,https://discord.com/channels/1538500688038994040/1543556316377645067/1549696261949620327
1234,nader.hu's team,nomusxkhomda,'1547159577718431791',None (1291313109939650596) | anupkumar5146 (1091649613410340965) | tag05075 (1546483242356449350) | nomusxkhomda (1547159577718431791) | igl_hunnn.yrrrr (838331172202348564),4,https://discord.com/channels/1538500688038994040/1543556316377645067/1549698125592010812
1235,Team Dynastyx Esports,2016wala,'1515254052160667691',pagalpanti0788 (1390693333315092592) | ig_god2309 (1514791156012154953) | 2016wala (1515254052160667691) | amantyagi7440 (943770677780041758),4,https://discord.com/channels/1538500688038994040/1543556316377645067/1549698438906781778
1236,Team Triple 9,999_princee,'1546934352368373901',prince_2409 (1331577915980255257) | xnr._maaz (1539146200106934307) | prabhu06045 (1500650912492818596) | 999_princee (1546934352368373901),4,https://discord.com/channels/1538500688038994040/1543556316377645067/1549703502131888149
1237,Team True Souls,tsxprem,'1542417695444574294',swaraj_11 (760789180128428082) | jaatxitachi (1548209239787315220) | jaani021 (1268994728343633973) | tsxprem (1542417695444574294),4,https://discord.com/channels/1538500688038994040/1543556316377645067/1549707624919072779
1238,Team Odisha Sandha,northernblades,'1318795282305122355',ajit06577 (1438386687246864384) | northernblades (1318795282305122355) | deepak08277 (1549701653622427701) | aizen_rishi (1438383106225737862),4,https://discord.com/channels/1538500688038994040/1543556316377645067/1549708667576786985
1239,Team Demon Esports,rvnc_prem,'606442038967140369',rvnc_prem (606442038967140369) | rvnc_prem___ (1486154198507716669) | empxlegit (1427960454822629439) | aarohi_24_09 (1374445262478639287),4,https://discord.com/channels/1538500688038994040/1543556316377645067/1549713087232213043
1240,Team Emperorx Esports,aarohi_24_09,'1374445262478639287',rvnc_prem (606442038967140369) | rvnc_prem___ (1486154198507716669) | aarohi_24_09 (1374445262478639287) | empxguddu (1091379835399585983),4,https://discord.com/channels/1538500688038994040/1543556316377645067/1549718873572384779
1241,Team Entity,joood6332,'992088867186421862',karmaxbhavin (848834552713445386) | owaisxy19 (898688091336876042) | joood6332 (992088867186421862) | zaidsandhi (1548531086320210011),4,https://discord.com/channels/1538500688038994040/1543556316377645067/1549719834474848307
1243,Team The Great Empire,pavanpawar0439_64436,'1517142993813901363',kapil00491 (1251490409952182304) | pikachu3691 (1051903852347129946) | pavanpawar0439_64436 (1517142993813901363) | kaishidrisi (1484092466696290374),4,https://discord.com/channels/1538500688038994040/1543556316377645067/1549721216833556531
1244,Tgexesports,pikachu3691,'1051903852347129946',itxitachi._54180 (1547635079797280880) | pikachu3691 (1051903852347129946) | pavanpawar0439_64436 (1517142993813901363) | kaishidrisi (1484092466696290374),4,https://discord.com/channels/1538500688038994040/1543556316377645067/1549722831644786701
1245,Team Cms,tsxsahil,'1095735394345164883',zeroxcrime (1040316998992797776) | farmaan0426 (1538925152786583554) | tsxsahil (1095735394345164883) | khan067249 (1546462629432659989),4,https://discord.com/channels/1538500688038994040/1543556316377645067/1549736364873093152
1246,Team Lion Heart,lhxstaryt2026,'691536907049500682',lhxstaryt2026 (691536907049500682) | legendv0342 (1538169007306178562) | lhx.pankaj29 (1514864851984318485) | lhxblitzx07 (1528226347938484335),4,https://discord.com/channels/1538500688038994040/1543556316377645067/1549736912808579083
1248,Team Invincible,mrdisaster0279,'1548653658525147186',mrdisaster0279 (1548653658525147186) | sarthakpurohit (1549335083834548235) | prasanntiwari (1548716117160108085) | jatinmishra0652_71304 (1548707524973305918),4,https://discord.com/channels/1538500688038994040/1543556316377645067/1549747063997337752
1249,Team Glitch Eagle,unaizzz.,'1339563630261178439',zayyansyed. (1285479592232226880) | zyrenix_. (1301784223333482521) | horaira87_44679 (1425070544167895060) | unaizzz. (1339563630261178439),4,https://discord.com/channels/1538500688038994040/1543556316377645067/1549748222195404831
1250,Hype Army,meet005196,'1549712180415303774',naeem02116 (1490793768033583185) | shortgaming0428 (1251185841213014110) | bittu050200 (1549748400667369593) | meet005196 (1549712180415303774),4,https://discord.com/channels/1538500688038994040/1543556316377645067/1549751160796348468
1251,Team Lethal Esports,mukeshsingh6853,'1434421731807989804',sachinoraon0028_88039 (1353218864242102352) | buddygaming_13 (1123126749807517728) | sumit009344 (1257946738233315363) | mukeshsingh6853 (1434421731807989804),4,https://discord.com/channels/1538500688038994040/1543556316377645067/1549752268277022731
1252,Team Plasma Esports,devilplayzyt21,'1191258767665414147',None (1404141125744201771) | masoom0393_76797 (1437445217601982506) | devilplayzyt21 (1191258767665414147) | tagayaan (1518299551100829829),3,https://discord.com/channels/1538500688038994040/1543556316377645067/1549765713382744147
1253,Team Overpower Esport,soodaditya,'1249986682250596365',dhruv068773 (1546924874423992323) | arman053386 (1501787535628697692) | soodaditya (1249986682250596365) | ayush000329 (1547520680634097694),4,https://discord.com/channels/1538500688038994040/1543556316377645067/1549766509935722537
1254,Team Nxt Lvl,amandpk07,'1393617688319754475',mysterious_moose_90785 (1471856986596311161) | sauravraj0961_57539 (1517714218151968890) | amandpk07 (1393617688319754475) | ritik99679 (1393957227060006913),4,https://discord.com/channels/1538500688038994040/1543556316377645067/1549767168491651205
1255,Team Rdxroyal Dragon X,pitty05969,'1548556990912143373',aniljaat0551 (1549656056936927240) | sahilchoudhary0664_65811 (1548558511716302945) | ashu041630 (1548570713554821251) | pitty05969 (1548556990912143373),4,https://discord.com/channels/1538500688038994040/1543556316377645067/1549767673276014680
1256,Team Black Pearl,varun__09,'1158043001663266826',mgod100k (1271772761962053704) | leoplayzz11 (1374030878367420458) | varun__09 (1158043001663266826) | anand038850 (1417586112305823765),4,https://discord.com/channels/1538500688038994040/1543556316377645067/1549768681192689726
1257,Team Thl Esp,rvnc_nokboxerzlive,'1271095149514068054',ak74_74_87939 (1469186575177875558) | harshitkohli0618 (1549428195990839306) | jadejamitrajsinh_ (1482458097133027420) | rvnc_nokboxerzlive (1271095149514068054),4,https://discord.com/channels/1538500688038994040/1543556316377645067/1549768763300249601
1258,Team Predators Reign,pratyaksh3337,'1091280621676007456',pratyaksh3337 (1091280621676007456) | ekam08872 (1540907473538515010) | yuvraj057312 (1513577080091050035) | rudraksh0189_33749 (1544182458377834686),4,https://discord.com/channels/1538500688038994040/1543556316377645067/1549769812564123771
1259,Surge Officials,raizovortex,'1497492016865738822',notlyn2op (1321867463192875082) | ankitog19 (1486082497266712587) | raizovortex (1497492016865738822) | roostam01 (1547983312805564447),4,https://discord.com/channels/1538500688038994040/1543556316377645067/1549770216249098332
1260,Team C4P,harshit1980,'610776044223332352',harshit1980 (610776044223332352) | astro026890 (1526838983806681099) | lovelygill21 (1525495717379051612) | finisher9468 (661758795742969886),4,https://discord.com/channels/1538500688038994040/1543556316377645067/1549775567388413963
1261,assaulterxabidd's team,assaulterxabidd,'1549695263197757470',outrageous_peacock_83798 (1218907606735781968) | voltx0252 (1265978822478659624) | om05439 (1484403227305836644) | assaulterxabidd (1549695263197757470),4,https://discord.com/channels/1538500688038994040/1543556316377645067/1549776194034204753
1262,Team Waybig,vicky090629,'1543165755414028360',vicky090629 (1543165755414028360) | roit_629 (1138825096929226832) | luckyrajpoot8962 (1545328636813381659) | ig.valak (1507428455103336629),4,https://discord.com/channels/1538500688038994040/1543556316377645067/1549776399156519003
1263,Team 7Throns,parthsinh0928_14158,'1529369316569518080',parthsinh0928_14158 (1529369316569518080) | prince054454 (1497104101450842132) | nikhil071064 (1534785275983696014) | neeraj071740 (1439185105254875159),4,https://discord.com/channels/1538500688038994040/1543556316377645067/1549777115656753264
1264,Redx Vitality,hashim1786657,'1483410137308987445',spy088481 (1453272524204019712) | shaikh030260 (1544198451523231865) | stgsamer7 (1547593199546138645) | hashim1786657 (1483410137308987445),4,https://discord.com/channels/1538500688038994040/1543556316377645067/1549777938394644582
1266,Team Nevermore,kaif09690,'1432072558122897471',nmxthrone_62984 (1549794440841797802) | nmxtryout_97460 (1549795509512704083) | sohu0232_25368 (1549796103346458749) | kaif09690 (1432072558122897471),4,https://discord.com/channels/1538500688038994040/1543556316377645067/1549799840337240096
1267,Team Guardians Esports,yamraj01_,'775723202826469388',devilop6169 (665563715105587210) | sam0072302 (998982053427150938) | subhux007 (948434946962362379) | yamraj01_ (775723202826469388),4,https://discord.com/channels/1538500688038994040/1543556316377645067/1549810673901371544
1268,Tagsmth,abhimanyukashyap_1234,'1515263048632500264',abhimanyukashyap_1234 (1515263048632500264) | shyam_2401 (1527516617645490217) | crazzzyy12345 (1537165009841426532) | tagkunal._56417 (1549728507112849441),4,https://discord.com/channels/1538500688038994040/1543556316377645067/1549811399604179106
1269,Rawther Gaming,ryzenpro077_88373,'1518521820461011079',adnan088926 (1459948682286989448) | maxxx777777777 (1548290190475403316) | 9633551998 (1290330941356773549) | ryzenpro077_88373 (1518521820461011079),4,https://discord.com/channels/1538500688038994040/1543556316377645067/1549815098762207323
1270,Team Outlawz Esports,sparkyyyy7479,'1514237319433949214',tagchinmay45 (1549814521109942334) | krishnaaa__01 (1467585855442128947) | hxrshit_raj (1454524044752715981) | sparkyyyy7479 (1514237319433949214),4,https://discord.com/channels/1538500688038994040/1543556316377645067/1549818546211528735
1271,Team Frenzy Esports,eaglexnaman,'1113861393784000543',frenzyxshubh (1546693105443409921) | recapthcatheboy (939154133007601695) | nainjyotsingh (1521215062478553109) | eaglexnaman (1113861393784000543),4,https://discord.com/channels/1538500688038994040/1543556316377645067/1549821921758289981
1272,Team Rna,rnamerlynx,'1507283173841703005',umesh_us (1549825421267435601) | rnamerlynx (1507283173841703005) | rnashamya (1549818607641567365) | snow03388 (1549770532038254647),4,https://discord.com/channels/1538500688038994040/1543556316377645067/1549830218598977689
1273,Team _ Tdg Esports,cobraop0438,'1516710837643907140',afsaryt. (1433481616604532736) | cobraop0438 (1516710837643907140) | hatimpower (1458843365029445644) | ultra_rider (1153958197221150812),4,https://discord.com/channels/1538500688038994040/1543556316377645067/1549832516448423947
1274,Bigxdaddy Esports,daddyxyt,'1548189442500460621',alokxbigdaddy (1548199158282854474) | koushik089996 (1542209510440046642) | daddyxyt (1548189442500460621) | sidhan0252 (1547981622031421495),4,https://discord.com/channels/1538500688038994040/1543556316377645067/1549835133916418161
1275,Team Nyg,ztn0560,'1166488885556170792',ztn0560 (1166488885556170792) | xyzdsg_87217 (1539678255076872243) | shajid0008 (1155585567816417381) | helio02971 (1538939233035620374),4,https://discord.com/channels/1538500688038994040/1543556316377645067/1549837495922073785
1276,Team Wild 4Tigers,farlues,'1308725973889585213',w4txiglsahab_07311 (1549838813252034573) | w4txclutchgod (1348798575496134709) | farlues (1308725973889585213) | w4txthanos (1348797027294773279),4,https://discord.com/channels/1538500688038994040/1543556316377645067/1549841974301827135
1277,Team Criminals,sunnysingh6994,'930841950859436142',zxnaitik (876409308475187210) | rohan015281 (1549656397958877267) | krishna046375 (1549690344583467028) | sunnysingh6994 (930841950859436142),4,https://discord.com/channels/1538500688038994040/1543556316377645067/1549843073482096741
1279,mental_dad_61678's team,mental_dad_61678,'1246317126654890054',robin043176 (1363104384283578528) | oblxyash_28428 (1485516006809014323) | nileshbadhan (1446480296659779724) | mental_dad_61678 (1246317126654890054),4,https://discord.com/channels/1538500688038994040/1543556316377645067/1549845270219464715
1280,Team Dre4Ms Esports,og_zenitsu_16,'1403646372074360874',og_zenitsu_16 (1403646372074360874) | amolvanga_82045 (1322981894144524460) | navdeepsingh0517 (1175451769086672957) | vikash002030 (1543668928419594262),4,https://discord.com/channels/1538500688038994040/1543556316377645067/1549846348373823582
1281,chitranshsiuu's team,chitranshsiuu,'1392452761571954808',ggxchief_85381 (1549076178801926176) | chitranshsiuu (1392452761571954808) | ggxphoenix. (1549079749756846174) | so_problematic_to_you (1548951894322319390),4,https://discord.com/channels/1538500688038994040/1543556316377645067/1549872770995978302
1283,Vital ki maa,vitalplayzzz.,'1520335650904084534',devilplayzyt21 (1191258767665414147) | None (1404141125744201771) | max_slatt07 (1506703720874774700) | vitalplayzzz. (1520335650904084534),3,https://discord.com/channels/1538500688038994040/1543556316377645067/1549972565978652774
1284,Team Ifx,beast.is.here,'1548916315132137503',satyamtomar0975 (1549367323037802530) | dakuialivee (1549792925972566026) | glorious_beagle_86496 (1549697888894976110) | beast.is.here (1548916315132137503),4,https://discord.com/channels/1538500688038994040/1543556316377645067/1549981867761991791
1285,Team Paradox,nitesh0709,'769160234098622474',enemy.bgmi_17 (1538199067375566928) | nitesh0709 (769160234098622474) | vickyigl_ (1434534774256570550) | sanskar000777 (1538165319405670535),4,https://discord.com/channels/1538500688038994040/1543556316377645067/1549986332951183403
1286,GODxGALACTIC,ajay010919,'1548227855773597758',joker1236772 (528512219026161674) | samir0999999 (1514676005648863427) | ragniksarkar (1520062929007939766) | ajay010919 (1548227855773597758),4,https://discord.com/channels/1538500688038994040/1543556316377645067/1550007665105571927
1287,Team Noobs Officials,.mshunter,'1012768423924736181',tushar01183 (1042076095261978644) | .mshunter (1012768423924736181) | None (1520110108984737974) | ryugajod (1221006849210450061),3,https://discord.com/channels/1538500688038994040/1543556316377645067/1550007958635552799
1288,Team Crusher Esports,teamvexyogi,'1248613172517011589',mohwillpower (1443151170506854531) | teamvexyogi (1248613172517011589) | nishat0090 (1231799455255363655) | kishor4102 (765081919275794455),4,https://discord.com/channels/1538500688038994040/1543556316377645067/1550008044438556773
1289,Team Slattxesports,max_slatt07,'1506703720874774700',clevinveigas7037 (746572402636488828) | vk_mer19 (1517914664489451739) | max_slatt07 (1506703720874774700) | vitalplayzzz. (1520335650904084534),4,https://discord.com/channels/1538500688038994040/1543556316377645067/1550012130659668051
1290,Fallen chu,vk_mer19,'1517914664489451739',clevinveigas7037 (746572402636488828) | vk_mer19 (1517914664489451739) | max_slatt07 (1506703720874774700) | vitalplayzzz. (1520335650904084534),4,https://discord.com/channels/1538500688038994040/1543556316377645067/1550012342937587825
1291,Team Mighty Reapers,unknown_guy098,'1363055006659383418',manan09521 (1301112976413167649) | unknown_guy098 (1363055006659383418) | nitinkumar01. (1292864055052337203) | sahilthakur403 (1301103693055135805),4,https://discord.com/channels/1538500688038994040/1543556316377645067/1550017838624805016
1292,Team Finishers,shivamgiri,'547408600298160128',shivamgiri (547408600298160128) | minato99933 (923956863152844801) | mihirsalve (1507270076317827182) | lucky9090_ (819856652588810262),4,https://discord.com/channels/1538500688038994040/1543556316377645067/1550020693125627986
1293,Team Requiem Gaming,ritesh3027,'752065190865928192',ritesh3027 (752065190865928192) | rushgod30 (997045724527198239) | _zoro.07 (1539447541727236198) | _zoro.og (1395038422502080703),4,https://discord.com/channels/1538500688038994040/1543556316377645067/1550027169961480264
1294,Team Combat Pirates,None,'1404141125744201771',devilplayzyt21 (1191258767665414147) | None (1404141125744201771) | harshit018 (1292316570533756989) | vitalplayzzz. (1520335650904084534),3,https://discord.com/channels/1538500688038994040/1543556316377645067/1550027421204619295
1295,Team Synax,anshugulia.,'1373605288577470526',deepanshurana0675 (1542362789627043945) | aman018979 (1547967414602301532) | abhi09264 (1545154372856582245) | anshugulia. (1373605288577470526),4,https://discord.com/channels/1538500688038994040/1543556316377645067/1550035820558159913
1296,madhav920's team,madhav920,'1476128957358411808',madhav920 (1476128957358411808) | shivamgiri (547408600298160128) | zohangaming__42533 (1377947674103255171) | blaze_prajwal (1380197511310086267),4,https://discord.com/channels/1538500688038994040/1543556316377645067/1550037135220809800
1297,Team Sync,mysterious_monkey_52134,'1536253683396911104',mysterious_monkey_52134 (1536253683396911104) | jarry08 (1209884584431460402) | slayer_.ig_64568 (1488787150974615653) | legendary_tiger_67999 (1540751045901295646),4,https://discord.com/channels/1538500688038994040/1543556316377645067/1550050221105479734
1298,Bigxdaddy Esports,koushik0099,'1227870216336310354',alokxbigdaddy (1548199158282854474) | koushik0099 (1227870216336310354) | daddyxyt (1548189442500460621) | sidhan0252 (1547981622031421495),4,https://discord.com/channels/1538500688038994040/1543556316377645067/1550050689781342209
1299,Quantum Edge,qexmadara,'1511314664523563140',suho0560 (1546877795005628449) | aadilsaifi0805 (1500132298828415170) | zyol_oh (1478639408180625418) | qexmadara (1511314664523563140),4,https://discord.com/channels/1538500688038994040/1543556316377645067/1550055726603440150
1300,Team Skull,akshat.047,'1513513534900932768',choppisbap (1268994815337693256) | jellyjod222_74762 (1442490443932897402) | legendary_quokka_14236 (1519807673376313445) | akshat.047 (1513513534900932768),4,https://discord.com/channels/1538500688038994040/1543556316377645067/1550059140913832007
1301,Team Dark Reapers,ime_sunny,'1284552514401992781',drxnightmare (1549846714306002968) | drx_bittu (1549496688169848833) | drxrosemary (1549827506792562752) | mayank09739 (1517595243791257701),4,https://discord.com/channels/1538500688038994040/1543556316377645067/1550067644718387262
1302,Team Vexora Esports,kartik191919,'1413157640112046080',kartik191919 (1413157640112046080) | sateeve._49807 (1545781945198321674) | lesley2265 (910919231879667722) | jonhy0658 (1545155860412633120),4,https://discord.com/channels/1538500688038994040/1543556316377645067/1550072433564721207
1303,Neon Strikers,yankumay,'1028573631187521547',wickedgamer6226 (552620487847706672) | yankumay (1028573631187521547) | rohit958 (1416243124203815118) | gillu_op (800609365491974174),4,https://discord.com/channels/1538500688038994040/1543556316377645067/1550075011673489489
1304,trashdyy's team,trashdyy,'1128353643029082233',trashdyy (1128353643029082233) | kratos.sss (1366411280075849788) | frozenhorse009 (1147935682594087062) | asrarrr0001_35569 (1488483807458889839),4,https://discord.com/channels/1538500688038994040/1543556316377645067/1550075431338774559
1305,Team 4 Tag,pushparaj_12367,'1423055681283428423',rutvikraj0217 (1511864077608030304) | jadejamitrajsinh_ (1482458097133027420) | yakshayrajsinh (1439530634807611494) | pushparaj_12367 (1423055681283428423),4,https://discord.com/channels/1538500688038994040/1543556316377645067/1550094333343174698
1306,Vyuhax Esports,bhaskarjain,'736546013128687626',anshdhiman_26_58287 (1518617044344639609) | cruelxrichieop (931378331285340170) | bhaskarjain (736546013128687626) | chaitanyak17 (1457238824651587708),4,https://discord.com/channels/1538500688038994040/1543556316377645067/1550094369653268562
1307,Team Blitzkrieg,domanxwarrior,'1396344812625465344',domanxwarrior (1396344812625465344) | bwxlegit (1323226110502371401) | krunalmeshram (1455908160052400384) | ereen0813 (1538297061244669975),4,https://discord.com/channels/1538500688038994040/1543556316377645067/1550101680585179208
1308,Team Devil7 Esports,anshuplayz0716,'1508690050139816137',akshit04630 (1546758437772329040) | anshuplayz0716 (1508690050139816137) | youtube0234 (1210990042009436241) | vaishnav04803 (1527995027932971069),4,https://discord.com/channels/1538500688038994040/1543556316377645067/1550101893798436965
1309,Team Bittu,mahi12970,'1419722608093429901',tanmaybharat50gmail.com_69796 (1549416929792630874) | mahi12970 (1419722608093429901) | omkar067211 (1519522329057693838) | siddheshwarbharat. (1545795567890858079),4,https://discord.com/channels/1538500688038994040/1543556316377645067/1550106922491846689
1310,Team Godfather,kellyz2wavy_24562,'1395786202325712986',levix4u (789519592010547201) | t4iqoo (1469003516495527946) | kellyz2wavy_24562 (1395786202325712986) | wangeltamang0784_96129 (1478331906448691241),4,https://discord.com/channels/1538500688038994040/1543556316377645067/1550111389442637918
1311,Team Pn,pnharry,'1139150505701019740',ankitsidara6270 (936935689281482752) | ankit063918 (1373501497207164978) | pnharry (1139150505701019740) | manjiro0588_10336 (1525524316752449677),4,https://discord.com/channels/1538500688038994040/1543556316377645067/1550113887070982215
1312,Team Tooo Esports,kemo_hu_bhai1_71701,'1302271677270458420',jovial_hare_69824 (1499268032118259762) | t1xnova_46621 (1461268606871539722) | kemo_hu_bhai1_71701 (1302271677270458420) | tanmaybharat50gmail.com_69796 (1549416929792630874),4,https://discord.com/channels/1538500688038994040/1543556316377645067/1550120249817309217
1313,Team Undead,dudekrish.,'1443919086168969318',so_cool62 (948505177353236550) | bhavesshhhhhhh (1419573220738203750) | nandan14708 (1291609251432894509) | dudekrish. (1443919086168969318),4,https://discord.com/channels/1538500688038994040/1543556316377645067/1550120365659791443
1314,Team Aqua,vedprajapati0852,'1306301627619213402',zoro_hhh_38268 (1434784109242351696) | vedprajapati0852 (1306301627619213402) | aryanjadav_ (1351212095542132836) | aquaxclone (1505798334349316157),4,https://discord.com/channels/1538500688038994040/1543556316377645067/1550131444100104223
1315,Team K7 Esports Official,ashish04682,'796232838910312469',vipersamurai5258 (602417931825184788) | masoom1607_22651 (1412499464622440450) | rajwade_08_97892 (1533358776932106324) | ashish04682 (796232838910312469),4,https://discord.com/channels/1538500688038994040/1543556316377645067/1550131737483284547
1316,Team No Mercy Gods,snowman_55235_75286,'1396792862976381031',matrix_831 (1393481294708609074) | manoj_3112 (531748191876546562) | monarch_1705 (992985897790361674) | snowman_55235_75286 (1396792862976381031),4,https://discord.com/channels/1538500688038994040/1543556316377645067/1550132287012737085
1317,Team Jat Warriors,sumit05400,'1542496217030725686',shekhar067908 (1296425560246980683) | karan013591 (1525506993346052180) | sumit05400 (1542496217030725686) | nikhilchaudhary0149 (1545317355196915823),4,https://discord.com/channels/1538500688038994040/1543556316377645067/1550133271084539971
1318,Legion Esports,prasankumar_07,'1407937306928877588',prasankumar_07 (1407937306928877588) | ritesh3132 (888696282581958676) | snookerrandi (1550131791338410125) | anubhavg1123 (1550130565435363340),4,https://discord.com/channels/1538500688038994040/1543556316377645067/1550136115305119765
1319,Team Gsc,og_omkar_3910,'1493133858386739271',_aditya_01_ff (1512354796030660625) | gaurav036321 (1550142395763396661) | og_omkar_3910 (1493133858386739271) | samarthkodgirwar (1517498681429987479),4,https://discord.com/channels/1538500688038994040/1543556316377645067/1550146926777999461
1320,Team Darkknight,dhruv_op.,'862699324345417778',sujal_chaudhary. (1453046757050290296) | n0nu. (861121567333416961) | dhruv_op. (862699324345417778) | naitiktomar18 (1299631081321926770),4,https://discord.com/channels/1538500688038994040/1543556316377645067/1550148647684145153
1321,chetan095's team,chetan095,'1431481803151245315',luckykumar0961 (1508060998807060504) | chetan095 (1431481803151245315) | priyam_91688 (1149276047867662416) | flamearpit_ (1489294956685295647),4,https://discord.com/channels/1538500688038994040/1543556316377645067/1550149699984425063
1322,Team Arising Knights,mikeeee0690,'1504928147303567593',mikeeee0690 (1504928147303567593) | arkxroxton (733613582868152370) | 8090vishu (1548953635075919883) | haapppyyyyy_ (1549038153703100447),4,https://discord.com/channels/1538500688038994040/1543556316377645067/1550151740240961549
1323,Deadly Instinct Esports,adiiiiiiiiii0864,'1526918549862481940',tdxpiyush (1530033459685363905) | adiiiiiiiiii0864 (1526918549862481940) | amit098814 (1504728319483052063) | 8291670571 (1430066954328342663),4,https://discord.com/channels/1538500688038994040/1543556316377645067/1550154677205729301
1324,Team Pshyco,ruppo0915,'1257350740930855064',ruppo0915 (1257350740930855064) | deex_12 (1454910634151116953) | voltx0252 (1265978822478659624) | mobajack.24 (1207630701613293620),4,https://discord.com/channels/1538500688038994040/1543556316377645067/1550164266739572789
1325,Team Superior Gaming,fearlessbgmi.,'1518530679074197676',harshit.4808 (1494659767333814376) | yuvrajchauhan88 (1512388246527803403) | fearlessbgmi. (1518530679074197676) | premyewanker (1526436827492253766),4,https://discord.com/channels/1538500688038994040/1543556316377645067/1550167987359846433
1326,Team Ryzox Esport,shivam80009896,'1522581637970530324',ig_jod0253 (1541765778049859680) | None (1423150499934240889) | shivam80009896 (1522581637970530324) | shaankhan0256 (1429794706786750516),3,https://discord.com/channels/1538500688038994040/1543556316377645067/1550171587817373909
1327,Team Jadugar Eaport,sabbaranmol.,'1549039745164771330',tagsahidansari (1549075157639761921) | sabbaranmol. (1549039745164771330) | shan019687 (1548707548566388921) | anas097984 (1550159213211426877),4,https://discord.com/channels/1538500688038994040/1543556316377645067/1550175717172576297
1328,Solo Flyers,thiscannotbeharsh,'895523841944748034',None (865916766168809472) | thiscannotbeharsh (895523841944748034) | tushar070406 (1468175205267411035) | samriddhsingh0140 (1505931939658600549),3,https://discord.com/channels/1538500688038994040/1543556316377645067/1550177840173940910
1329,Astrix Reign,zeus.4309,'842980772302684170',zeus.4309 (842980772302684170) | ismail051084 (851505271342891010) | avijitbgmi (1516288932067807294) | saiynix4746 (877961140745953310),4,https://discord.com/channels/1538500688038994040/1543556316377645067/1550203306834399315
1330,Team 7Xesports,aqu4jod_,'1286005302290026579',alowal_88889 (1544006976785223842) | pratiksom (591197407396495379) | rexy0071928 (597827687037534210) | aqu4jod_ (1286005302290026579),4,https://discord.com/channels/1538500688038994040/1543556316377645067/1550206945984520193
1331,Rp Esports,nobita2671,'1113674897491767296',nobita2671 (1113674897491767296) | godluci0887 (1409879417026646058) | jayghodvinde0227 (939187504664436756) | shaik06900 (1544713497663774790),4,https://discord.com/channels/1538500688038994040/1543556316377645067/1550208172319445195
1332,Team Rouge Natin,sujanmolla_55,'1516302146377613326',aryan100122 (1512706240785158144) | jojo026772 (1520348886579806249) | rabiul0600 (1263419099179122817) | kartik082821 (1522547313107533981),4,https://discord.com/channels/1538500688038994040/1543556316377645067/1550215175557357580
1333,Team Sk Esports,teamsk_,'1547609138400595990',skcharpata (1550119195138727936) | sameershaikh0942 (1532639657299279946) | 01hungry (1550163301135286283) | teamsk_ (1547609138400595990),4,https://discord.com/channels/1538500688038994040/1543556316377645067/1550232043554738322
1334,Sz Esports,artisop,'883675567285760021',ronnie937 (922719639807602688) | mrerror5044 (855926911439470593) | lucius0468 (1261192439503392779) | artisop (883675567285760021),4,https://discord.com/channels/1538500688038994040/1543556316377645067/1550237246425141369
1335,Team Spectrum Spectrum Espo,venkatravuri,'1299052142757281857',venkatravuri (1299052142757281857) | vexyl0524 (768485247791792178) | rakesh_2424 (1526815989184991452) | shashanthx2006 (902085320928026685),4,https://discord.com/channels/1538500688038994040/1543556316377645067/1550355506479235155
1336,Team Thunderxfrost,shivanshu19,'1502787107054293093',chetan6079 (1037687033046519808) | niteshkumar0513 (1533849150083567619) | himnsh007 (1529105647440887956) | shivanshu19 (1502787107054293093),4,https://discord.com/channels/1538500688038994040/1543556316377645067/1550358337315409965
1337,Four Alpha Mutants,ruppo_90,'1516174462230200330',zahur3303 (761155406223114250) | rehan087851 (610040136440348673) | ruppo_90 (1516174462230200330) | stasxantonio (1416664626229149771),4,https://discord.com/channels/1538500688038994040/1543556316377645067/1550365887239028799
1338,Team Apollo,pr_yadav08,'1266430300687306753',pr_yadav08 (1266430300687306753) | aproyyyyy__28013 (1513773382800375818) | apnickftw (1105077396782202921) | revel25 (1486010738009964567),4,https://discord.com/channels/1538500688038994040/1543556316377645067/1550367930091438111
1339,Team 4Killer,hydranikon4852,'838829982363942972',xpathak (1501473317830262899) | prembaghel123 (1417129943581855819) | hydranikon4852 (838829982363942972) | asif043851 (1416143220815167608),4,https://discord.com/channels/1538500688038994040/1543556316377645067/1550374602423803926
1340,Team Aethel,fulvaa,'1338557627046563880',fulvaa (1338557627046563880) | bhargav092809 (1550383658328784996) | shreyashkababla001_43081 (1524827149977124866) | kevingamit7744 (974676946984263730),4,https://discord.com/channels/1538500688038994040/1543556316377645067/1550386049879113730
1341,Team Nhk,kishuu.bgmi,'1347661810739974259',lord05170 (1528642191751123032) | mefelix67 (1285498688361332827) | kishuu.bgmi (1347661810739974259) | whitedragon8619 (666943987537543190),4,https://discord.com/channels/1538500688038994040/1543556316377645067/1550389642216480809
1342,Team Pheonix,justtsamyy,'1547816181841534998',dhanraj08798 (1550376664972791809) | tagkaran123_55600 (1550389482694516748) | justtsamyy (1547816181841534998) | mr_patil06 (1548195359732277263),4,https://discord.com/channels/1538500688038994040/1543556316377645067/1550391016320933980
1343,Team Zeninxesport,sahil036496,'1475363030744305755',angrejsingh0176 (1543791492949213274) | sahil_sherr (1520776748206133322) | ritikgaming5543 (791578513647861790) | evonix0876 (1372434884320038943),4,https://discord.com/channels/1538500688038994040/1543556316377645067/1550392479054962719
1344,Team Dragon Strike,tdsxkaneki,'1549761424392323116',dfxmikey. (1517142952936341577) | afeezeaglepro (768392990388387842) | tdsxkaneki (1549761424392323116) | tdsxmonster (1550111055630565454),4,https://discord.com/channels/1538500688038994040/1543556316377645067/1550395446579433574
1345,Team Bloodline Esports,scarface_777a,'1416110383625797683',mahesh03336 (826668512625819658) | scarface_777a (1416110383625797683) | san_martin777 (1548982906570018861) | whitedragon8619 (666943987537543190),4,https://discord.com/channels/1538500688038994040/1543556316377645067/1550410404637704326
1346,Team Candy,krishna._.271,'1539130325022670905',candygaming6198 (884672887821312001) | nyt_ayuxh (1550407232401702970) | 9190842462412468 (954423598943199244) | krishna._.271 (1539130325022670905),4,https://discord.com/channels/1538500688038994040/1543556316377645067/1550412731121803325
1347,Team Gods Omen Boys,ishhhgaming2445,'746944166981795841',nikhil025297 (1353032807588429897) | ivar2540 (559334714058473483) | ig.sher01 (809805531518337084) | aura033012 (1468626983163265230),4,https://discord.com/channels/1538500688038994040/1543556316377645067/1550421304371445872
1348,Team Tenebrics Esports,soulpower0717,'1429889604835610727',alokxbigdaddy (1548199158282854474) | spbxking (1384041833348202587) | jayghodvinde0227 (939187504664436756) | soulpower0717 (1429889604835610727),4,https://discord.com/channels/1538500688038994040/1543556316377645067/1550433604591419405
1349,Team Planet X,aimgod5047,'759042188498829322',somdixit12_44288 (1520094667495051408) | rajsinghparihar0843 (839019393139998721) | aimgod5047 (759042188498829322) | badge991902 (840814135054565399),4,https://discord.com/channels/1538500688038994040/1543556316377645067/1550441892645175367
1350,Team N7 Og,n7xjahirog_15119,'1517036124415983684',rekhathapliyal854gmail.com_80681 (1486958628626763848) | himanshugwari_90933 (1548385549872533696) | n7xjahirog_15119 (1517036124415983684) | n7xyuvraj_64802 (1535924673383108639),4,https://discord.com/channels/1538500688038994040/1543556316377645067/1550444513447649281
1351,Team Vexa Epsorts,notyt58,'1522917712668528752',notyt58 (1522917712668528752) | aaaaaaa000320 (1458444128034754745) | kkkkk062037 (1433151459037548789) | ishaan02170 (1549821983699632239),4,https://discord.com/channels/1538500688038994040/1543556316377645067/1550445078768779265
1352,Team Karma Esports,kevinop0705,'792383265511440394',mehulsinh0409 (1337012853756137512) | princepurohit (751468142269562921) | kevinop0705 (792383265511440394) | mehulbharpoda (1506221863657799801),4,https://discord.com/channels/1538500688038994040/1543556316377645067/1550451140544569385
1353,Team Windx,sickkkggs,'1346151895726690356',ankushchakraborty0602 (1550385562417102910) | ghost_g2 (1550065388203679787) | sickkkggs (1346151895726690356) | yawehi._28421 (1444652440178655446),4,https://discord.com/channels/1538500688038994040/1543556316377645067/1550455400778829865
1354,Team Onhunt Esports,daniyall_llll,'1533464504388554830',yamin2519 (1533769283178332160) | meerahsaan. (1458294503189250058) | farhanshafi. (1494310183567097976) | groot080752 (1533505296813658263),4,https://discord.com/channels/1538500688038994040/1543556316377645067/1550456382061543489
1355,Starxeclipse Esports,nexa777op,'1425408710921949227',alpha013647 (806788000947109888) | nexa777op (1425408710921949227) | fslxkush (1302407337524330500) | ravenx6429 (1520429836856852550),4,https://discord.com/channels/1538500688038994040/1543556316377645067/1550459124775526421
1356,Kalyug elite,sayandebbarma0366,'1256081103526039628',pet026740 (1445025463834509425) | sayandebbarma0366 (1256081103526039628) | osxariyanog (1302227867547078677) | peter046352 (1548555688714707004),4,https://discord.com/channels/1538500688038994040/1543556316377645067/1550462833639165993
1358,Team Odisha Esports,ronak22_,'1366256402930204712',ronak22_ (1366256402930204712) | chirubgmi (645896356187340802) | warrior0845_49292 (1142981438178873515) | inxhyte (1393568506884259911),4,https://discord.com/channels/1538500688038994040/1543556316377645067/1550496366554255553
1359,Team Judgmax,anmol2008123,'1322257377499545673',nikhil025297 (1353032807588429897) | anmol2008123 (1322257377499545673) | muzakkir0854 (1537492531976339586) | hackerxsatya (1548243914937344096),4,https://discord.com/channels/1538500688038994040/1543556316377645067/1550503255677730907
1360,nikhil8i's team,nikhil8i,'1532936512113475644',mineash01 (1549678628382445608) | dipak01. (1541694750518935586) | nikhil8i (1532936512113475644) | divu2005. (1550192409726418965),4,https://discord.com/channels/1538500688038994040/1543556316377645067/1550508744725758013
1361,Team Detox,detox0738,'1502658912384712704',detox0738 (1502658912384712704) | tgbxghost. (1452590011148140665) | jignesh03407 (1452589101797609528) | dsxshadaop (1452588025283346477),4,https://discord.com/channels/1538500688038994040/1543556316377645067/1550522813310435329
1362,Hunter Squad,arifkhan0150,'1439150532622024816',arifkhan0150 (1439150532622024816) | ayaankhan0569 (1504807645532389376) | raajyadavv (1549628838420418610) | destroplays (1297877797552783443),4,https://discord.com/channels/1538500688038994040/1543556316377645067/1550527103357943830
1363,Team Nx,subham09000,'1549986664045220004',mrsudhi_92783 (1242865270100459522) | nxfilix (1550136303230787691) | subham09000 (1549986664045220004) | guddu2210 (1239547741479370764),4,https://discord.com/channels/1538500688038994040/1543556316377645067/1550527317887946925
1364,Team Pheonix,raja057779,'1549602864983310449',deepak048158 (1549811205730861128) | tanish049144 (1549811214325125182) | krishivranawat (1549780178115362846) | shaurya_vs_45 (1511283747830632551),4,https://discord.com/channels/1538500688038994040/1543556316377645067/1550533735491837953
1365,Team Invictus Crown,maxtro6125,'1127106549496688683',zayn06417 (996416996767965224) | maxtro6125 (1127106549496688683) | smart_op (1277577264917254188) | yugag123_33370 (1418258362235355186) | rahulsharnangat (1385970793472589855),5,https://discord.com/channels/1538500688038994040/1543556316377645067/1550543512561393826
1366,Team Wild Warrior,twwxvansh,'1514858670616350782',harmonious_hamster_95844 (1531676161736839222) | minemaster0735 (1286239301163810868) | twwxvansh (1514858670616350782) | bubbly_seahorse_30429 (1518641811084804135),4,https://discord.com/channels/1538500688038994040/1543556316377645067/1550550460468043957
1367,opiumesxlazy_94648's team,opiumesxlazy_94648,'1484870662098124811',opiumesxlazy_94648 (1484870662098124811) | njordgaming__ (748068184367824947) | tarungarg0952 (1478793516636311596) | opiumesxnight_73186 (1550565329351213087),4,https://discord.com/channels/1538500688038994040/1543556316377645067/1550569966867058884
1368,Team Tss,zxaadiu_15991,'1515413216761614586',zxaadii2 (1549801200663142462) | zxaadiu_15991 (1515413216761614586) | tsskk2 (1550095256001970246) | vinay08709 (1550097989148606535),4,https://discord.com/channels/1538500688038994040/1543556316377645067/1550587011549896910
1369,Team Knock,saurabh221106,'1295228412201402411',avinashkumar0411 (1550516527323807760) | akash093984 (1550532501426937928) | saurabh221106 (1295228412201402411) | ratan920 (1550506943607480470),4,https://discord.com/channels/1538500688038994040/1543556316377645067/1550602025643933759
1370,Team Auren Arise,auren.ms,'978708133692182529',auren.rehan (1271745270866116624) | auren.ms (978708133692182529) | lalitsheoran (1198920452194701313) | auren.faroff (1494029873545478175),4,https://discord.com/channels/1538500688038994040/1543556316377645067/1550608054263873581
1371,Team 333 Esports,aniruddh0699,'1431893811965071454',dhruv_gaming00 (1376467523762917457) | soban___shaikh (933045017176604693) | aniruddh0699 (1431893811965071454) | zohaibkhan04 (1548942003985715311),4,https://discord.com/channels/1538500688038994040/1543556316377645067/1550618460298682369
1372,Team Vortex Esports,itz_swaroop7_28161,'1504443463209451531',trexgaming8020 (684418245650022528) | zyphorplayzz (1492720246128246905) | itz_swaroop7_28161 (1504443463209451531) | 9889540024 (1509449186460831815),4,https://discord.com/channels/1538500688038994040/1543556316377645067/1550680954152947765
1373,Team Trident,shid_harth_raw_83190,'1399697012714373130',ftpiyush7_40476 (1484140652668260432) | shid_harth_raw_83190 (1399697012714373130) | cathal098_16835 (1413412265666936852) | aryan96_chawla._53882 (1268766803027558431),4,https://discord.com/channels/1538500688038994040/1543556316377645067/1550704445212594257
1374,Team Heaven Esports,abhishek036324,'1543521158601773098',abhishek036324 (1543521158601773098) | prajwal032536 (1543488697511583796) | susmitaxzx (1546059193264373810) | himesh08819 (1543518589431058542),4,https://discord.com/channels/1538500688038994040/1543556316377645067/1550709692739620886
1375,Team M7 Esports,arnxdelta,'1284117390547746872',arnxdelta (1284117390547746872) | nitin8799 (764695497574318080) | rajyadav0549_26001 (1389640974359203840) | being.sharad_ (1389241419809554492),4,https://discord.com/channels/1538500688038994040/1543556316377645067/1550727559111508029
1376,Team Xtprime,anuj062482,'1251823737821593610',suyashshinde0663_16312 (1426462085377818705) | anuj062482 (1251823737821593610) | curseayush (1535720325927403571) | rajexe.10 (1435869565425811489),4,https://discord.com/channels/1538500688038994040/1543556316377645067/1550733734150537297
1377,Team Levelling Elite,dustinn02243,'1548908685651222579',beastkai.og (1471451447949524993) | dustinn02243 (1548908685651222579) | kunaljangid0877 (1549720433350410293) | faisal.3210 (1545084320266453063),4,https://discord.com/channels/1538500688038994040/1543556316377645067/1550733791440408687
1378,Galtacus Esports,kaizz109,'1359857083159416864',kaizz109 (1359857083159416864) | charx789_89740 (1523170941344153753) | nizm00317 (1522628605702701141) | topt0305 (1550736517176102927),4,https://discord.com/channels/1538500688038994040/1543556316377645067/1550738161355849814
1379,Team Alter Ego Ares,ayush1620,'1073869280107581461',goodboyrony0992 (963382477362200656) | naahdude3670 (720965764059758693) | satyam001926 (951889263375552603) | ayush1620 (1073869280107581461),4,https://discord.com/channels/1538500688038994040/1543556316377645067/1550748376906211412
1380,Team Sparta,kratos___66,'1282016992672485428',shadowofdeath0382_85956 (1426198146710634577) | anox_playzz (1275703175487164459) | kratos___66 (1282016992672485428) | mayb_eadvik (1550750137599397941),4,https://discord.com/channels/1538500688038994040/1543556316377645067/1550751701487845447
1381,Team Spartan Esports,novaprime90,'1549993472168038482',overgod90 (1550742136247296112) | just_tree.21 (1272149318828298241) | novaprime90 (1549993472168038482) | hg_vegeta_10901 (1197949468809633935),4,https://discord.com/channels/1538500688038994040/1543556316377645067/1550752277692948572
1382,Team Tabahi,evil_shadow_yt,'1392885009110532184',evil_shadow_yt (1392885009110532184) | 984440 (1140293608369569804) | ig_aman2372 (1097098782409228390) | tabahi422 (1392859396748611655),4,https://discord.com/channels/1538500688038994040/1543556316377645067/1550753319377702953
1383,CARNAGE ESPORTS,ag_vansh,'1526579137911718020',ig_god2309 (1514791156012154953) | auhm23 (814176556057755649) | ag_vansh (1526579137911718020) | anxhu_m4 (1488150978703392941),4,https://discord.com/channels/1538500688038994040/1543556316377645067/1550757675841888287
1384,Team Vortex Esports,9889540024,'1509449186460831815',trexgaming8020 (684418245650022528) | zyphorplayzz (1492720246128246905) | itz_swaroop7_28161 (1504443463209451531) | 9889540024 (1509449186460831815),4,https://discord.com/channels/1538500688038994040/1543556316377645067/1550768803107831882
1385,Team 7Sisters Elite,solvex0283,'1547436700912062537',solvex0283 (1547436700912062537) | potoi0212 (1090276704817266849) | birkhangnup_19344 (1449993088369164378) | rahenjr. (1306958975668981773),4,https://discord.com/channels/1538500688038994040/1543556316377645067/1550769943488757774
1386,Team God,ashrith7970,'552724884103626753',aaryachowdary (1178718634919600128) | ashrith7970 (552724884103626753) | owais03406 (1485197016857579610) | geethik (1190695081263501403),4,https://discord.com/channels/1538500688038994040/1543556316377645067/1550770067199762467
1387,gsxshadowyt's team,gsxshadowyt,'1424799368518565959',tarunk0812 (1535125680793067521) | shree_bgmi (1548254384775893002) | sleepyyy_022_39456 (1545114428586852462) | gsxshadowyt (1424799368518565959),4,https://discord.com/channels/1538500688038994040/1543556316377645067/1550772779295703090
1388,Team Nine Tail Fox,kgod0589,'1450469177914556430',slambottt (1543195722218868774) | shaurya0276 (842052485451481149) | kgod0589 (1450469177914556430) | himanshu039564 (1486726673280794797),4,https://discord.com/channels/1538500688038994040/1543556316377645067/1550779238297112667
1389,Team Ferocious Gfalaxy,soorazxz,'1297178538536865895',anujbst11 (1520415460443684928) | divyanshukala05 (1412723983899562106) | pahadi11 (1218117317863538790) | soorazxz (1297178538536865895),4,https://discord.com/channels/1538500688038994040/1543556316377645067/1550791547400888371
1390,Team Final Circle,hitmanx264,'1349227319159423018',rahul68411 (1389809214179905577) | hitmanx264 (1349227319159423018) | raju001418 (1456506762650718220) | abhi1961 (853565593840123926),4,https://discord.com/channels/1538500688038994040/1543556316377645067/1550795245917184031
1391,Team Lan Demons,god93541,'617044210620694612',peincezz (1334581889536622603) | vanshuuuuuiii (1387564531600982139) | god93541 (617044210620694612) | adarsh07297 (983426046978306143),4,https://discord.com/channels/1538500688038994040/1543556316377645067/1550795957996748812
1392,Team Dns,xadnanx2060,'1529375175873658880',xadnanx2060 (1529375175873658880) | 1181138 (1257743698536562892) | vicky04421 (948276971270447224) | muzamil1959 (930791524185288775),4,https://discord.com/channels/1538500688038994040/1543556316377645067/1550796369135009798
1394,Team Aetheris Esports,atr_onyx,'1437120095959781559',rahul032198 (1486263964890566768) | titan10295 (1487813400812589137) | atrmaxtop01 (1110207422536093778) | atr_onyx (1437120095959781559),4,https://discord.com/channels/1538500688038994040/1543556316377645067/1550808621871398942
1395,Team Reing Of Titans,muxtafa.,'1539708344351203429',devilplayzyt21 (1191258767665414147) | muxtafa. (1539708344351203429) | zeuss011 (1098222205655056475) | tagayaan (1518299551100829829),4,https://discord.com/channels/1538500688038994040/1543556316377645067/1550811556693024809
1396,Team Voidra Esports,pappupelu0165,'1504033907593576458',shivansh01015 (1550059998803918929) | pappupelu0165 (1504033907593576458) | mani017707 (1361179689053327362) | kingbhai11 (1410316834963591278),4,https://discord.com/channels/1538500688038994040/1543556316377645067/1550837601412587651
1398,Team Trjx,raju001418,'1456506762650718220',kishan06295 (1550124281743151198) | raju001418 (1456506762650718220) | rahuldaroga (1546476268701089894) | rdx06983 (1550843182336577599),4,https://discord.com/channels/1538500688038994040/1543556316377645067/1550847113037094967
1399,Team Altroz,khanjan2007,'1253195496693170330',luminous08992 (1242732946452906024) | khanjan2007 (1253195496693170330) | scare000111 (1423582678183182346) | kishan06295 (1550124281743151198),4,https://discord.com/channels/1538500688038994040/1543556316377645067/1550850327149019247
1400,Team Senior  Terminotor,blaze028175,'1525202475949228032',blaze028175 (1525202475949228032) | slayed0990 (1520109331398267114) | sttexcaliber (1520102145221722208) | godlshiva76 (1457435793273393386),4,https://discord.com/channels/1538500688038994040/1543556316377645067/1550850429787705387
1402,Team C4X,xylooop,'755956702062313497',xylooop (755956702062313497) | ayush012612 (1262058547210883075) | hardik_041104 (1232032492182175916) | abhirajput1545 (956107244011941918),4,https://discord.com/channels/1538500688038994040/1543556316377645067/1550850637674192909
1403,Team Wild Thunder,.dhvanil,'866295538201526292',.dhvanil (866295538201526292) | mani017707 (1361179689053327362) | kunal034312 (1546115247289409636) | kunaljangid0877 (1549720433350410293),4,https://discord.com/channels/1538500688038994040/1543556316377645067/1550850641151262741
1404,Team Baba Esport,sahavagmeena,'1187429946826694656',sahavagmeena (1187429946826694656) | kakaop0838 (1437444678525128836) | lavdene_bujyam (897505133146013717) | rishi019497 (1536340104765767710),4,https://discord.com/channels/1538500688038994040/1543556316377645067/1550850655613096050
1405,TEAM MONSTER GAMING,None,'1190302822751817798',hiren_0011 (1166604689786294305) | monster_2.0__ (1309347668732153946) | dyotakgamer (755451347134054531) | None (1190302822751817798),3,https://discord.com/channels/1538500688038994040/1543556316377645067/1550850677989838889
1407,mesotic.'s team,mesotic.,'1531914460460224559',1primegara (1189489795970383962) | trizzy_9909 (1044954918391398421) | mesotic. (1531914460460224559) | usman07964 (1384765015298539650),4,https://discord.com/channels/1538500688038994040/1543556316377645067/1550850934299431034
1408,Titan Root,073828_,'1221297088705593460',sohail075875 (1308848605792309329) | siddharthkumarsingh0202_14305 (1426084317393719417) | 073828_ (1221297088705593460) | abhiplays0675 (1543891137516015636),4,https://discord.com/channels/1538500688038994040/1543556316377645067/1550851191410266165
1409,HOLLY KNIGHTS,lohitdhanrajmore_69639,'1205870432264396801',4fe_radhe (1208380701494485032) | lohitdhanrajmore_69639 (1205870432264396801) | kiro_goat (741225955036626984) | vardhan00426 (1525450078649581631),4,https://discord.com/channels/1538500688038994040/1543556316377645067/1550851453013205025
1411,Team Xtr Esports,xtr_esports.,'881167105125396480',xtr_esports. (881167105125396480) | hizaifa0480 (1292401486684225569) | starboy21live_59125 (1345823359065395331) | nasr_khan (1278328049741594693),4,https://discord.com/channels/1538500688038994040/1543556316377645067/1550851741803614300
1412,malik008344's team,malik008344,'1495396396746932384',malik008344 (1495396396746932384) | blaze028175 (1525202475949228032) | pruthvilone0444 (915174160496467978) | itz_uransh (1420663306007478283),4,https://discord.com/channels/1538500688038994040/1543556316377645067/1550852201998581856
1413,Team Blessing Esports,xiphos69,'1489283074310144141',doctorvicky (1522439857664823313) | zhdow_ (1515227641580490826) | xiphos69 (1489283074310144141) | hardik01206 (937981929859469342),4,https://discord.com/channels/1538500688038994040/1543556316377645067/1550852283380793365
1415,Team Falcon,a1luckyop,'1435831256590848010',a1luckyop (1435831256590848010) | fxxrizzyt_42389 (1405210362168475780) | lokesh081651 (1440215342105231461) | vkmeena2450_93261 (1440216425145962558),4,https://discord.com/channels/1538500688038994040/1543556316377645067/1550852488809422952
1416,Team 4Ec Esports,zexxo_gaming17,'1207563027570753541',rxgaming0226 (1550844310595964960) | mr_belim_011 (1550840375542022194) | _zero_gaming_ (1550174333568028764) | zexxo_gaming17 (1207563027570753541),4,https://discord.com/channels/1538500688038994040/1543556316377645067/1550852753838968873
1417,Team Lesspower,h4rxhhh03,'1547244294853754901',overpowerh28 (1547255902892200140) | h4rxhhh03 (1547244294853754901) | traderhell (1524066313549513006) | amanlendy (1547253605067653255),4,https://discord.com/channels/1538500688038994040/1543556316377645067/1550852887607906346
1418,UNHOLY BROTHERS (UHB),shubham041592,'1395718788045078548',overpowerh28 (1547255902892200140) | shubham041592 (1395718788045078548) | togrohan (1544712392695619606) | dina_the1 (1371745558783332463),4,https://discord.com/channels/1538500688038994040/1543556316377645067/1550853602279690251
1419,Team Thunder Reignite,thunder_reignite_golu,'1131269196517482577',thunder_reignite_golu (1131269196517482577) | kishan06295 (1550124281743151198) | ghost_g2 (1550065388203679787) | surajvai36_82290 (1447930547920965766),4,https://discord.com/channels/1538500688038994040/1543556316377645067/1550853736186908684
1420,Team Aura Wolf,apxigsuren,'1238890803078631436',groot9180 (985510324247605288) | yashrawat0843_40282 (1504186249768997044) | apxigsuren (1238890803078631436) | arpit03493 (1244878392029876276),4,https://discord.com/channels/1538500688038994040/1543556316377645067/1550855187139399793
1421,Team Og,falcongaming0926,'1547204611235119146',saad015542 (1548323370121035929) | falcongaming0926 (1547204611235119146) | bgmi_naman (1550398896105197628) | ogabhi0376 (1550392014695047271),4,https://discord.com/channels/1538500688038994040/1543556316377645067/1550855305028706375
1422,Team Tsf,deepakkumar9891,'1133084142414856333',stsfboy321_06750 (1239244355261304864) | spytgaming_58504 (1223748247483318346) | rexxy0469 (1550807286119796780) | deepakkumar9891 (1133084142414856333),4,https://discord.com/channels/1538500688038994040/1543556316377645067/1550855989157175377
1423,RISING SOUL,niharraj.,'1010440259395399742',krish000490 (1523648022787915826) | siddharthgaming_17 (1447839511483781181) | phoenix__5286 (1299985196988235837) | niharraj. (1010440259395399742),4,https://discord.com/channels/1538500688038994040/1543556316377645067/1550856854974758923
1424,Team 7 Esports,1542vikash,'867688073797042186',rohit034283 (1544336927065645113) | 1542vikash (867688073797042186) | ronuuu33 (1544334512790573076) | ketan2117. (1544336050732924990),4,https://discord.com/channels/1538500688038994040/1543556316377645067/1550857082528338011
1425,QUANTUM GRIDS,sagarlamani.,'1507977458740236378',vaansh_13 (1508178183218925608) | sagarlamani. (1507977458740236378) | devq1_ (1547508513926946850) | abhishekcpr16 (1459085891703279628),4,https://discord.com/channels/1538500688038994040/1543556316377645067/1550862655751725117
1426,Team Vajra Esports,tarun066180,'948248848785084446',diwakar_10. (1294314305717669942) | kushaligris (1504791729029779566) | tarun066180 (948248848785084446) | vashishtsolanki (1543989893611393046),4,https://discord.com/channels/1538500688038994040/1543556316377645067/1550866108616151103
1427,Team Anger,anger_001,'1194908102160568402',amogh.af (1526213598026797169) | ananya_113 (1547263252499537931) | zenox.rbe (1521070891969282148) | sunada0452 (1371098908205256774),4,https://discord.com/channels/1538500688038994040/1543556316377645067/1550867900946980915
1428,Team Rt,rtroshangami0380,'939491870575296513',aryandada0323 (1255169783574565008) | rtroshangami0380 (939491870575296513) | nick0840441 (1288852257445646371) | rtaniket (1530851353214320811),4,https://discord.com/channels/1538500688038994040/1543556316377645067/1550872427515351087
1429,Team Bam Esports,draken69011,'1220916001739378741',sharma0821 (1540895867849015360) | vastigunahuiya (1540894682014556285) | mirage01051 (1540893072823418916) | draken69011 (1220916001739378741),4,https://discord.com/channels/1538500688038994040/1543556316377645067/1550885353991180452
1430,Team Tsment,star_5775,'1540365804611043418',mdxbhat22 (1537733726929424465) | star_5775 (1540365804611043418) | bhaveshbanjara5073 (1547940380002226226) | pdxbhat (1544196567609909324),4,https://discord.com/channels/1538500688038994040/1543556316377645067/1550885500317864078
1431,Team Gxr Esports,gxradmino_63034,'1397520686741983264',gxradmino_63034 (1397520686741983264) | subhanpatel (720573738936172544) | rocks01085 (1340357099703767072) | stextop (1127119791073800214),4,https://discord.com/channels/1538500688038994040/1543556316377645067/1550891257209823384
1432,Team 4 Visions,abdullah_9899ejjjeksj,'1537394403608502326',abdullah_9899ejjjeksj (1537394403608502326) | .panther_op. (1513160843842424892) | avnish16 (1523576906883010621) | baba_tillu0174_00834 (1430573526586363926),4,https://discord.com/channels/1538500688038994040/1543556316377645067/1550893841014587453
1433,Team Skyreign Esports,ur_gagan,'1504355372176248883',zenkaiesport86 (1525771555731406858) | ur_gagan (1504355372176248883) | salluop11 (1546413512451035178) | vyroxplayz (1548923381456306226),4,https://discord.com/channels/1538500688038994040/1543556316377645067/1550907940200779828
1434,Team Blood Hunters,arakesh1432335,'965267657756672140',magzard. (580860105214525440) | secretdeadshovoxxt (571715035970273280) | shreyashkababla001_43081 (1524827149977124866) | arakesh1432335 (965267657756672140),4,https://discord.com/channels/1538500688038994040/1543556316377645067/1550910744382410843
1435,Team Esports Strikers,smp_2g_gamer,'1394979586764308654',suraj037837 (1523675795510263988) | yogesh.sap (1545662548454547477) | smp_2g_gamer (1394979586764308654) | suraj095771 (1546035084010856478),4,https://discord.com/channels/1538500688038994040/1543556316377645067/1550916150680879105
1436,Team Vortex,im_vex44,'1549026829237624832',im_vex44 (1549026829237624832) | defybgmi (978324838345228308) | diwakar_10. (1294314305717669942) | cobraop0438 (1516710837643907140),4,https://discord.com/channels/1538500688038994040/1543556316377645067/1550925395597992040
1437,Team Jai Shree Mahakal,ayush_6276279,'1431911325398863962',ayushh5878 (886434887131861064) | ayush_6276279 (1431911325398863962) | maimomohuu (1419020125792899195) | devsingh08400 (1516672213967831074),4,https://discord.com/channels/1538500688038994040/1543556316377645067/1550927488115548312
1438,REGAL FORCE ESPORTS,4kashbasava,'1518682364186857512',tgxragekingyt (1447924539861499987) | zeo18. (1267516906672488530) | yadnesh3419_49857 (1377531266059997267) | whimsical_peacock_27372 (1536273603203567766),4,https://discord.com/channels/1538500688038994040/1543556316377645067/1550933547588657255
1439,Team The Final Try Esports ...,mubashir87,'1482301218104676505',adunann (1435183924249886761) | mubashir87 (1482301218104676505) | danishahmed471 (1401049553712713739) | tftxnimo (1292397840609312780),4,https://discord.com/channels/1538500688038994040/1543556316377645067/1550944157432946750
1442,AIB ESPORTS,spcrimson99,'1525744300648955975',oreoo08 (1068911739476918274) | raghavchaudhary0748 (1526118481416949820) | boom_99. (1548243270117892246) | spcrimson99 (1525744300648955975),4,https://discord.com/channels/1538500688038994040/1543556316377645067/1551088833620344923
1443,Team Velcron Esports       ...,naithikishere,'1537062168405745694',hackerhekhedee (1532352270833025145) | htrjokeryt1122 (1499369525114572902) | naithikishere (1537062168405745694) | gauresh_sawant18 (1314917774111539215),4,https://discord.com/channels/1538500688038994040/1543556316377645067/1551089676906139659
1444,Team Apex Elite,devesh4978,'889001003381305396',harman_mehra008 (1418928924435419138) | dltrox. (1478275851463426148) | adviksharma0377 (1230543599855341589) | devesh4978 (889001003381305396),4,https://discord.com/channels/1538500688038994040/1543556316377645067/1551093425846231093
1445,Team 4Tl Esports,sandeep058166,'1315641689133547601',sandeep058166 (1315641689133547601) | mahfooz7 (1539879366991945779) | frozen03718 (1540666793645969428) | nadeemakhtar0026 (1540659900168798238),4,https://discord.com/channels/1538500688038994040/1543556316377645067/1551105333567561829
1446,Team Virus,bangshanglangthasa_12746,'1479386250287775876',pairingdao (1484815194348720180) | bangshanglangthasa_12746 (1479386250287775876) | tarun1111 (1122927134592204971) | baoshring (1428758781801795614),4,https://discord.com/channels/1538500688038994040/1543556316377645067/1551105823294488698
1447,Team 4Axe Esports,casanova1708,'1345306976711872514',roshankindo3115 (458460905257041920) | vixen0140 (1345304414981722113) | casanova1708 (1345306976711872514) | etcxxunique (1345309857649135659) | aryan__31 (1473912594669764816),5,https://discord.com/channels/1538500688038994040/1543556316377645067/1551112720420569129
1448,Team Move,rohit.boi,'1118936441049841724',aryan001150 (1536369124555624569) | rohit.boi (1118936441049841724) | amaan02292 (1545706949948080140) | tushar01183 (1042076095261978644),4,https://discord.com/channels/1538500688038994040/1543556316377645067/1551115484168982570
1449,Team Move,proxaryan13,'1546030171784486980',mystichardik00 (1486051768142921738) | who.luckyyy01 (1551108449587302411) | thecookingyash (1125571535223132260) | proxaryan13 (1546030171784486980),4,https://discord.com/channels/1538500688038994040/1543556316377645067/1551117492041293857
1450,Vanguard Esports,ye_tanmay,'1113840275584978984',ye_tanmay (1113840275584978984) | akatsuki0089 (1181998475915841567) | universalgamer2409 (912234365336043551) | the_aizen03 (1264477671715373119),4,https://discord.com/channels/1538500688038994040/1543556316377645067/1551121881812439071
1451,Team Pro Ofiicial,mystichardik00,'1486051768142921738',thecookingyash (1125571535223132260) | mystichardik00 (1486051768142921738) | who.luckyyy01 (1551108449587302411) | proxaryan13 (1546030171784486980),4,https://discord.com/channels/1538500688038994040/1543556316377645067/1551122186108936324
1452,Team Kakashi,nezhapalyz,'831447725789937684',amit_choudhary_1 (1539089391446659146) | rishuboiii (1279869133256790147) | nezhapalyz (831447725789937684) | aniket031965 (1549305754165448735),4,https://discord.com/channels/1538500688038994040/1543556316377645067/1551127812918870059
1453,xtreme Death,ayushhaikya,'1535073913988587550',mayankv56 (1535834168468967424) | ash_xd (1033302966410682398) | ayushhaikya (1535073913988587550) | vanshvsall_39345 (1551098597502623887),4,https://discord.com/channels/1538500688038994040/1543556316377645067/1551130913801248830
1454,Team Invictus Espots,darkz17_,'1546141944659447809',darkz17_ (1546141944659447809) | ommmm2709 (1323778037979938826) | badshahh_01 (1210476178519883806) | mcgamer0423 (1551129838541340673),4,https://discord.com/channels/1538500688038994040/1543556316377645067/1551132215851753523
1455,Team Escape Matrix,harshavardhan_01,'779650756051337226',maninder0886 (1536792259763114137) | harshavardhan_01 (779650756051337226) | prasad09669 (1217081147004289124) | vulisetillu_30961 (1272102363691225118),4,https://discord.com/channels/1538500688038994040/1543556316377645067/1551135342977880167
1456,Team Orbit Esports,loser2524,'939413527393865739',loser2524 (939413527393865739) | fgaarya (881149577129000972) | smirnoff1000 (1536631846190977094) | fgrichop (683509936701178059),4,https://discord.com/channels/1538500688038994040/1543556316377645067/1551144117550059532
1459,Team Trinetra Esports,evolved_ke_papa,'1376151292283715604',zenox.rbe (1521070891969282148) | og.zenox (660370097575165953) | amogh.af (1526213598026797169) | evolved_ke_papa (1376151292283715604),4,https://discord.com/channels/1538500688038994040/1543556316377645067/1551154399915548777
1460,Team Hyper Esports,arxravxnsh,'1534938292858912954',toppaplayer (1551096093847064680) | arxravxnsh (1534938292858912954) | fmbxcaptain_09202 (1455242496824311818) | trn07361 (1551098640259612723),4,https://discord.com/channels/1538500688038994040/1543556316377645067/1551160277712633937
1461,Team Tdx,shahzad09941,'1485167991556407327',rizwann054 (1485197547487105034) | owais03406 (1485197016857579610) | junaidkhan0750 (1485198022966120598) | shahzad09941 (1485167991556407327),4,https://discord.com/channels/1538500688038994040/1543556316377645067/1551160451872723026
1462,Team Black Bulls,rahuldhamot,'1122269408111382550',smpnandu_43863 (1393813962595897488) | ig_dark_playz (1206451536796975105) | rahuldhamot (1122269408111382550) | smpxaman_39135 (1407935316144427030),4,https://discord.com/channels/1538500688038994040/1543556316377645067/1551177590168096949
1463,Team Veltrix Esports,manu_saipawar,'1531733324366610548',erwin010507 (1494423593545633864) | krish01762 (1463744200934822052) | manu_saipawar (1531733324366610548) | manusingh0272 (1461235525477470398),4,https://discord.com/channels/1538500688038994040/1543556316377645067/1551179949279543351
1464,Team Zx Officials,zenox_regar_36394,'1510151903575801907',manu_saipawar (1531733324366610548) | mohd_noman_khan_05 (1299626630565724223) | rahuldhamot (1122269408111382550) | shahzad09941 (1485167991556407327),4,https://discord.com/channels/1538500688038994040/1543556316377645067/1551180479540236389
1465,Team Dbe,aditya32157w7085,'1050204539048951828',pankajnegi0482_49591 (1520808702586917016) | aditya32157w7085 (1050204539048951828) | neerajnegi0897 (1454759094467563662) | a9shuulll_04813 (1551110810984652911),4,https://discord.com/channels/1538500688038994040/1543556316377645067/1551190697628143639
1466,Team Savage Squard,rishu.4_,'767628251597373472',rishu.4_ (767628251597373472) | rahul68411 (1389809214179905577) | sumit_2006_ (1431118273486917803) | kaleshgurav (863284094536515605),4,https://discord.com/channels/1538500688038994040/1543556316377645067/1551210222075252815
1467,Deathbenderz Esports,dexil04,'1493685086988533801',dexil04 (1493685086988533801) | sonuxgaming77 (1436626853447077899) | ajinkya5371 (454558587612561409) | rishabh091166 (1473648272068444335),4,https://discord.com/channels/1538500688038994040/1543556316377645067/1551256458555826348
1468,Team Equation,amit_choudhary_1,'1539089391446659146',aryan____1234 (1474579553702777068) | amit_choudhary_1 (1539089391446659146) | anshu01601 (1528473669217816839) | rajat01280 (1551210122532094023),4,https://discord.com/channels/1538500688038994040/1543556316377645067/1551271351829139528
1469,Team Undergods,zodxbibeka2190,'982805188677091379',nitishkumardas1808 (1495397311449141338) | zodxbibeka2190 (982805188677091379) | bada113 (1548707764887621756) | ommnaik0663 (1483330214976028806),4,https://discord.com/channels/1538500688038994040/1543556316377645067/1551271467495460926
1470,Team Lulu,malicexd_,'1505683397832605696',malicexd_ (1505683397832605696) | blo_odzzz (1505664810740875347) | the__shiv (869842769059930124) | rahuldhamot (1122269408111382550),4,https://discord.com/channels/1538500688038994040/1543556316377645067/1551411472171671604
1472,Ice Age eSPORTS,abhi_04110,'1447598280618803422',lakshuu_6 (1495090324014370852) | meimposternhihu. (716161612800589844) | abhi_04110 (1447598280618803422) | dekuuuuuuuuuuuuuuu_60430 (1500059614564061335),4,https://discord.com/channels/1538500688038994040/1543556316377645067/1551428136338727076
1473,Team Sptn Esports,sptn_scaru,'1462077888407801979',rtgamigayt_65850 (1408513641002700943) | sptn_scaru (1462077888407801979) | eklavya0412 (1538771216083722372) | mrspiderx. (1444981523970392207),4,https://discord.com/channels/1538500688038994040/1543556316377645067/1551439352649883709
1474,Team Quantum Esports,flash052686,'1274362218086924350',shivam065418 (1343848932953817161) | pramitch_1520 (959678168455852102) | pyarabisht (933345993007718420) | flash052686 (1274362218086924350),4,https://discord.com/channels/1538500688038994040/1543556316377645067/1551463166842769462
1475,Team Skull Crusher,scxgoat,'1408737633282031707',xgodashish (1343249634620866592) | scxgoat (1408737633282031707) | aman0798484 (995317058696917116) | virendra25_45815 (1461954708376654067),4,https://discord.com/channels/1538500688038994040/1543556316377645067/1551465960270077964
1476,Team Genymotion,ravi__gaming_yt,'1362248019805736994',prohubhai2114_13033 (1503312668818276512) | ravi__gaming_yt (1362248019805736994) | chetan01450 (870316366991880252) | sphinx_16. (1465558267072614493),4,https://discord.com/channels/1538500688038994040/1543556316377645067/1551466819867377737
1478,Gujarat Warrior Esports,harshptl111,'1330800562932809781',oxyrocky5301 (1007327281447960716) | vikasptl. (1397744024109973636) | harshptl111 (1330800562932809781) | vishal09562 (1206991389162999868),4,https://discord.com/channels/1538500688038994040/1543556316377645067/1551470830524039199
1479,Team Four Beasts,odxomi,'1508428297858715709',aizen_06159 (1547981968505839619) | odxomi (1508428297858715709) | sunu6087 (962605675064737862) | None (1546586473002827791),3,https://discord.com/channels/1538500688038994040/1543556316377645067/1551473629097623563
1480,Team Apex Esports,mythpatil_gaming,'730819291175321692',3volution_coleader (1521199051339727049) | prayaggore (1352579067890634762) | rushi120 (1368541384155332619) | mythpatil_gaming (730819291175321692),4,https://discord.com/channels/1538500688038994040/1543556316377645067/1551475835695923203
1481,SHAWDOW REIGN,primemega0591,'1353358586201378917',itsace1018 (1126006686549803019) | primemega0591 (1353358586201378917) | maneesh07368 (1362292260867281046) | prathmesh0370 (1344250547401654287),4,https://discord.com/channels/1538500688038994040/1543556316377645067/1551475968231604267
1482,Team Omnix Esports,gourav_xovra,'295462809880363010',naitik2002 (1013478710617309364) | abhishek030240 (1465025201317216410) | gourav_xovra (295462809880363010) | harshith_423 (1462150323471650836),4,https://discord.com/channels/1538500688038994040/1543556316377645067/1551478857897480193
1483,Team Vanguard 1,None,'1538892179982909583',zluka2.0. (1469258694821806194) | zypmax31_67469 (1493111778899394591) | v1.wow.maneger (833337672839200789) | None (1538892179982909583),3,https://discord.com/channels/1538500688038994040/1543556316377645067/1551480398327062593
1484,Team Spparow,sultan.__.bhai_06,'1550547326828019722',satyam046475 (1528070848370577480) | sultan.__.bhai_06 (1550547326828019722) | shaankhan0256 (1429794706786750516) | mdhaamid4178 (715675221637464085),4,https://discord.com/channels/1538500688038994040/1543556316377645067/1551480646193381388
1485,Team Broken Crown,sameersawant,'1137326637231390761',sameersawant (1137326637231390761) | chaitanya__korwate (1393498576306307082) | aarubolte05 (1546767056186384490) | asxifkhn01_25175 (1547497241508581409),4,https://discord.com/channels/1538500688038994040/1543556316377645067/1551482241044054058
1486,Team Luminate Esports,dredz0346,'340753832663318530',kloudz4829 (392175465798041600) | loopog (1524409052497444944) | dredz0346 (340753832663318530) | aries5431 (712690673358471219),4,https://discord.com/channels/1538500688038994040/1543556316377645067/1551483065090711564
1487,Team Monster Gaming,monster_2.0__,'1309347668732153946',hiren_0011 (1166604689786294305) | monster_2.0__ (1309347668732153946) | dyotakgamer (755451347134054531) | nivruuu89_27353 (1442450133013889045),4,https://discord.com/channels/1538500688038994040/1543556316377645067/1551484998677176361
1488,Team Blitzkrieg,ereen0813,'1538297061244669975',domanxwarrior (1396344812625465344) | mahirjod. (1542532445218414723) | rapter0272 (1520648290964607141) | ereen0813 (1538297061244669975),4,https://discord.com/channels/1538500688038994040/1543556316377645067/1551489274514374657
1489,Team Atlas Gaming,tanveer0976,'1547107678726135911',plutoearth0 (1543537972295508008) | neelpatel08331 (1318930353158619228) | None (1431687324026146967) | tanveer0976 (1547107678726135911),3,https://discord.com/channels/1538500688038994040/1543556316377645067/1551489689104683090
1490,Team Ogwin,whisky03968,'1547244189882917004',m104356 (1473604946288054313) | bapon7015 (625375823360163851) | whisky03968 (1547244189882917004) | dineshthakor0992 (1551219320611143725),4,https://discord.com/channels/1538500688038994040/1543556316377645067/1551495499356577853
1491,Team 4 Hunters,faiz._1325,'1367003660810190868',karanhoke (1548938647833935989) | faiz._1325 (1367003660810190868) | surendra0710 (1461744931231236221) | obito_hu_yrr (1452665640962752694),4,https://discord.com/channels/1538500688038994040/1543556316377645067/1551496561194827817
1492,Team Auto Esports,yuvi53,'1281847822580318259',jayveer0777. (1549287441389588480) | ansu0519 (1549002679995342849) | vikram181 (1549128947009200218) | yuvi53 (1281847822580318259),4,https://discord.com/channels/1538500688038994040/1543556316377645067/1551501515418632256
1493,Team Forge 9 Esports,yash1316,'1147920860737454193',yash1316 (1147920860737454193) | pradeepkiran (1305524639770087588) | saaaa10279 (1462680987657044132) | omroman2807 (918734372943822868),4,https://discord.com/channels/1538500688038994040/1543556316377645067/1551517989700894723
1494,Team Eclipse Gaming,vkallgaming_89298,'1425842476979191838',arakesh1432335 (965267657756672140) | surendra0710 (1461744931231236221) | vkallgaming_89298 (1425842476979191838) | mohd_noman_khan_05 (1299626630565724223),4,https://discord.com/channels/1538500688038994040/1543556316377645067/1551525509500899409
1495,Team Ferior Squad,shreyash0311,'1200465587822927884',shreyash99990176 (1328297883782479953) | shreyash0311 (1200465587822927884) | aditya10917 (1237046340677140551) | shubh9714 (759689128442069023),4,https://discord.com/channels/1538500688038994040/1543556316377645067/1551531917118017637
1496,TEAM CORE 7 ESPORT,arifbhai5028,'892064701444411433',scoutop02 (1168478356673662976) | arifbhai5028 (892064701444411433) | adityatipras (757093312388661330) | aman080167 (1303577088615514222),4,https://discord.com/channels/1538500688038994040/1543556316377645067/1551541954582417413
1497,Team Tlxg S Legend X Gaming,nirbhaykale,'1551455094753599631',omsaikamble (1551503479225323521) | aniketkale0612 (1551498560321753130) | nirbhaykale (1551455094753599631) | surajmali0354 (1551497680713289872) | sakibshaikh0157 (1551501620100071546),5,https://discord.com/channels/1538500688038994040/1543556316377645067/1551544227174031391
1498,NeuroWar Esports,hexerislive,'377998879565807625',hexerislive (377998879565807625) | zoey_islive (1495350264977166418) | adityagaming9435 (1056839963964088322) | tushar00734 (1221757239203860510),4,https://discord.com/channels/1538500688038994040/1543556316377645067/1551544979212730419
1499,Team Kalesh Corporation,densetsuplayz,'1003651767986294804',smarty_uday (997097605341388882) | mr.lortall (921366543567290378) | densetsuplayz (1003651767986294804) | dragnostar (956568916962967573),4,https://discord.com/channels/1538500688038994040/1543556316377645067/1551550301503226029
1500,Team Apex Fury,apexfury0750,'1541492691916030105',goku071467 (1546933508893839440) | apexfury0750 (1541492691916030105) | powerful_mango_83403 (1499267998324625448) | nikhil021799 (1547218007116488796),4,https://discord.com/channels/1538500688038994040/1543556316377645067/1551557000553562123
1501,Team Btd,wavre001,'1300915405107499091',trocxy_ (1413396745882435664) | godlharshal01 (1361920674385625202) | wavre001 (1300915405107499091) | speed_369 (1365032684417712148),4,https://discord.com/channels/1538500688038994040/1543556316377645067/1551565918197387295
1502,Team Unseen,tashif0726,'1508021483354460350',salim02315 (881408186115043418) | saleem6322 (748626192600400054) | zoey_islive (1495350264977166418) | tashif0726 (1508021483354460350),4,https://discord.com/channels/1538500688038994040/1543556316377645067/1551570617210249309
1503,Team Aestera Esports,aniket_x0723,'1549318121360326736',aniket_x0723 (1549318121360326736) | ganeshsolanke (1325338037286080545) | abhishek001279 (1183446927271006322) | rohanx_77 (1549316197533753365),4,https://discord.com/channels/1538500688038994040/1543556316377645067/1551570916595601521
1504,Mists Of Coorg,kaiser088564,'1400303811750527049',m104356 (1473604946288054313) | kaiser088564 (1400303811750527049) | hydrawrik (712231467807408148) | bhavish0120 (1368951924447117423),4,https://discord.com/channels/1538500688038994040/1543556316377645067/1551570942012956773
1505,Team Zenith Esports,whymax0335,'1547854504060518456',whymax0335 (1547854504060518456) | sachinnehra_73935 (1479204474969915554) | ranjayop6169 (792969626660110346) | arsenal_hu (1505488543513051176),4,https://discord.com/channels/1538500688038994040/1543556316377645067/1551571041359237122
1506,Team Xpro,romgaming8128,'850687642902462465',romgaming8128 (850687642902462465) | sagaryadav2925 (1542556886023540841) | zohangaming__42533 (1377947674103255171) | shourya_115 (1249620853885374534),4,https://discord.com/channels/1538500688038994040/1543556316377645067/1551571905465557049
1507,Team Nx,nxfilix,'1550136303230787691',mrsudhi_92783 (1242865270100459522) | nxfilix (1550136303230787691) | subham09000 (1549986664045220004) | guddu2210 (1239547741479370764),4,https://discord.com/channels/1538500688038994040/1543556316377645067/1551572266544922736
1508,Team Kaizen,gbnick2425,'860163254533226516',nickmarai (1086453599128784966) | makise8601 (860138433259110480) | kheljitlangpoklakpam (1547826395525156881) | bhupe0615_24889 (1547832440960057364) | gbnick2425 (860163254533226516),5,https://discord.com/channels/1538500688038994040/1543556316377645067/1551576366091210784
1510,muzakkir0854's team,muzakkir0854,'1537492531976339586',ig_god2309 (1514791156012154953) | anmol2008123 (1322257377499545673) | muzakkir0854 (1537492531976339586) | godzj_83855 (1544655344179879949),4,https://discord.com/channels/1538500688038994040/1543556316377645067/1551577902192009277
1511,Team God Slayers,sugams_,'1541821683378425928',sugams_ (1541821683378425928) | supreeth_67 (1545032035691659264) | pavan50888 (1334159890955894922) | shanks_luffy07 (1551577894093066322),4,https://discord.com/channels/1538500688038994040/1543556316377645067/1551579457108582461
1512,Team Evil Esports,piyush_1022,'904632999130312736',piyush_1022 (904632999130312736) | aabhaskashyap (1484562412459004018) | evilzyro_22 (1551577959213572267) | evilgirl0002 (1359877078161555486),4,https://discord.com/channels/1538500688038994040/1543556316377645067/1551579719013761095
1513,Team 777 Esports,kaustubh3559,'1131916080458244099',aimvortex0374 (1550904407590440960) | gamerx8076. (1301062356331401307) | kaustubh3559 (1131916080458244099) | senpaipatil7_58563 (1421089517762514996),4,https://discord.com/channels/1538500688038994040/1543556316377645067/1551579768611151894
1514,Team Fox Gaming,tfxpanther96,'1526961052187885680',tfxroman (1538653494385573942) | tfxpanther96 (1526961052187885680) | adiiiiiiiiii0864 (1526918549862481940) | arshu0734_80214 (1527066274977415254),4,https://discord.com/channels/1538500688038994040/1543556316377645067/1551586970801668219
1515,Team Oceangods,manavtare.,'1523722319799914536',manavtare. (1523722319799914536) | omkar058474 (1542044802911305762) | spbxking (1384041833348202587) | omkar067211 (1519522329057693838),4,https://discord.com/channels/1538500688038994040/1543556316377645067/1551597713622040617
1516,X,xvenom1448,'425950073529040906',the_hitman_18 (459417264941301760) | xvenom1448 (425950073529040906) | hokagekakashi_ (605451690514317314) | neeraj_bisht (697049056874201098),4,https://discord.com/channels/1538500688038994040/1543556316377645067/1551600586213040139
1517,Team Goat 13,luffyy0879,'1442023943664959568',luffyy0879 (1442023943664959568) | rexhere.exe (1137399444195782759) | swarajacharya (1492834516140687461) | vickyybhai (1307746874324811919),4,https://discord.com/channels/1538500688038994040/1543556316377645067/1551615159762419773
1518,Team God Esports,godluci0887,'1409879417026646058',godluci0887 (1409879417026646058) | mudassir7344 (815843164417425418) | goduzi0724 (1513266725724880973) | anasqureshi2110 (1410224548850307163),4,https://discord.com/channels/1538500688038994040/1543556316377645067/1551618402190368881
1519,TEAM NEON ESPORTS,sagnik0671,'1501090403288354938',samrat0922 (1208720883779244114) | aryanroy02888 (1533520499135610903) | sagnik0671 (1501090403288354938) | devshettiar_27502 (1513148673708658743),4,https://discord.com/channels/1538500688038994040/1543556316377645067/1551619406143160361
1520,Red Arena Esports,__aditya__135,'1438954525158412418',intenseeyt (1046108252053721218) | __aditya__135 (1438954525158412418) | aditya_135. (1442395089111355483) | magical_star_82535 (1383010354157588663),4,https://discord.com/channels/1538500688038994040/1543556316377645067/1551620608662573077
1522,Team 4Noobs,deepanshu06981,'1363758662342152223',zahoor_bhat02 (1514269337668686047) | varun038196 (1364508482165936220) | _devil_21 (895513378750103602) | deepanshu06981 (1363758662342152223),4,https://discord.com/channels/1538500688038994040/1543556316377645067/1551628144321232958
1523,Team Cosmic Entities,rolendu_92982,'1412381760028803072',rolendu_92982 (1412381760028803072) | aryan0050536 (1421461421727809626) | sewey_suii (1235303417367232686) | thorplayz (710480876038914170),4,https://discord.com/channels/1538500688038994040/1543556316377645067/1551632391896825949
1524,Team Void 7,raykon.16,'1486027316722405507',tako.fps (996783673909186672) | mukeeb_786 (1294532531856867401) | raykon.16 (1486027316722405507) | basit09697 (1540753231368556614),4,https://discord.com/channels/1538500688038994040/1543556316377645067/1551646159586467995
1525,Eternity Guardians Esports,mrimpossiblegaming,'1100316867362574401',mrimpossiblegaming (1100316867362574401) | rehanpathan (658256608609959937) | shariq1905_74428 (1526966548193869937) | 10shotgaming (885001103240990791),4,https://discord.com/channels/1538500688038994040/1543556316377645067/1551646197410697380
1526,Tag,gouthamreddy_45,'726070392766070886',chinnu0410 (848547000156553226) | saireddy9204 (1109155394032504842) | lokii7719 (1538552006803849307) | gouthamreddy_45 (726070392766070886),4,https://discord.com/channels/1538500688038994040/1543556316377645067/1551648423235555361
1527,Team Blood Reapers,uzokgaming_12676,'1515591484118929549',uzairraza0868_65634 (1510286648393334977) | uzainpathan21 (1543263505120235652) | uzokgaming_12676 (1515591484118929549) | iq_uzair (1544380708603306097),4,https://discord.com/channels/1538500688038994040/1543556316377645067/1551670333625606248
1528,tugxtsmislive's team,tugxtsmislive,'1435459594829959252',tugxscarface_95921 (1543651093102329866) | pramanshu_raj_68540 (1497917112071487611) | tugxstar (1550547330275737733) | vikendra0084 (1550505131718611047),4,https://discord.com/channels/1538500688038994040/1543556316377645067/1551743590386901024
1529,Team End Esports,toxicdevil9226,'1032843099459817472',toxicdevil9226 (1032843099459817472) | hiten04520 (1508730409565945876) | rushi0548 (1163141324992680007) | baki_07777 (1528734841393381519),4,https://discord.com/channels/1538500688038994040/1543556316377645067/1551784252289318945
1530,Team Titanxesports,knoxeditor,'1141699048475218030',darkakislive (1334966803742457979) | yuno_0002 (1358840182773649635) | knoxeditor (1141699048475218030) | tnxdax7126 (1330087066083786774),4,https://discord.com/channels/1538500688038994040/1543556316377645067/1551791207548456972
1531,Team Broken Aim,nittnike,'916947508180185088',nittnike (916947508180185088) | singhaman20041273 (800286533608538154) | shivanshgupta0007 (1238504215240900613) | fury76652 (1551635006831460517),4,https://discord.com/channels/1538500688038994040/1543556316377645067/1551819065880875102
1532,Team Revolution Esports,adityathakur2010387,'1432716850977837179',ig_wmax (1510127586724810903) | adityathakur2010387 (1432716850977837179) | txsage9 (1484981631126081646) | amn0630 (1476455161365925918),4,https://discord.com/channels/1538500688038994040/1543556316377645067/1551825881775874092
1533,Team Namorplayz,pusssylickerog_12535,'1365289101137281085',iconicislive_ (1445059592722583585) | gtexspikeop (771718247435337740) | pusssylickerog_12535 (1365289101137281085) | namorbot0839 (1545435875121438742),4,https://discord.com/channels/1538500688038994040/1543556316377645067/1551843166246932561
1534,Team Ultron,tarun054119,'1507423553278967808',tarun054119 (1507423553278967808) | noob017636 (1528092778507145216) | ultrontm. (1545669746828251163) | rehan_8055 (1507620643376594974),4,https://discord.com/channels/1538500688038994040/1543556316377645067/1551847572027605003
1535,Team Inferno Esports,xveez0018_89485,'1449780108356354079',devilmukesh (1081644818083631166) | None (1279715386622742548) | vincyapss (1528714240012058718) | xveez0018_89485 (1449780108356354079),3,https://discord.com/channels/1538500688038994040/1543556316377645067/1551853372225626183
1536,Team Expert,pankajnath0282,'1438412878691565802',harshrana1206 (1329799340369121280) | pankajnath0282 (1438412878691565802) | cookieislive (1400841816303210538) | sanibahmad (1551198398646845501),4,https://discord.com/channels/1538500688038994040/1543556316377645067/1551858228332208150
1537,Team Blade Esports,bladexzerox,'1410995524051665037',vishnukumar04185 (1429130348310302720) | vipin0930 (1428990679140274197) | dineshkumar00445 (1429112477144059997) | bladexzerox (1410995524051665037),4,https://discord.com/channels/1538500688038994040/1543556316377645067/1551864185003184199
1538,nerutyatayade's team,nerutyatayade,'834742132841119775',3xicutor (591320698266583041) | neyooo6124 (972813406191104050) | irlxajink (962898088836620318) | nerutyatayade (834742132841119775),4,https://discord.com/channels/1538500688038994040/1543556316377645067/1551869005336420383
1539,Team Victory Elite Esport,rehanmew95,'1509449772925321216',yadhuu0226 (1540230921351987312) | rehanmew95 (1509449772925321216) | nawaz06924 (1475044817359736948) | radhey013013 (1551550180724318230),4,https://discord.com/channels/1538500688038994040/1543556316377645067/1551885955793817661
1540,Team जट,yashnarwal05,'1549641332681609287',aahannarwal (1551841059812671544) | jatin033393 (1236583882401382474) | dipanshu0657 (1551387442274377812) | yashnarwal05 (1549641332681609287),4,https://discord.com/channels/1538500688038994040/1543556316377645067/1551899423590580255
1541,Team Tge On Top,piyush019618,'1551095737972953152',maherasumit (1232570615165091840) | veer09505 (1435516363589287968) | 1380240577 (1326921081499553954) | piyush019618 (1551095737972953152),4,https://discord.com/channels/1538500688038994040/1543556316377645067/1551908298264027218
1542,fslxkush's team,fslxkush,'1302407337524330500',nexa777op (1425408710921949227) | stgod0160 (1551143528506335243) | tsxstarmax_06165 (1478792562725884075) | yasirkhan9343 (963854642725392494),4,https://discord.com/channels/1538500688038994040/1543556316377645067/1551909698918293525
1543,Team Xross Heart,4legendparthop,'833612075686559795',satyajeet2839 (777833644689457153) | 4legendparthop (833612075686559795) | vipbgmi_7 (1450127365941366908) | sourav_5678 (1319711997645946965),4,https://discord.com/channels/1538500688038994040/1543556316377645067/1551926686969233569
1544,Team Axiom Slayers,krishil1445,'820651190740058122',aawaragaming (1366784546523189289) | krishil1445 (820651190740058122) | rohanbulbule (1486790279376932876) | zestygaming4018 (1056768486153658438),4,https://discord.com/channels/1538500688038994040/1543556316377645067/1551928350581465222
1545,Team Next X Gen,gamingdevil999,'553513252878024714',0690380627 (1452565336019828768) | gamingdevil999 (553513252878024714) | anmolsri6307._40416 (1299030618180681738) | nishant_76 (1500482234585583875),4,https://discord.com/channels/1538500688038994040/1543556316377645067/1551936908077305997
1546,Team Vernox Esports,krishna023156,'1410854322564239442',magic_gamer10 (1494241995864936578) | harshhh0530 (1491047598235193419) | someswarboro._38885 (1366086196723450036) | krishna023156 (1410854322564239442),4,https://discord.com/channels/1538500688038994040/1543556316377645067/1551942186344390689
1547,Team Tiger Esports,dugguthedon,'1305600210206068858',anoj1850 (1050029157834309632) | van_sh_297_17845 (1409820203453386857) | dugguthedon (1305600210206068858) | suraj_77777 (1536422413179420784),4,https://discord.com/channels/1538500688038994040/1543556316377645067/1551960635040997448
1548,Team Nxt,ajay091770,'1440547090429378662',godx0150_65893 (1451168457969106944) | killergaming2387 (935235521641336893) | 7104480416 (1452283410675400717) | ajay091770 (1440547090429378662),4,https://discord.com/channels/1538500688038994040/1543556316377645067/1551981472301457500
1549,Team Galacticos,yuvraj030809,'1538559626390278175',rudrapratapgaud (1546573426939011072) | arjungaud0580 (1546573678144127139) | nihal5584 (854917638198788156) | yuvraj030809 (1538559626390278175),4,https://discord.com/channels/1538500688038994040/1543556316377645067/1551983990192214097
1550,Team Ogre,monkop123,'1388847986821435412',_lordkong__06196 (1505175740721791026) | 6rshw (1543573674068545659) | monkop123 (1388847986821435412) | agampreet0016 (1356229485586026588),4,https://discord.com/channels/1538500688038994040/1543556316377645067/1551986061826072662
1551,Team Deadshot,__kunalpatil07,'1542329979738529923',__kunalpatil07 (1542329979738529923) | bossvp (1545678585929662557) | jaypatil0363 (1551114801512583253) | nickshinde18_ (1551977113517686855),4,https://discord.com/channels/1538500688038994040/1543556316377645067/1552005854428143767
1552,anukal_p_91621's team,anukal_p_91621,'1256181933784830002',aimgod09795 (1543232192698646630) | anukal_p_91621 (1256181933784830002) | ranveer6782 (979342942479196230) | ayanpathak0183 (1488474566400544790),4,https://discord.com/channels/1538500688038994040/1543556316377645067/1552042310035054715
1553,winterretniw's team,winterretniw,'1532823876541616263',qwerty017412_88172 (1552125303210381443) | yohen_l (889050079334383636) | qwerty041687 (1552130741998063638) | winterretniw (1532823876541616263),4,https://discord.com/channels/1538500688038994040/1543556316377645067/1552135073153679494
1554,NX,vanshog9,'1190548752436559883',nithingoud0953_56176 (1264485016327421977) | vanshog9 (1190548752436559883) | genz0355 (1401041801779089429) | fear06093 (1546374794587537471),4,https://discord.com/channels/1538500688038994040/1543556316377645067/1552150084224024659
1555,Team Alphaxtremerulers,yuvrajroyalig,'1437693502380310589',yashsingh01 (1520812132097331290) | yuvrajroyalig (1437693502380310589) | lucky080471 (1540592490619600966) | igansh_ (1540585174360653935),4,https://discord.com/channels/1538500688038994040/1543556316377645067/1552152821640597566
1556,Team Knight Warrior Esports,samim008135,'982490620226588733',boxiop (1446718103764467832) | daniyalsk._64454 (1515357183913496577) | samim008135 (982490620226588733) | john_snow0330_14992 (1426922418768969830),4,https://discord.com/channels/1538500688038994040/1543556316377645067/1552201867847798825
1557,Team 4 Men,amnzo_rip,'1259424488081064017',begula5183 (611585118091476992) | amnzo_rip (1259424488081064017) | 4wxabhi_81086 (1507969329600135179) | rishabhh04_87523 (1547657536549822566),4,https://discord.com/channels/1538500688038994040/1543556316377645067/1552215835051954208
1558,Jager Meister Esports,riyannnx_33130,'1483361190733152367',aryan001150 (1536369124555624569) | adi4496412461 (751311519702057082) | aryan____1234 (1474579553702777068) | riyannnx_33130 (1483361190733152367),4,https://discord.com/channels/1538500688038994040/1543556316377645067/1552217929305821275
1559,Wolves 777,rishaanjaswal_00981,'1372221473284161610',yuvi09381 (1336972966990188585) | rishaanjaswal_00981 (1372221473284161610) | parv_12 (1519196843861344292) | rishaanjaswal_73621 (1481729069895647284),4,https://discord.com/channels/1538500688038994040/1543556316377645067/1552218601648431117
1560,btxspark26's team,btxspark26,'1530879189698220185',btxspark26 (1530879189698220185) | arya037496 (1530879041203081268) | vansh095361 (1508840284727935198) | unknown1f9 (1532130061530959894),4,https://discord.com/channels/1538500688038994040/1543556316377645067/1552220219391475796
1561,Team X,hashimshk6471,'822337957545246731',hashimshk6471 (822337957545246731) | asif023769 (1486688296330465291) | aabuuu_ (1551655748822499492) | rehan.m17 (1552209479670562902),4,https://discord.com/channels/1538500688038994040/1543556316377645067/1552220842673311765
1562,Team Godz Esports,manisha09929,'1373138031988441088',manisha09929 (1373138031988441088) | insaney04 (1012214279245664337) | sumitnalbo (1472144910688980994) | ig___ravangaming (1446938085534466058),4,https://discord.com/channels/1538500688038994040/1543556316377645067/1552220873010970639
1563,NoFluke ESports,rgaryan09,'1270724580247601226',tagrachit01_41596 (1519985697577107546) | rgaryan09 (1270724580247601226) | zaman05378 (583692291089236090) | wargod_31 (1138868638548512871),4,https://discord.com/channels/1538500688038994040/1543556316377645067/1552223424628396053
1564,Team Hipnos,rajpratim3107,'1545119987096752248',prachuu_1 (1550819053755703340) | axlergaming (1517735396853809172) | camratos_83564 (1162278492021461013) | sea280911 (1505918720130814133) | rajpratim3107 (1545119987096752248),5,https://discord.com/channels/1538500688038994040/1543556316377645067/1552223804443328553
1565,PECA eSports,devansh_416,'1309578523660517456',devansh_416 (1309578523660517456) | som05998 (1552150210648481817) | jackkkopp (1549345207399620680) | mohan007650 (1552156448769835116),4,https://discord.com/channels/1538500688038994040/1543556316377645067/1552236085361385533
1566,Team Aerix,arxjodmaxx,'1355475467729113138',yuta_2319 (769071648837730304) | arxjodmaxx (1355475467729113138) | arhaanxd77_37982 (1321061871792558101) | arxx._.denji (1551817996639666279),4,https://discord.com/channels/1538500688038994040/1543556316377645067/1552255858426118165
1567,Team Apg Esport,ayandiwan0433,'1336233734088822784',ayandiwan0433 (1336233734088822784) | mehul08465 (1551896235458166804) | shailesh02222 (1552266828464529468) | aamir000045 (1397638126482231399),4,https://discord.com/channels/1538500688038994040/1543556316377645067/1552269799743295519
1568,Starnox Esports,moindon,'1467787012806541454',marvelmadan_54896 (1258832892545597440) | tej1230060 (1496859348180144179) | aditya._.2010 (1286416174543933453) | moindon (1467787012806541454),4,https://discord.com/channels/1538500688038994040/1543556316377645067/1552278887105302539
1569,Team Aonprime,sairemalbert_30547,'1280164300480319509',pruthvi_gaming_yt (1325039701463400552) | anuj062482 (1251823737821593610) | sairemalbert_30547 (1280164300480319509) | kalu06302 (1518800315476873398),4,https://discord.com/channels/1538500688038994040/1543556316377645067/1552284028659441677
1570,Team Sticker,smitmhatre0475_33411,'1524386126993952801',dashrathsingh0758 (1548568645024620585) | anshnagpal.15 (1471222327806132338) | saransh_08 (745201769042280508) | sigmaxb2k (1401577620868567110),4,https://discord.com/channels/1538500688038994040/1543556316377645067/1552301388447490090
1572,Nxs Esports,nxspower,'1303295193419878412',mohan007650 (1552156448769835116) | abhishekrajput0471_67025 (1238931272001261649) | nxspower (1303295193419878412) | jadunotxdahad (1226413902682783764),4,https://discord.com/channels/1538500688038994040/1543556316377645067/1552301453345820734
1573,Team Final Domination,ninja.esport,'1479086171324944557',delta_devil (848867484731834368) | youtube_query (1446821380124577897) | zodeyxxs4 (1353493655629070396) | ninja.esport (1479086171324944557),4,https://discord.com/channels/1538500688038994040/1543556316377645067/1552301835987976255
1574,Team Invictus,teaminvictus_,'1543306300400730152',teaminvictus_ (1543306300400730152) | madxgaming (853919011728916490) | saurabhraghav (808351682286059530) | someone021961 (1102085500975726653),4,https://discord.com/channels/1538500688038994040/1543556316377645067/1552302396129149109
1575,TEAM DC ESPORTS,aaniksinha9106,'779209827469361152',aaniksinha9106 (779209827469361152) | ramdubey_ (863068615048429569) | shyam6397 (759661191282163752) | aarav087117 (1449028162754187468),4,https://discord.com/channels/1538500688038994040/1543556316377645067/1552303169768398949
1576,Team Kronix Esports,muigokuuu,'1032011934893096980',ilmashraza (1326449501795254337) | samiransari04677 (1546739689178796035) | muigokuuu (1032011934893096980) | zaynsadeem (1299748979374031053),4,https://discord.com/channels/1538500688038994040/1543556316377645067/1552303888965836892
1577,Drazer Esport,frankysuper0_69641,'1502173794675069030',giyu05099 (1496369227706404928) | vanshcoc_73785 (1162030941267578922) | mihawak01_31743 (1502173333972586646) | frankysuper0_69641 (1502173794675069030),4,https://discord.com/channels/1538500688038994040/1543556316377645067/1552304050018451578
1578,Hckr Esports,vedant0021_,'1484444985192611900',soyamsingh (699804527607414896) | kaustav03 (721286770460721202) | vedant0021_ (1484444985192611900) | ninja.esport (1479086171324944557),4,https://discord.com/channels/1538500688038994040/1543556316377645067/1552305667275235350
1579,Rxt Esports,azeemgameryt.,'1104685043735072828',yousuf_36 (1552309046982217809) | rahib066652 (1550193579912204436) | roshan089422 (1547971050472739010) | azeemgameryt. (1104685043735072828),4,https://discord.com/channels/1538500688038994040/1543556316377645067/1552312836565237804
1580,Team NSG Esports,hanshplayzzz221,'1535992471673110578',amliplayz (1541713136615424120) | hanshplayzzz221 (1535992471673110578) | vijendersaini4723 (1411237589209317450) | yessxdady (1471790777528221709),4,https://discord.com/channels/1538500688038994040/1543556316377645067/1552315978149531751
1581,Fearless Legends,ubed_0209,'1541139924328382555',kaif22005 (1364595663353937931) | None (1479011026740576358) | ubed_0209 (1541139924328382555) | zohairadeeb17_90611 (1224393341660041230),3,https://discord.com/channels/1538500688038994040/1543556316377645067/1552319186179723416
1583,Team Veltrix Esports,demo8716,'875638021960138753',erwin010507 (1494423593545633864) | demo8716 (875638021960138753) | manu_saipawar (1531733324366610548) | agnikroy6174_08504 (1521124270770618460),4,https://discord.com/channels/1538500688038994040/1543556316377645067/1552324922641096787
1584,Team Berserkers United,kalpitbrooo_87045,'1515975816968929290',ilmashraza (1326449501795254337) | yousuf_36 (1552309046982217809) | kalpitbrooo_87045 (1515975816968929290) | harshavardhan_01 (779650756051337226),4,https://discord.com/channels/1538500688038994040/1543556316377645067/1552331615261163570
1585,Team Rawesports,ayaan09978,'1552329670437896285',masteislive (1461071600232304816) | demo8716 (875638021960138753) | ayaan09978 (1552329670437896285) | sachin044288 (1526975645249175703),4,https://discord.com/channels/1538500688038994040/1543556316377645067/1552332327424757871
1586,Team Ether,akash008752,'1551598253219250297',akash008752 (1551598253219250297) | xvillainrs7 (518467478322544650) | txkillerr (525939477613510676) | delete4155 (1126027254439366676),4,https://discord.com/channels/1538500688038994040/1543556316377645067/1552342428055240795
1587,Team Redlord Esports,darkbeast0377,'743077889867644929',darkbeast0377 (743077889867644929) | boltbeast1234 (857100638805295114) | sakib032288 (1547622502724010004) | zanzoxorder (1296667205995462790),4,https://discord.com/channels/1538500688038994040/1543556316377645067/1552345760257802261
1588,Motion Blockers,esportsplayer01,'1475446872691708044',honeysaini8066 (879327564055842816) | abhi_1688_17609 (1404315094795554866) | esportsplayer01 (1475446872691708044) | eren__y3ager (1520661676972572709),4,https://discord.com/channels/1538500688038994040/1543556316377645067/1552369044496056322
1589,Team Xyz,bachu_0909,'1108609975720345650',krishnaji0482 (1543517437423648770) | bachu_0909 (1108609975720345650) | tonggamer. (1294363294521495627) | sanskarishubhh (1026578537261572247),4,https://discord.com/channels/1538500688038994040/1543556316377645067/1552378813130735698
1590,Alpha Galaxy Esports,alone_yt89,'771005968950624256',alone_yt89 (771005968950624256) | flyesportsx77 (1373712083841192137) | shadowmonarch0195 (1404882307394830571) | abdulrehan8518 (737961468254879767),4,https://discord.com/channels/1538500688038994040/1543556316377645067/1552401375311167569
1591,Team Goat8 Esports,mautkasaudagar0634,'1386963036555972773',kkkkk062037 (1433151459037548789) | dragzy6702 (1037923840166203453) | kaifshaikh0638_61148 (1546784240379760660) | mautkasaudagar0634 (1386963036555972773),4,https://discord.com/channels/1538500688038994040/1543556316377645067/1552465460606402633
1592,Kgods,anuj012484,'1245813092269686957',sumit_3432 (1422088759754625104) | rage2.04109 (1113695239664848929) | nova131328 (967280722450735164) | anuj012484 (1245813092269686957),4,https://discord.com/channels/1538500688038994040/1543556316377645067/1552509539696254977
1593,Team One8,one8xsnow,'1542399826652696619',one8xnaruto (1552519019171680296) | one8xylax03 (1342076817707896843) | one8xsnow (1542399826652696619) | sanyasi.18 (1450735652827172957),4,https://discord.com/channels/1538500688038994040/1543556316377645067/1552521979666636912
1594,Team Avs Esports,zoddgaming_,'1492563124400947470',sujeetking7779496 (992627183476551760) | zoddgaming_ (1492563124400947470) | sgmshivam_01 (1430856370810257438) | brutalgaming0044 (1492563287496462367),4,https://discord.com/channels/1538500688038994040/1543556316377645067/1552525186237210625
1595,Team Dz,karanveersingh08344,'1500409599369674783',kevinjagal._08145 (1501473463662153881) | yuvisandhu___80368 (1536955978925477979) | sukhjitsingh0341 (1538441485135912961) | karanveersingh08344 (1500409599369674783),4,https://discord.com/channels/1538500688038994040/1543556316377645067/1552528410922852413
1596,Team Tsk Esports,tumendra,'1273532088707977247',sahilkumre (1551122107772043387) | mangeshkurram (1551122175799332987) | satyasinhsolanki (1026167933434601543) | tumendra (1273532088707977247),4,https://discord.com/channels/1538500688038994040/1543556316377645067/1552534747442585662
1597,Team Og Squad Telugu,tejayadav45,'757804699742109756',unqsiddhu19_86018 (1544532811137024000) | arjun_yt5028 (879669872861282314) | eswar08 (1320985420518916139) | tejayadav45 (757804699742109756),4,https://discord.com/channels/1538500688038994040/1543556316377645067/1552535583375491083
1598,Team Tsm Skeleton,atharvtaware.,'1551432798911598615',samarth0016._71326 (1447867432814514186) | sushrat_ (1534442620720386180) | yashrajjarad (1516031664159985735) | atharvtaware. (1551432798911598615),4,https://discord.com/channels/1538500688038994040/1543556316377645067/1552538190668103683
1599,arpit026769's team,arpit026769,'1549759298404487200',arpit026769 (1549759298404487200) | sandeep058166 (1315641689133547601) | satyamlodu._77685 (1542387629117546568) | arpitrajak. (1535965701183897720),4,https://discord.com/channels/1538500688038994040/1543556316377645067/1552543873362952255
1600,Team Sungod,somojeet5291,'911583388752818237',sungod_leo (1449024062952308896) | sungod_dexter (1449032167995871253) | somojeet5291 (911583388752818237) | raptorxgaming._14736 (1169289761094127678),4,https://discord.com/channels/1538500688038994040/1543556316377645067/1552554956983115787
1601,ankit6060i's team,ankit6060i,'1125305329861791864',ankit6060i (1125305329861791864) | rajwaghmare7160 (848476411488501820) | narayan_62021 (1479380159735009453) | trfbucket (1548926957998309428),4,https://discord.com/channels/1538500688038994040/1543556316377645067/1552556432002646057
1602,Team Shikari Esports,yeti_op,'956530300064759808',yeti_op (956530300064759808) | akshatsharma00 (1497751031470096435) | krishnarajput1111 (1214407661198770197) | krishnaraghav2009 (705198744819204166),4,https://discord.com/channels/1538500688038994040/1543556316377645067/1552557286151688323
1603,ZERATH OFFICIALS,hunterlovespotato,'1533394411986358413',88009176617478 (926545663062335488) | hope_xt911 (654623098179420170) | hunterlovespotato (1533394411986358413) | noman04_ (1345401677695549510),4,https://discord.com/channels/1538500688038994040/1543556316377645067/1552571662438895657
1604,Team Captain Esports,princepandit0541,'1552542793405177932',aditya05077 (582124009223880704) | anurag030333 (1552262563943817281) | princepandit0541 (1552542793405177932) | kaifshaikh0638_61148 (1546784240379760660),4,https://discord.com/channels/1538500688038994040/1543556316377645067/1552572714923982879
1605,Team Remorseless,notshauryagamer.,'1028939643443482674',legendaryaj (981474561189109801) | notshauryagamer. (1028939643443482674) | abhishekrana01928 (1326776213158756354) | jokegaming1345 (865448687324102677),4,https://discord.com/channels/1538500688038994040/1543556316377645067/1552575374741733398
1606,Team Ston,maitra0127,'1522844941875937455',ayushya5204 (1283074019410837612) | prashanttherana7096 (1551955117127901237) | meetmali6218 (862921804535955479) | maitra0127 (1522844941875937455),4,https://discord.com/channels/1538500688038994040/1543556316377645067/1552584061564756011
1607,Team Dark Gods,finvision11,'1043395828875796500',detox0963 (1390364227126169842) | .degberlin.deg (874327645918208010) | shreyas_0856 (1285963930531008564) | finvision11 (1043395828875796500),4,https://discord.com/channels/1538500688038994040/1543556316377645067/1552589610897383467
1608,Team Oliver,megicwala01,'854734978948268032',megicwala01 (854734978948268032) | barbadi1 (904802445312544810) | ds_rajput_95 (1545870706057814139) | oliver_roma_56946 (1374052784994779218),4,https://discord.com/channels/1538500688038994040/1543556316377645067/1552590501985783819
1609,Team Brothers 7,hyperbeastop12131,'836270417316020236',ig_aizen_ (1298109936106209321) | elite_joker (564143475185156122) | hyperbeastop12131 (836270417316020236) | gokuuuu7777 (1217393239129063466),4,https://discord.com/channels/1538500688038994040/1543556316377645067/1552594235948011571
1610,Team Bigtron,None,'1527939319694626906',None (1527939319694626906) | rajwaghmare7160 (848476411488501820) | chetan085807 (1552555474640175205) | divyanshsoni0997 (1516320202823045262),3,https://discord.com/channels/1538500688038994040/1543556316377645067/1552603217815150613
1611,7 demon gaming,navirawat,'847913091945070642',shoaib7990 (790600008612708362) | adiii6798 (1096152463872098324) | 013077_ (1402182876396523540) | navirawat (847913091945070642),4,https://discord.com/channels/1538500688038994040/1543556316377645067/1552608091151794177
1612,Team Elite X Esports,yashvangurdesp,'1524065644197183630',rnviper2 (1525534234138120354) | kunal034312 (1546115247289409636) | yashvangurdesp (1524065644197183630) | tagxlechoco (1541470096063471687),4,https://discord.com/channels/1538500688038994040/1543556316377645067/1552611864125374515
1613,Erachanger Esports,6949270408,'1301148168528072735',anshsahu0848 (1497147622895386736) | harshsharma07676 (1320440195853713559) | ecxrehanxfrag (1396789457373495346) | 6949270408 (1301148168528072735),4,https://discord.com/channels/1538500688038994040/1543556316377645067/1552615530022830197
1614,Team Fury,godlxvoid,'1433326729149157436',shadab09282 (1542795775858319424) | pushpender1880 (1028267677002776656) | godlxvoid (1433326729149157436) | itz_goblin0p (1489173958841602069),4,https://discord.com/channels/1538500688038994040/1543556316377645067/1552618053328568365
1615,Team Wild Force,siddd2008,'1549059663537111049',vikas07398 (516300494592016384) | siddd2008 (1549059663537111049) | wfxom (1552624629644787828) | utkarsh0555_95708 (1191745362482974750),4,https://discord.com/channels/1538500688038994040/1543556316377645067/1552629240535588895
1616,Team Beyond Fear Esports,mehekparihekadheee,'1433457517479985353',bharijhaatu (1231080159642128449) | jaat0822 (859106354239897610) | mehekparihekadheee (1433457517479985353) | mitthudusty5768 (789103369674817537),4,https://discord.com/channels/1538500688038994040/1543556316377645067/1552629363134955601
1617,Team Ak Esports,rdxeurkayum,'1234562438234640466',akiraaniket (1048940029399027712) | rdxeurkayum (1234562438234640466) | rdx03360 (1552225470358233120) | yashborse0078 (1549776267316961330),4,https://discord.com/channels/1538500688038994040/1543556316377645067/1552639593982066750
1618,TEAM XTREME RAGERS,rupam04357,'1551724625631649793',rupam04357 (1551724625631649793) | zhyrx16 (1552659869687873570) | devil_op0580 (1402658815593283745) | leo07_x (1537781637239148556),4,https://discord.com/channels/1538500688038994040/1543556316377645067/1552663142977249301
1619,Team Jod,prabhupanjiyar,'1384477029205934152',ayushya5204 (1283074019410837612) | bharijhaatu (1231080159642128449) | leo07_x (1537781637239148556) | shiv03112009 (1526457291627302942),4,https://discord.com/channels/1538500688038994040/1543556316377645067/1552664245777207297
1620,Team Chaotic Esports,kundansahni,'1399989493280276609',kundansahni (1399989493280276609) | modasar0786 (1552660564604616756) | sekhhabib0786 (1552622068644712621) | farmanali0786 (1552622466726232135),4,https://discord.com/channels/1538500688038994040/1543556316377645067/1552668747888721981
1621,TPG ESPORTS,hemantmeena008_85275,'1517383153474601073',hemantmeena008_85275 (1517383153474601073) | pavanliveyt (1551861883265355788) | deathwrath0164 (1551081279305425006) | tphapexxsumit (1548613027614564444),4,https://discord.com/channels/1538500688038994040/1543556316377645067/1552669429215535216
1622,Team Star Esports,staresports0221,'1542085268251607062',raghav083424 (1493107794750996582) | itachi1830 (850583562775560214) | staresports0221 (1542085268251607062) | kakashi030416 (1462691290536743159),4,https://discord.com/channels/1538500688038994040/1543556316377645067/1552685400936685628
1623,Team Anujjj,karandhiman001,'1197858203522830356',krn0686_91563 (1546947061172281369) | aoxanuj_66916 (1214452264408715306) | karandhiman001 (1197858203522830356) | sagarsingh0276 (1350600127458578516),4,https://discord.com/channels/1538500688038994040/1543556316377645067/1552685409874612348
1624,Daku Dekate,luckygamer94_71776,'1195984781490540584',luckygamer94_71776 (1195984781490540584) | luckygamer9911 (1379410315049177160) | mrklegend__64416 (1544923223882203237) | happyplayzzzyt (1552699062396915782),4,https://discord.com/channels/1538500688038994040/1543556316377645067/1552700735332941967
1625,Tean F4乇,jeevanbmaganur,'855389023409143830',devileo_ (1551936757233229928) | analystskyhuu_25474 (1326256774549868608) | xityash (909327530559954964) | jeevanbmaganur (855389023409143830),4,https://discord.com/channels/1538500688038994040/1543556316377645067/1552727816984993853
1626,shivam2100919's team,shivam2100919,'1451110337482068130',raajsthaanii (1550188503348813936) | ankit093032 (1550395585515888702) | shivam2100919 (1451110337482068130) | kara9717 (1459614242750730414),4,https://discord.com/channels/1538500688038994040/1543556316377645067/1552746783531081819
1627,Team Omega Elites,vivaanbhatkunde_29593,'1411026726263328818',aaronnadar (1541056258205814857) | vivaanbhatkunde_29593 (1411026726263328818) | ritik0953_14645 (1184069842253381643) | reozayt (1052610064772497518),4,https://discord.com/channels/1538500688038994040/1543556316377645067/1552749430116057150
1629,8099akash's team,8099akash,'1527988604335292436',8099akash (1527988604335292436) | shadow_._01 (1307628565826768997) | rex859045 (1519302724699684926) | abhi1961 (853565593840123926),4,https://discord.com/channels/1538500688038994040/1543556316377645067/1552860434653253747
1630,Revenge champion,ashokraj0902,'1542825329939185677',vijendersaini4723 (1411237589209317450) | akash_mike75 (1544172862477312020) | ashokraj0902 (1542825329939185677) | camratos_83564 (1162278492021461013),4,https://discord.com/channels/1538500688038994040/1543556316377645067/1552874961893462107
1631,Team Lagecy Hunters,jassirai_9024,'1425705578285633626',jassirai_9024 (1425705578285633626) | tozenx_12 (1295301885950955573) | jdgaming0815 (1541487274351394870) | mohdahad0847 (1417221316611936357),4,https://discord.com/channels/1538500688038994040/1543556316377645067/1552886740291813467
1632,THE REAL NEMESIS ESPORTS,blueffy0205,'1505519553046773811',blueffy0205 (1505519553046773811) | shekar04272 (1545301983941103731) | v1motion (1031497956978872341) | abhi1961 (853565593840123926),4,https://discord.com/channels/1538500688038994040/1543556316377645067/1552893200773943378
1633,Team Darinday,dnadeepak6918,'846328410665254943',justink95959 (891256863017033728) | alwin1902 (777129909621358613) | yashxalxo (1504321257049555014) | dnadeepak6918 (846328410665254943),4,https://discord.com/channels/1538500688038994040/1543556316377645067/1552913515470266421
1635,Team 777 Esports,god_naj,'1157578118563901461',luzzygaming7344 (914564006998601728) | raz097968 (886543183666884649) | adarsh058354 (663370253916438557) | god_naj (1157578118563901461),4,https://discord.com/channels/1538500688038994040/1543556316377645067/1552925623029334118
1636,Team Warlord Esport,team_owner,'1527704565431013436',vishal_2907 (851483928443093032) | shivansh01015 (1550059998803918929) | team_owner (1527704565431013436) | mehulbharpoda (1506221863657799801),4,https://discord.com/channels/1538500688038994040/1543556316377645067/1552937696635387986
1637,Team Planktoss,ghost_fh_,'1484177836251283568',ghost_fh_ (1484177836251283568) | _.spideyyy. (868342785001029712) | abhishekkumar0779 (1279508422039044168) | kennyyyyyy_. (909086589530034187),4,https://discord.com/channels/1538500688038994040/1543556316377645067/1552964719566921761
1638,Team Shadow Reapers,prash_eldorado,'1473993351048200329',prash_eldorado (1473993351048200329) | player_3345 (1552915155816292474) | hacker063086 (1459572605836333211) | ig_shadow0631 (1551680242760945725),4,https://discord.com/channels/1538500688038994040/1543556316377645067/1552967486964637739
1639,K29 Karnataka,etxsparkylive,'1469237143850455040',etxsparkylive (1469237143850455040) | vk180847 (1536996667495161977) | sitrex_8 (702122244440064011) | m2a3n1u7 (1220224874040004718),4,https://discord.com/channels/1538500688038994040/1543556316377645067/1552973396021616653
1640,Simpsons Esports,dis_rusher,'952507589772582922',noszeus (739314036583170120) | dis_rusher (952507589772582922) | swaraj070397 (1549627331780280395) | cypher_aby (848907386252689438),4,https://discord.com/channels/1538500688038994040/1543556316377645067/1552981201877475389
1641,Lethal Shadow,only1tap2188,'913166911011946507',playful_chipmunk_45028 (1521404063600607234) | only1tap2188 (913166911011946507) | amaan7608 (764513403245953044) | sexa0954 (1552982508675670158),4,https://discord.com/channels/1538500688038994040/1543556316377645067/1552984999395856385
1642,Team Falcon Esport,roshan.is.live,'1254112163677868147',sunny039996 (1539612623044087913) | rupesh_16__25108 (1467415584491966687) | roshan.is.live (1254112163677868147) | vivekkumar420 (1322843778356351031),4,https://discord.com/channels/1538500688038994040/1543556316377645067/1552994159135170663
1643,Team Max,spidey08926,'1517544299208638594',sham07240 (1520418599771308048) | spidey08926 (1517544299208638594) | dis_rusher (952507589772582922) | ryanfushiguro. (1547653072463863900),4,https://discord.com/channels/1538500688038994040/1543556316377645067/1553010241879412787
1645,Team Nitrogen,aaaaaaa000320,'1458444128034754745',aaaaaaa000320 (1458444128034754745) | warxmsd7 (1387130968762224905) | prashanttherana7096 (1551955117127901237) | tecnopova270_68609 (1301069287464636478),4,https://discord.com/channels/1538500688038994040/1543556316377645067/1553014223746109441
1646,ig_dhulsh03's team,ig_dhulsh03,'1404838756875239564',arvind_11475 (1544378734478491770) | ig_dhulsh03 (1404838756875239564) | tagsonuytx_31184 (1542463913113944230) | arvindmeena0272 (1430915097722621982),4,https://discord.com/channels/1538500688038994040/1543556316377645067/1553014235834097665
1647,Team Perfectshot,4ayur,'954920457113583717',tencho6972 (821257948738355241) | tanish42008 (1518198433708638290) | 4ayur (954920457113583717) | newplayer03815 (1530203668366888990),4,https://discord.com/channels/1538500688038994040/1543556316377645067/1553014513714987040
1648,Team Eclipse,junaid011003,'1494056738545209386',sunnysnehi (1547501399762542617) | junaid011003 (1494056738545209386) | None (1547496194257981556) | brbxakash (1547505656750149665),3,https://discord.com/channels/1538500688038994040/1543556316377645067/1553014631071621223
1649,Unity Esports,jassukapapa,'1170718562453827616',jassukapapa (1170718562453827616) | naveen.jangid26 (1432730440237842473) | kakaop0222 (1257568617940123738) | ashu03067 (1458353933402767412),4,https://discord.com/channels/1538500688038994040/1543556316377645067/1553014975172186123
1650,Team Ncr Esports,vivek01884,'1364864956134064129',vivek01884 (1364864956134064129) | aryan091307 (1549445035961880788) | arjun041915 (1524711095627944137) | aman055610 (1271033300814663743),4,https://discord.com/channels/1538500688038994040/1543556316377645067/1553016063657250941
1652,9865319872's team,9865319872,'1526290757613518868',papuboro. (1504371660579405904) | swapnil__2003 (1436671355557904465) | dhumraj_gaming (1449247611801567363) | 9865319872 (1526290757613518868),4,https://discord.com/channels/1538500688038994040/1543556316377645067/1553021662738251887
1653,ajju2021.'s team,ajju2021.,'1539957039399313449',ajju2021. (1539957039399313449) | sg78.go_ut (1385854517664288812) | iqooneo9pro0803 (1395982585661755494) | tagxlechoco (1541470096063471687),4,https://discord.com/channels/1538500688038994040/1543556316377645067/1553021865138851861
1654,Team Hell Knights,mayank.og.,'1499982482911527062',vaibhav84873 (1422975713601912832) | bajpai.12 (1545655217884766278) | ultron0090_ (1486956436171788308) | mayank.og. (1499982482911527062),4,https://discord.com/channels/1538500688038994040/1543556316377645067/1553022468900524094
1655,Team Pahadi,iam_pahadi,'1552503105676124180',me_jake96 (1548594900508082200) | iam_pahadi (1552503105676124180) | rawatji0372 (1553014790757027934) | vivekr_wt (1553019005013336087),4,https://discord.com/channels/1538500688038994040/1543556316377645067/1553023158838362183
1656,_,goldesports_,'1551921864270413856',goldesports_ (1551921864270413856) | goldroger01033 (1551940948903071866) | arbaaz0804 (1553016168787214340) | goldkhan. (1551943676811411550),4,https://discord.com/channels/1538500688038994040/1543556316377645067/1553023472278577266
1658,Team Avelor Esports,amar080830,'1240628230998986776',amar080830 (1240628230998986776) | avelor0942 (1553023141431877737) | harsh083218 (1468562337601687650) | team_god1 (1426568611778269295),4,https://discord.com/channels/1538500688038994040/1543556316377645067/1553024572075409409
1659,Team Clash Esports,sambitbeura.,'1393824982072823860',b27gaming_72774 (1316605555292508224) | ashirbad07. (1553014413290635285) | sambitbeura. (1393824982072823860) | kunal_2133 (834400643925409812),4,https://discord.com/channels/1538500688038994040/1543556316377645067/1553030585222701156
1660,dhyey05497's team,dhyey05497,'1483753658410733700',yaima0536 (1544131515829583963) | dhyey05497 (1483753658410733700) | dhairya00480 (1484567228996391053) | jack_03.05.98 (1536742252943118406),4,https://discord.com/channels/1538500688038994040/1543556316377645067/1553038814274912280
1661,69xoxy_55306's team,69xoxy_55306,'1170673083061915730',c6d5merchant_16411 (1469951210625957959) | nomusxkhomda (1547159577718431791) | 69xoxy_55306 (1170673083061915730) | cheerful_cheetah_89712 (1545073495447445556) | whos._sxn (1490039338094821431),5,https://discord.com/channels/1538500688038994040/1543556316377645067/1553042199170785373
1662,Team Hr02,celtos6671,'1049882499582537778',samar09212 (1258675452080422982) | celtos6671 (1049882499582537778) | abhishek_075 (1552560173439258711) | vibegaming11 (989098030064078908) | godlikky (1203328824591392798),5,https://discord.com/channels/1538500688038994040/1543556316377645067/1553080970582695959
1663,Team T4T,megmamonk,'1259749254315118613',sameersawant (1137326637231390761) | sayam__30 (1543875237748154460) | megmamonk (1259749254315118613) | akku060.8 (1549636828456554606),4,https://discord.com/channels/1538500688038994040/1543556316377645067/1553084631736131626
1664,Team The Smokers,bengalxs0s,'853515337605971988',jackjio (816330877059596328) | sudyes_75 (1279488175210762345) | athex0508 (1553099868338130959) | bengalxs0s (853515337605971988) | sparkz.ggs (1542880059138904119),5,https://discord.com/channels/1538500688038994040/1543556316377645067/1553101804646965340
1665,Team 7Stars Esports,aryann0701,'1507399628037947573',uditmandloi03 (1535205937277571105) | chetan085807 (1552555474640175205) | parthgurjar0873 (1552619102387048550) | aryann0701 (1507399628037947573),4,https://discord.com/channels/1538500688038994040/1543556316377645067/1553112111125758064
1666,Team A Lost Target,meclutch,'1031223353593303171',test_account_1. (1016060761468059649) | 1nonlyhamdan (1515391204211294282) | meclutch (1031223353593303171) | clutch7307 (1059184777523105892),4,https://discord.com/channels/1538500688038994040/1543556316377645067/1553131152770998433
1667,Team 4Smx Esports,anantsingh3311,'732851827439173652',ayush_halkati (1450165086021877913) | parth_132010 (1391245753254543421) | anantsingh3311 (732851827439173652) | cryboiii07 (839800887392075797),4,https://discord.com/channels/1538500688038994040/1543556316377645067/1553177141380653057
1668,Mythic Esports,divyanshu08906,'1450457121459142703',02_sameer_02 (1503259430437912656) | divyanshu01528 (1530187588135026869) | raj061556 (1474342777360879782) | divyanshu08906 (1450457121459142703),4,https://discord.com/channels/1538500688038994040/1543556316377645067/1553264197956272239
1669,Team Alpha Warriors,reezo4290,'693685630516854804',ig_vansh_gaming (1531660658259529809) | suryansh0186 (1548197484243980298) | reezo4290 (693685630516854804) | dhruvgurjar0427 (1482402099085181061),4,https://discord.com/channels/1538500688038994040/1543556316377645067/1553268604915552359
1670,Team Negative,powerful_beetle_25947,'1278253219948265566',rusher0500_89207 (1549304843091320832) | rahul68411 (1389809214179905577) | powerful_beetle_25947 (1278253219948265566) | suyashplayzz (1303632864947998743),4,https://discord.com/channels/1538500688038994040/1543556316377645067/1553299780011167835
1671,The Lost Child,shaikhqamar0697,'1542822000727302144',shaikhqamar0697 (1542822000727302144) | naresh0659 (1542756280643625000) | meclutch (1031223353593303171) | reezo4290 (693685630516854804),4,https://discord.com/channels/1538500688038994040/1543556316377645067/1553304000852398095
1672,Team Xtro,og01148,'1510286296311005375',aman048027 (1529491506262573096) | anmol2008123 (1322257377499545673) | xtro_munna (1552404321302224917) | og01148 (1510286296311005375),4,https://discord.com/channels/1538500688038994040/1543556316377645067/1553325178799521853
1673,Team Excommunicado,sadikshaikh0092,'1520320020503199818',shaikhqamar0697 (1542822000727302144) | sadikshaikh0092 (1520320020503199818) | captivating_starfish_35040 (1522477123150024840) | divyanshu08906 (1450457121459142703),4,https://discord.com/channels/1538500688038994040/1543556316377645067/1553328223176097834
1674,Team Vertinity Titans Xtrea...,faith106009,'1546804982093713461',maxplzz_47486 (1478255522976104602) | faith106009 (1546804982093713461) | assaulterxabidd (1549695263197757470) | og01148 (1510286296311005375),4,https://discord.com/channels/1538500688038994040/1543556316377645067/1553328609987661938
1675,BOLT eSports,luxx.jod,'802028342307717170',luxx.28_73809 (1521045486667304992) | luxx.jod (802028342307717170) | its_.abhii77 (893318828774273127) | roronoaxzoro0085 (1250753088999133240),4,https://discord.com/channels/1538500688038994040/1543556316377645067/1553330382399606796
1676,Team Legacy,hunter08902,'446401510394298398',editbybittu9 (1504433103773630576) | sageislive (1438451448898781266) | legacyplayzz_ (1310123286276997220) | hunter08902 (446401510394298398),4,https://discord.com/channels/1538500688038994040/1543556316377645067/1553331448994603090
1677,Team Iaf Fighters,shersingh0274,'1539880245853683784',shersingh0274 (1539880245853683784) | anoop0984_83871 (1539882202999947314) | seekslums (1012969943643463690) | rvijay0936 (1538632617786744933),4,https://discord.com/channels/1538500688038994040/1543556316377645067/1553332733625896962
1678,Team 4Man,premsharma0103,'1552257716527964261',prem270511 (1343646687914360944) | 4manx24 (1441386443015721073) | 4manxjonny (1345446711937597531) | premsharma0103 (1552257716527964261),4,https://discord.com/channels/1538500688038994040/1543556316377645067/1553335054049087529
1679,Team Alqaida,hamzapro0300,'1399685887205572679',im_vex44 (1549026829237624832) | tdrspryzen (1141306035643105341) | xgod_28 (1365343064331255870) | hamzapro0300 (1399685887205572679),4,https://discord.com/channels/1538500688038994040/1543556316377645067/1553358707876700221
1680,sahil096827's team,sahil096827,'1477325788213936302',piyush0.01 (1477346431173136505) | slayerx78yt (748701749295972362) | sahil096827 (1477325788213936302) | bunnywasnub (761805707539382302),4,https://discord.com/channels/1538500688038994040/1543556316377645067/1553359423282618429
1682,Team Zenkai 7 Esports,hsdatric,'1500829536647123085',dearxtom (982890707922616331) | waqarahmad0132 (1550043923760676866) | sultan.__.bhai_06 (1550547326828019722) | hsdatric (1500829536647123085),4,https://discord.com/channels/1538500688038994040/1543556316377645067/1553360805267767297
1683,Team Reign Empire,abhay_65x,'1395393218367193148',iflicksesport (1345267118094028832) | aizen252569 (1255384042388590603) | abhay_65x (1395393218367193148) | rivo03618 (1464126422070333694),4,https://discord.com/channels/1538500688038994040/1543556316377645067/1553368811305177110
1684,Team Zesty Falcons,athex.i.,'1545476550651019369',athex.i. (1545476550651019369) | coolboy991459 (818264326174539786) | jimbeang_49443 (1535275185144471603) | igkryzen (1451950061016842301),4,https://discord.com/channels/1538500688038994040/1543556316377645067/1553374959483617341
1686,Team Evolution,aditya06178,'574133503139119116',95966424608528 (892939572697239553) | aaditya04154 (1480105321610612746) | kai_01520 (1426516666384121907) | aditya06178 (574133503139119116),4,https://discord.com/channels/1538500688038994040/1543556316377645067/1553379231520522421
1688,ansharrow's team,ansharrow,'1301882432274042896',ansharrow (1301882432274042896) | __me_levi (1415288435811287063) | zero054794 (1477542376603123854) | madhav09971 (1533418879651549207),4,https://discord.com/channels/1538500688038994040/1543556316377645067/1553381974251405413
1689,Team Plasma,devsingh2424,'1488155053335384127',sohammnayak (1244709705532706898) | devilplayzyt21 (1191258767665414147) | travxtmax (871999783311646742) | devsingh2424 (1488155053335384127),4,https://discord.com/channels/1538500688038994040/1543556316377645067/1553384815783575653
1690,Panther Esports,ommanza98,'1551819718720225391',rohit030117 (1553366291232850032) | whs.shashi (1553361198957854733) | darkmafia0705_65632 (1551819818385018902) | ommanza98 (1551819718720225391),4,https://discord.com/channels/1538500688038994040/1543556316377645067/1553388875836166230
1691,Orthus Esports,orthxnagpal,'703888227609739314',liy0808 (1540990728103002185) | orthxnagpal (703888227609739314) | ryomenxsukunax (1541781230360465555) | _arc_pluto_ (1418153060789784596),4,https://discord.com/channels/1538500688038994040/1543556316377645067/1553392885817409578
1692,777 Esports,aimvortex0374,'1550904407590440960',aimvortex0374 (1550904407590440960) | liy0808 (1540990728103002185) | kaustubh3559 (1131916080458244099) | viraj053019 (1548396354181529740),4,https://discord.com/channels/1538500688038994040/1543556316377645067/1553393306971668563
1693,Team 7DS Rusher,kartiloss.,'1501950047032574052',sandeepkuril09 (1501950122584707182) | sun91372 (1252246408011059235) | kartiloss. (1501950047032574052) | rohan045629 (1271872761580752958),4,https://discord.com/channels/1538500688038994040/1543556316377645067/1553395804692156567
1694,Team Blaze,inventory0106,'1521458807094513765',demongaming0648 (1525778148955000856) | vanshukharra_42082 (1525580955627159673) | gauravkh. (1110129987098517556) | inventory0106 (1521458807094513765),4,https://discord.com/channels/1538500688038994040/1543556316377645067/1553396544915374192
1695,Team Final Destination,laalhailaal,'867608532802863104',laalhailaal (867608532802863104) | mamtasharma3408 (719512792008359957) | harshparmar5948 (875344368104525844) | jatt016_29921 (1452624601971687576),4,https://discord.com/channels/1538500688038994040/1543556316377645067/1553400555483955323
1696,Team Titan Root,abhiplays0675,'1543891137516015636',siddharthkumarsingh0202_14305 (1426084317393719417) | 073828_ (1221297088705593460) | abhiplays0675 (1543891137516015636) | afroz.kiwi (1320750246736953375),4,https://discord.com/channels/1538500688038994040/1543556316377645067/1553413317148680285
1697,Team Gamex Esports,tgetitan,'1551629270080688239',crowlot. (1279489508173152279) | sparsh_saini12 (1487705353641787423) | eshaan.xx (1503782765190058038) | tgetitan (1551629270080688239),4,https://discord.com/channels/1538500688038994040/1543556316377645067/1553417146778783796
1698,Team Dnx,droneaditya,'1078327901272944680',droneaditya (1078327901272944680) | sralemn (1539214115518816329) | suryanshsharma1809 (1538784114793128028) | adarshsrivastava9520 (680649399789158414),4,https://discord.com/channels/1538500688038994040/1543556316377645067/1553428868818280519
1699,Team Ftg Esports,armster2930,'922015712099303465',armster2930 (922015712099303465) | amansingh7979 (1248862252371804243) | sagar134 (1034431839475077221) | dx_ftg (1520465721166008566),4,https://discord.com/channels/1538500688038994040/1543556316377645067/1553431935139848276
1700,Team Deadshot Line Esports,dipanshu08021,'1492892401101181128',dipanshu08021 (1492892401101181128) | jackdaw0378 (1368935335031078922) | mythic_walk_0817 (1501463155182665788) | mindurety (1400113786156875877),4,https://discord.com/channels/1538500688038994040/1543556316377645067/1553440377791455335
1701,Glorious Gods Esports,so_problematic_to_you,'1548951894322319390',ggxchief_85381 (1549076178801926176) | ggxfury07 (1552610434153054308) | chitranshsiuu (1392452761571954808) | so_problematic_to_you (1548951894322319390),4,https://discord.com/channels/1538500688038994040/1543556316377645067/1553470515396481115
1702,Team Tr Esports,mayuryasho,'1519974350390824992',mayuryasho (1519974350390824992) | yashh_ssj (1259662932900450395) | vaibhav021521 (1517528036277489763) | arya_208 (1502576864831737918),4,https://discord.com/channels/1538500688038994040/1543556316377645067/1553509267280232740
1703,Orion Blitz Esports,ranajit1688,'1012759697176133764',venom123k. (1525019916481200171) | ranajit1688 (1012759697176133764) | vikramjeetsingh0413 (1545104896972562438) | dok000786 (1479136995203743775),4,https://discord.com/channels/1538500688038994040/1543556316377645067/1553517323695161375
1704,Team Unbeated Esports,vickey7715,'1055193402519584779',vickey7715 (1055193402519584779) | mr.rishu2993 (1130249018761564180) | ajaysingh0761 (1166594500332888157) | dynamic08698 (1548532950147010582),4,https://discord.com/channels/1538500688038994040/1543556316377645067/1553586929487052902
1705,Team Vortex,sukunaaa0087,'1551903733435080746',evil086046 (1553517765296390224) | sukunaaa0087 (1551903733435080746) | sudhanshukumar0378 (1551940026445725739) | ig_faizu (1508400485881876502),4,https://discord.com/channels/1538500688038994040/1543556316377645067/1553610316657721388
1706,Team Rudra Esports,ninjaworrior,'946038838852202546',ninjaworrior (946038838852202546) | naughtybgs (1367797643043930164) | adityakasture. (1550055265708286042) | saiyaanjii. (1553566429779992606),4,https://discord.com/channels/1538500688038994040/1543556316377645067/1553632854565584918
1707,ɴᴇᴠᴇʀ ꜰᴇᴀʀꜱ ᴇꜱᴘᴏʀᴛꜱ,luffy_d_nigga.,'1420622996326060032',luffy_d_nigga. (1420622996326060032) | rehankhatri0684 (1314082792212009000) | garafromhell (1552244139691610155) | ayush081626 (1514242460279242812),4,https://discord.com/channels/1538500688038994040/1543556316377645067/1553640869964288053
1708,Team Cosmic Titans,hashirama2477,'1499617778389221403',goutammallick (1372959644523303024) | foxgaming0365_50014 (1235806155549311090) | hashirama2477 (1499617778389221403) | _surya_x99 (1426220678037639190),4,https://discord.com/channels/1538500688038994040/1543556316377645067/1553643358000390155
1709,Team Dark Gods,shreyas_0856,'1285963930531008564',detox0963 (1390364227126169842) | .degberlin.deg (874327645918208010) | shreyas_0856 (1285963930531008564) | finvision11 (1043395828875796500),4,https://discord.com/channels/1538500688038994040/1543556316377645067/1553653938371297484
1710,Team 4Mdx  Imperials,4mdximperials,'1546266445497892866',adya.23 (1548265102954733738) | cooluser555244834046202 (1541788358626386025) | 4mdximperials (1546266445497892866) | proxaryan13 (1546030171784486980),4,https://discord.com/channels/1538500688038994040/1543556316377645067/1553656295100518461
1711,Team Nova Rises One,novaplayz0640,'1549473814835105802',dcxrsg (1442505239478665368) | novaplayz0640 (1549473814835105802) | pixel_gamez._71322 (1549487263925272726) | manohar09463 (1514295114657431706),4,https://discord.com/channels/1538500688038994040/1543556316377645067/1553656390294446082
1712,Team Entity,abhi7129,'1167654753195528222',varunn.51 (1548232713243332699) | aman018979 (1547967414602301532) | deadskull0532_54746 (1278337964530864229) | abhi7129 (1167654753195528222),4,https://discord.com/channels/1538500688038994040/1543556316377645067/1553656782063407236
1713,Team Apex Gaming,manohar09463,'1514295114657431706',_deadshot16 (1533823416300474561) | manohar09463 (1514295114657431706) | godlspyroyt (1427672878442352765) | ranveer6782 (979342942479196230),4,https://discord.com/channels/1538500688038994040/1543556316377645067/1553658083203489813
1714,Team No Limits,krisg0874_56764,'1516382698547974188',7xlevii (1542063711274143816) | krish003338 (1388573098487582730) | krisg0874_56764 (1516382698547974188) | tejas04467 (1413884160946212895),4,https://discord.com/channels/1538500688038994040/1543556316377645067/1553659556305829891
1716,Team Xero,loobype_49101,'1532238507148447845',xerosk21 (538767852941869068) | techy_samya (1249233249507610724) | loobype_49101 (1532238507148447845) | jaco_1099 (1528272331838062695),4,https://discord.com/channels/1538500688038994040/1543556316377645067/1553660041293201501
1717,Team Evils,nyroo777,'1402939594822914149',manthan09194 (1271772015187066971) | nyroo777 (1402939594822914149) | shukran7217 (820627427197321286) | parkk.__ (1235615749205262407),4,https://discord.com/channels/1538500688038994040/1543556316377645067/1553661656503025739
1718,Team 4 Knight,guri073375,'1495687990780104814',skyzzop. (1400366541601636433) | anmol2008123 (1322257377499545673) | spyker55661 (1516065346472251606) | guri073375 (1495687990780104814),4,https://discord.com/channels/1538500688038994040/1543556316377645067/1553664998176464917
1719,Team Ravage X Esport,ashuu333,'1508895251635638324',kapil06907 (1423732888137891984) | aditya1099 (1027135511447482378) | ashuu333 (1508895251635638324) | amrit09087 (1553666789504716814),4,https://discord.com/channels/1538500688038994040/1543556316377645067/1553669051073437809
1720,Team Syntax,real.tameel,'1435124549531336788',synaura1 (1539624486029107340) | 4dseren (1433733811216056354) | real.tameel (1435124549531336788) | harmonious_chipmunk_86383 (1433735976206991412),4,https://discord.com/channels/1538500688038994040/1543556316377645067/1553669356548923455
1721,Team Pro Official,mystichardik001,'1552616977535606896',mystichardik001 (1552616977535606896) | who.luckyyy01 (1551108449587302411) | proxaryan13 (1546030171784486980) | thecookingyash (1125571535223132260),4,https://discord.com/channels/1538500688038994040/1543556316377645067/1553669928697987122
1722,Team Dark Phoenix,mwgdevansh,'1231214672187756567',hiteshgamers. (1348597313936953384) | godxarshaan (1544600959403958313) | extremerider5617 (1051520444550893700) | mwgdevansh (1231214672187756567),4,https://discord.com/channels/1538500688038994040/1543556316377645067/1553674122591207445
1723,Team Velqora Espor,taliphurrehman,'1531668838968463441',salkasranee (1441036141087297576) | taliphurrehman (1531668838968463441) | aizen03122 (1547983744814809098) | azam00960 (1540418972577570917),4,https://discord.com/channels/1538500688038994040/1543556316377645067/1553684843286503455
1724,Team Heavenly Flames,ujjwal0123,'1167140500982218802',ujjwal0123 (1167140500982218802) | crouchlin (1430898221831422003) | rohit45__ (1267566533777948878) | aaron2158g (1460967684148564167),4,https://discord.com/channels/1538500688038994040/1543556316377645067/1553690626611093505
1725,Team Deltax Esport,iglshibu,'1493097025871417525',mystichardik001 (1552616977535606896) | tdexyagami (1553690704172290066) | iglshibu (1493097025871417525) | krishnarajput8218 (1327940344926437399),4,https://discord.com/channels/1538500688038994040/1543556316377645067/1553693029175394378
1726,Team Thunder Hawk Esports,arxhexor_33673,'1464119833716195412',nikhil698430 (607518197729460224) | shuvaem. (1228216061388914754) | n1_mercy (1316053905779589244) | arxhexor_33673 (1464119833716195412),4,https://discord.com/channels/1538500688038994040/1543556316377645067/1553696941303402578
1727,Team Wild Tiger Rangers,vikash_2437,'1432692235937386577',akashvc (1486237229859995720) | vikash_2437 (1432692235937386577) | pain059448 (1396139925329674340) | sohilshaikh0647 (1466070616682795069),4,https://discord.com/channels/1538500688038994040/1543556316377645067/1553715575149301771
1728,Team Vyrox,prince_1023_29919,'1545348053639233566',prince_1023_29919 (1545348053639233566) | igrohu. (1553305047499280396) | vrxhardik_08589 (1548662057778417766) | pixelplaypal_39661 (1198268730141048903),4,https://discord.com/channels/1538500688038994040/1543556316377645067/1553716491789279304
1729,Team Hypers,razwan4363,'1124938704960626718',antrikshnegi9861 (758188156725755925) | antrikshmahotra (1552749748732035173) | razwan4363 (1124938704960626718) | amrit09087 (1553666789504716814),4,https://discord.com/channels/1538500688038994040/1543556316377645067/1553717011421335665
1730,Team Wild Warrior,vanshsood4,'1374234386152816774',harmonious_hamster_95844 (1531676161736839222) | minemaster0735 (1286239301163810868) | vanshsood4 (1374234386152816774) | bubbly_seahorse_30429 (1518641811084804135),4,https://discord.com/channels/1538500688038994040/1543556316377645067/1553732991300145235
1731,Grim Gaze,shubhamuafav1728,'937612143967223818',supreet0583 (1485652095330942976) | shubhamuafav1728 (937612143967223818) | abhishekchandel0642 (1496799457453408347) | shiluyadav (1553756069501608074),4,https://discord.com/channels/1538500688038994040/1543556316377645067/1553758159779401749
1732,Team Mystic Hands,khadang_,'842052651100536862',clabzz (1180921337926135880) | sekpi_ (1503058959949627465) | aalaw0180 (1551581127020380291) | khadang_ (842052651100536862),4,https://discord.com/channels/1538500688038994040/1543556316377645067/1553760390372921457
1733,aahan2013's team,aahan2013,'1439187475602870326',aininja0834 (1056305052115017849) | sauravnitore123 (1427281399433662514) | tiwari_hu (1511006605725007882) | khadang_ (842052651100536862),4,https://discord.com/channels/1538500688038994040/1543556316377645067/1553762321631809598
1734,Team Av7,priyanshu00162,'1345043731325386762',priyanshu060669 (1539637921693438003) | priyanshu00162 (1345043731325386762) | av7rishi (1553737482317598731) | av7shivam (1553754130441445426),4,https://discord.com/channels/1538500688038994040/1543556316377645067/1553768747146285087
1735,Team All Mighty,hariomsaini7878_21278,'1285180987193688084',priyanshu00162 (1345043731325386762) | f1exiii (1451855256479862794) | hariomsaini7878_21278 (1285180987193688084) | _sumit26 (1490361271487430686),4,https://discord.com/channels/1538500688038994040/1543556316377645067/1553770624407576668
1736,Team Zeromercy,zeroaaravig,'1482684882760110203',zeroxcrime (1040316998992797776) | devanshgoel0377_62093 (1390617225899282483) | zeroaaravig (1482684882760110203) | hariomsaini7878_21278 (1285180987193688084),4,https://discord.com/channels/1538500688038994040/1543556316377645067/1553772826115309639
1737,Team Paglu,nimarr009,'1544050704069558293',ash009e (1544689482777755721) | farkspexe (630773209439928351) | nimarr009 (1544050704069558293) | arjan06180 (1544679843931881495),4,https://discord.com/channels/1538500688038994040/1543556316377645067/1553776728990818366
1738,Team Unfazed,freakytuf,'864500321640644609',freakytuf (864500321640644609) | triggu6446 (763067911773487124) | tusharjodd (1549357842954326077) | tufxlovey (1550038064234102807),4,https://discord.com/channels/1538500688038994040/1543556316377645067/1553791242654056561
1739,Team Offx,dhyanu3273,'883188134530154538',satyam046475 (1528070848370577480) | dhyanu3273 (883188134530154538) | sultan.__.bhai_06 (1550547326828019722) | not_shahid_xd_86667 (1181573084948467775),4,https://discord.com/channels/1538500688038994040/1543556316377645067/1553796915412598847
1740,Team Tdf,umeshkumar09325,'1409057030450319393',rahul032198 (1486263964890566768) | umeshkumar09325 (1409057030450319393) | bhanu_b05 (1551075947334340791) | ayush6795 (1120943256608440391),4,https://discord.com/channels/1538500688038994040/1543556316377645067/1553811469328715797
1741,Team Apex Reapers,vihaansharma0428,'1519626326997209201',vihaansharma0428 (1519626326997209201) | gradff (760173618339512410) | densergamerz (692786767090417755) | lala_9890 (1364539952431497286),4,https://discord.com/channels/1538500688038994040/1543556316377645067/1553813432682152130
1742,Team Matrix Voidx,teammatrixviodx,'1445028139305533491',ig_selzord (1160523490844229734) | teammatrixviodx (1445028139305533491) | teamunstoppable_01 (1465313904384282685) | aarav01841 (1459078223785758758),4,https://discord.com/channels/1538500688038994040/1543556316377645067/1553822625208205343
1744,Team Wraithx,simon.riley.ig,'748070150342967326',sahilsayko12yt (1064819608722350091) | phanthom02 (1398112651766136932) | ig_shady_plays (1491373546885349437) | simon.riley.ig (748070150342967326),4,https://discord.com/channels/1538500688038994040/1543556316377645067/1553837008030539928
1745,Team 4Knockout Esport,temegatron,'1014572819989934091',temegatron (1014572819989934091) | puskar0149 (1547273564384923683) | noonee0203 (1553867998924771408) | susigl_0 (1553866767992885303),4,https://discord.com/channels/1538500688038994040/1543556316377645067/1553872342533415053
1746,Team Hunters,.masterbunny,'1030537231829581874',iqooxwale_34640 (1548834009956745217) | .masterbunny (1030537231829581874) | anuj062482 (1251823737821593610) | aayush090908 (1531400094052651213),4,https://discord.com/channels/1538500688038994040/1543556316377645067/1553924134285738025
1747,No1Botesports,ig_spyro._54957,'1200863486088069180',gtexspikeop (771718247435337740) | ig_spyro._54957 (1200863486088069180) | guddu2210 (1239547741479370764) | amanqureshi0688 (1524693944133357660),4,https://discord.com/channels/1538500688038994040/1543556316377645067/1553993157404917871
1748,Team Velqor Esports,aryangaur__,'1347679398123409469',zedoxxx69_32042 (1275132591845933216) | jojo_005_ (1442053351922728970) | aryangaur__ (1347679398123409469) | blackseizer (949296856846962718),4,https://discord.com/channels/1538500688038994040/1543556316377645067/1554008156324102205
1749,Team Endgame Esports,aryanthakur0644,'1548362633604890695',shivin_soam01 (1551853195720917075) | kartiktyagi0600 (1553632949084360748) | aryanthakur0644 (1548362633604890695) | yugtyagi0035 (1553624915201228951),4,https://discord.com/channels/1538500688038994040/1543556316377645067/1554015156332400652
1750,Team Neam  Clutch Master,amarjitdebbarma3722,'555584741248598065',pohor0309 (1496389180995932280) | amarjitdebbarma3722 (555584741248598065) | kd05466 (1553985081457115146) | usnyxar (1553980619661381668),4,https://discord.com/channels/1538500688038994040/1543556316377645067/1554017476298276948
1751,Team Aura Gaming,lobbymebheju,'1547521868750389329',lobbymebheju (1547521868750389329) | lakshay068038 (1547167485193752628) | taxvoid (1547197546491940885) | phantom076865 (1546446085239611462),4,https://discord.com/channels/1538500688038994040/1543556316377645067/1554018390790766664
1752,Team Wildxwarriors,wildbear1205,'890270209640902746',wildbear1205 (890270209640902746) | ig_venom16 (1551526263448141875) | priyanshusavani11 (1187646978826436710) | wildeagle2285 (992128350078374018),4,https://discord.com/channels/1538500688038994040/1543556316377645067/1554018598849351711
1753,Team Toxic,thakur.,'596402785159741451',thakur. (596402785159741451) | zark9758 (676834108663660554) | samaksh777 (451047397792022555) | xyro007u (1493671780714283162),4,https://discord.com/channels/1538500688038994040/1543556316377645067/1554020045292699760
1754,Team Raviq,extreme__37,'1277554266390790146',dhyey05497 (1483753658410733700) | extreme__37 (1277554266390790146) | dhyeyjoshi0898 (1483761784266559659) | keyurrr0686 (1554018366803681332),4,https://discord.com/channels/1538500688038994040/1543556316377645067/1554022115533914153
1756,Team Midnight Ripers,aryanpatel8788,'826706899025264651',vivov40e0145 (1552630270677491769) | abhi022735 (1552627256059367426) | aryanpatel8788 (826706899025264651) | commando__77 (797019509654945852),4,https://discord.com/channels/1538500688038994040/1543556316377645067/1554029702895902761
1757,Team Eagel Esports,d2eparth6480,'1021327493543755777',d2eparth6480 (1021327493543755777) | princu0007_39181 (1546866481860583445) | shiv_26. (1134687106321629244) | hardik024565 (1088114363522613389),4,https://discord.com/channels/1538500688038994040/1543556316377645067/1554031337831268423
1758,One will eSports,matrix18001,'1227142557348266045',faizzjodd (1550433718043287554) | sajidisabich (991316468887203850) | matrix18001 (1227142557348266045) | rudra021495 (1465281403540213773),4,https://discord.com/channels/1538500688038994040/1543556316377645067/1554033547772166186
1759,Team Alpha,skrohit0324,'1547881668382031902',soeb0014 (1554031228934422600) | meifaj (1554032519379427369) | skrohit0324 (1547881668382031902) | apexsakil63_43873 (1520161468090286311),4,https://discord.com/channels/1538500688038994040/1543556316377645067/1554037107864113233
1760,Zx Esports,zertoxislive,'1553336776440156191',ts_turborider (1066792923766718504) | rishu22112003 (1121079806893768817) | king7868993 (821354194703351828) | zertoxislive (1553336776440156191),4,https://discord.com/channels/1538500688038994040/1543556316377645067/1554037948834512947
1761,Team 7Ds Official,oxyxmadaraog,'648504468047921164',suman04455 (1520069969956700240) | titanstrike36 (1373568578850127945) | aryanpatel8788 (826706899025264651) | oxyxmadaraog (648504468047921164),4,https://discord.com/channels/1538500688038994040/1543556316377645067/1554039989623328821
1762,Team Elite Warriors X,ashrar_08,'1424707119197851742',exxoootticc (1462821082678694033) | ashrar_08 (1424707119197851742) | ig_eleven11_ (1534987224762945628) | officailshaheer (1424695821659803678),4,https://discord.com/channels/1538500688038994040/1543556316377645067/1554045177667260477
1763,Team Agony,yogendrababu.,'773214313267462154',lokesh096318 (1550351307594797177) | yogendrababu. (773214313267462154) | fthxbaki (731501039735275621) | chaitanya9352 (858318269635493949),4,https://discord.com/channels/1538500688038994040/1543556316377645067/1554061755141980191
1764,Team Maven,v1vek_4k,'1123643538832359535',rath_07 (617621984246759434) | bloodhawk0488 (1522674212203139164) | omniprezentdev (824537520745349150) | v1vek_4k (1123643538832359535),4,https://discord.com/channels/1538500688038994040/1543556316377645067/1554067656494288897
1765,Team Insane,althamash0161,'1522138170949369897',althamash0161 (1522138170949369897) | yogendrababu. (773214313267462154) | xyzdsg_87217 (1539678255076872243) | ashxop07 (1542079658957479958),4,https://discord.com/channels/1538500688038994040/1543556316377645067/1554069405607006229
1766,Wipeout Esports,wovloneyt,'1027230084509212773',woxspray (1447183835195510797) | woxsinister (1554087658131693620) | wovloneyt (1027230084509212773) | mpsodha (1060914234629824542),4,https://discord.com/channels/1538500688038994040/1543556316377645067/1554088724722094112
1767,Team Hunt Esports,legacy.or.whatt,'1510971191861706802',legacy.or.whatt (1510971191861706802) | joshua_sinha11 (1541150426626265187) | nueislive (863744889870745620) | ahir_2824 (1270785030733566078),4,https://discord.com/channels/1538500688038994040/1543556316377645067/1554096134757027931
1768,marvelmadan_54896's team,marvelmadan_54896,'1258832892545597440',marvelmadan_54896 (1258832892545597440) | tej1230060 (1496859348180144179) | adiiiiiiiiii0864 (1526918549862481940) | moindon (1467787012806541454),4,https://discord.com/channels/1538500688038994040/1543556316377645067/1554096484280963175
1769,Team Ez Esports,tbfxjordy,'1369725386518433916',ayaan054799 (1387408813623087228) | riyankhan0960 (1369723621919948944) | tbfxjordy (1369725386518433916) | ckxfox (1433509645376290837),4,https://discord.com/channels/1538500688038994040/1543556316377645067/1554097719184850975
1770,Team Young Stunners,warjodd,'1325096769503232003',warigl (1538056715390681178) | warjodd (1325096769503232003) | pikachu3691 (1051903852347129946) | xyztc4 (1514679270918590555),4,https://discord.com/channels/1538500688038994040/1543556316377645067/1554098614387875964
1771,All Stars Gaming,yashrajvartha_74783,'1462819287185101028',yashrajvartha_74783 (1462819287185101028) | yogesh_1711 (1225532723737923634) | dtrgaming (815122256757915669) | radiantxace (1287070177619607574) | durgeshnaiiii._02043 (1395731235061370968),5,https://discord.com/channels/1538500688038994040/1543556316377645067/1554100659928965291
1772,Team IV,iv_rahul,'665446430705582094',iv_sonu (1441750532501930056) | trayuga (479745151154257930) | shivam.070 (1429813402309496968) | iv_rahul (665446430705582094),4,https://discord.com/channels/1538500688038994040/1543556316377645067/1554102104082350181
1773,Team Outlaws Esports,tagxscarry,'1510693144042279004',kundan8051 (1119504680469418024) | adityaaaa3302 (1112655770111188992) | tagxscarry (1510693144042279004) | avii_swaraj07 (779666294902882324),4,https://discord.com/channels/1538500688038994040/1543556316377645067/1554102490163585177
1774,Team Dynamic 4 Elite,dynamic4elite,'1446935412651065530',dynamic4elite (1446935412651065530) | spiderman099689 (1510972439423750276) | baba_tillu0174_00834 (1430573526586363926) | aayushujgare_33219 (1453393085554884692),4,https://discord.com/channels/1538500688038994040/1543556316377645067/1554106232883912735
1775,The Scouts,shadowajyt8,'1325845044317519955',pranjaywarkhade (1270920549039865866) | shadowajyt8 (1325845044317519955) | vishnu_kumawat (1554044023583408269) | repxexpel4990 (512276718971781127),4,https://discord.com/channels/1538500688038994040/1543556316377645067/1554106684106997772
1776,manntyagi28's team,manntyagi28,'1547663238253256809',manntyagi28 (1547663238253256809) | akul0828 (1548285301527543842) | tagxscarry (1510693144042279004) | dumplings_1234 (1499692180300628055),4,https://discord.com/channels/1538500688038994040/1543556316377645067/1554109095324291244
1778,Team Shadowx,varun031926,'1539370957838221413',gamer_whevilllz (1394955008121901056) | varun031926 (1539370957838221413) | raghavmaini8 (1241447986152607758) | chirag_jaat. (1552975873181880415),4,https://discord.com/channels/1538500688038994040/1543556316377645067/1554110500634107975
1779,Team Dragon Esports,parthhsharma,'1435998115399336078',zaccxxxx (1554113074804301907) | tsjatt_playz (1518471340816859210) | starcaptain17 (1483770495223599235) | parthhsharma (1435998115399336078),4,https://discord.com/channels/1538500688038994040/1543556316377645067/1554115077567946874
1780,toxick_live07's team,toxick_live07,'1172046270777544716',soyu__47 (1527926489071489025) | semii0914 (1460608029526462506) | toxick_live07 (1172046270777544716) | hasan003419 (1542392262611443794),4,https://discord.com/channels/1538500688038994040/1543556316377645067/1554115686631215155
1781,Team Zodlxesport,wasif0858,'1548695420908077057',wasif0858 (1548695420908077057) | roneyyyy_29965 (1516380919844573255) | junaidsk0492 (1546452720834056264) | arzanshaikh0877 (1546453144119017512) | sufyanshaikh0449 (1546757720357478491) | godopyt (1065678102275047454),6,https://discord.com/channels/1538500688038994040/1543556316377645067/1554116217474785331
1782,Team Dakshuu,pagalpanti0788,'1390693333315092592',pagalpanti0788 (1390693333315092592) | mysticj3939 (817404948664680448) | arxjodmaxx (1355475467729113138) | amantyagi7440 (943770677780041758),4,https://discord.com/channels/1538500688038994040/1543556316377645067/1554122650115248239
1783,vanshhuu's team,vanshhuu,'1000049691205062776',vanshhuu (1000049691205062776) | toxiccc0676 (1179322410298785834) | yatndar (1528245105285140600) | xboiiiee (1427662267167670406),4,https://discord.com/channels/1538500688038994040/1543556316377645067/1554124875013296181
1784,Team 4 Demons,4dxslayer__,'1043128853947748464',voidpanda3681 (723103054211186728) | 4dxslayer__ (1043128853947748464) | duke2605 (934348541743235133) | suyash_000_76571 (1487461232263958759),4,https://discord.com/channels/1538500688038994040/1543556316377645067/1554125114482884639
1785,Clutchgod Esports,abhijit01957,'1508928315161837701',hasan003419 (1542392262611443794) | ajinkya915718 (1546779040659021844) | chirag_op_132 (1287757838139129917) | abhijit01957 (1508928315161837701),4,https://discord.com/channels/1538500688038994040/1543556316377645067/1554125901858340995
1786,Team Surge,pyrojodxnor,'975339989242089522',dakshesh9848 (771751478729506888) | pyrojod. (1552973248671780889) | pyrojodxnor (975339989242089522) | its_dark13 (756046914625077281),4,https://discord.com/channels/1538500688038994040/1543556316377645067/1554130438128140351
1788,Gujarat Warrior Esports,tmxharshu_17919,'1390180707967438938',oxyrocky5301 (1007327281447960716) | tmxharshu_17919 (1390180707967438938) | vikasptl. (1397744024109973636) | vishal09562 (1206991389162999868),4,https://discord.com/channels/1538500688038994040/1543556316377645067/1554133599983247361
1789,Team Shyn Esports,yuvvi1625,'1394911570005594164',sahilyadav0929_94533 (1399697569902493696) | harsh_1619 (1324617051347750912) | yuvvi1625 (1394911570005594164) | krishnajangid0685 (1513914811073958013),4,https://discord.com/channels/1538500688038994040/1543556316377645067/1554133963268947969
1790,Teem 3M Esports,prinsu11_99900,'1251036966246420541',chotamota_ (943382649244909578) | aryan017472 (1552550120384634972) | prinsu11_99900 (1251036966246420541) | chacha2971 (1089833066207379526),4,https://discord.com/channels/1538500688038994040/1543556316377645067/1554136581252714647
1791,Team Wtr Officials,evoxdynamite,'577531563571544069',deny3374 (1064937241593532416) | ragnar_0718 (695168107362385961) | prabhu06045 (1500650912492818596) | evoxdynamite (577531563571544069),4,https://discord.com/channels/1538500688038994040/1543556316377645067/1554139280945979474
1792,Team Vexora,not.pranayy,'1546118820467581014',mushahid9_ (1499426255563395328) | not.pranayy (1546118820467581014) | frag_1111 (1234042949625577492) | mrbeast084457 (1419336853236088854),4,https://discord.com/channels/1538500688038994040/1543556316377645067/1554142236923527190
1793,Team Dark Knightz,faiz.yaseen,'1278327786565533698',rahulgamer0219 (1423341605213179944) | faiz.yaseen (1278327786565533698) | playwithzero_90763 (1522834452353388586) | mudassir9690 (848073622719430727),4,https://discord.com/channels/1538500688038994040/1543556316377645067/1554146467067727954
1794,Team Last Warning,error4047838,'752728671055249409',middle_class98 (778057937624629288) | error4047838 (752728671055249409) | oxyranusscutellatus (636611797922742302) | wotxagress (1546505796676747367),4,https://discord.com/channels/1538500688038994040/1543556316377645067/1554150286497419275
1795,Team 4Bm 4Black Mens,4bmgutts,'1533695829032960167',lion_sin_of_pride01 (1502944059399077961) | 4bmluffy (1554152656761655297) | united_axolotl_80001 (1554152080594313237) | 4bmgutts (1533695829032960167),4,https://discord.com/channels/1538500688038994040/1543556316377645067/1554155995926634628
1796,Team Insane God,sbgaming_,'1473963288705368128',sbgaming_ (1473963288705368128) | anshulsd (1444328670167830609) | error4047838 (752728671055249409) | nitinraj6981_15939 (1409792042942595135),4,https://discord.com/channels/1538500688038994040/1543556316377645067/1554158850305687613
1797,Team Dg,aaravsangwan89,'1474708328176418913',aaravsangwan89 (1474708328176418913) | abhi022735 (1552627256059367426) | naman036528 (1459050415688650876) | devil_7984 (1513915449375723647),4,https://discord.com/channels/1538500688038994040/1543556316377645067/1554164184520990731
1798,Team Deoxysis,prit9325,'970358704656506942',__.prinxce (1422432497337368587) | dexprince16. (1498024963129610395) | kairio14 (1232641072560078925) | prit9325 (970358704656506942),4,https://discord.com/channels/1538500688038994040/1543556316377645067/1554185234734649415
1799,Team Northeast Thunder,japan_bty,'898908456210268161',japan_bty (898908456210268161) | itachi151013 (1198607501348835460) | tanuj070. (1549443207711031431) | sarvamp (1291058675812925480) | nikodem04228 (851464165267865620),5,https://discord.com/channels/1538500688038994040/1543556316377645067/1554193901185663120
1800,Team 4Igls,tagroniiii,'1554176904364433508',vencenzox07 (1542146299145490554) | 69yes_daddy (1481292244441895027) | tagroniiii (1554176904364433508) | kr000000 (1262735117219004437),4,https://discord.com/channels/1538500688038994040/1543556316377645067/1554200727583461499
1801,Team Right2Fight,parthhhhhpj,'1314470590073274408',karankumar07206 (774244525077430272) | parthhhhhpj (1314470590073274408) | ydvshashwat (967290862826561556) | rishab_craft (1386218627266515045),4,https://discord.com/channels/1538500688038994040/1543556316377645067/1554206591257944186
1802,bakugo780's team,bakugo780,'1314130473022263376',bakugo780 (1314130473022263376) | shaurya_6969 (858350718515281930) | speed_demon7077 (939569685400277043) | rishab02925 (1554213320612118707),4,https://discord.com/channels/1538500688038994040/1543556316377645067/1554214727696257185
1803,Team 4Manxsquad,4manaxinferno,'1548072011350278244',4manx24 (1441386443015721073) | 4manxjonny (1345446711937597531) | 4manaxinferno (1548072011350278244) | premsharma0103 (1552257716527964261),4,https://discord.com/channels/1538500688038994040/1543556316377645067/1554237656852865056
1804,Team Dp,dpxxzaidstar3393,'862723464401780748',sohail075875 (1308848605792309329) | sam_6411 (1547872627652165642) | dpxxzaidstar3393 (862723464401780748) | mirzarashid0350 (1442478851950248038),4,https://discord.com/channels/1538500688038994040/1543556316377645067/1554271037624164483
1805,Team Ftw Esports,impriyanxhuu,'604491137201471521',manoj02835 (754196584031322144) | impriyanxhuu (604491137201471521) | abhay07216 (1477248488646508666) | atulbhai2452 (934329192261230653),4,https://discord.com/channels/1538500688038994040/1543556316377645067/1554337194838200371
1806,Team Web Esports,stgsamer7,'1547593199546138645',samir094273 (1542805175239057432) | sameer227987 (881917851353632808) | sameer041582 (879706889376657508) | stgsamer7 (1547593199546138645),4,https://discord.com/channels/1538500688038994040/1543556316377645067/1554343871226449961
1807,Team Psychoshift,sunu6087,'962605675064737862',surajxaxa (986831795813228584) | teamdash (1548855570226745346) | ritik00224 (1542238717790388234) | sunu6087 (962605675064737862),4,https://discord.com/channels/1538500688038994040/1543556316377645067/1554344163548340245
1808,Team Middle Class Esports,alpha16190,'1498818131697729546',manashyadav0935_37660 (1543571395815145584) | vaibhavchauhan0272 (1545459225478823968) | alpha16190 (1498818131697729546) | harsh021355 (1546539172855291907),4,https://discord.com/channels/1538500688038994040/1543556316377645067/1554349545079701535
1809,Team Strawhats Esports,samratghosh0104,'1525048758163738635',dhruv_playzyt (911540259651727360) | clutcher0123 (816330863788294144) | samratghosh0104 (1525048758163738635) | monojitdas0601_51651 (1506921048979935284),4,https://discord.com/channels/1538500688038994040/1543556316377645067/1554356648510890066
1810,Team Vortex,dhruvpurabiya,'1537106526786035739',lelouch__vi__ (961485728834011136) | dhruvpurabiya (1537106526786035739) | nitish04317 (1340714975471079430) | roostam01 (1547983312805564447),4,https://discord.com/channels/1538500688038994040/1543556316377645067/1554359931266793603
1811,Tactical Esports,iqxmishra,'1394780037101785191',iqxjerry (1525098684134592514) | sp4rkycore_18675 (1507379656456798218) | sahilyadav4013 (1111994206811082842) | iqxmishra (1394780037101785191),4,https://discord.com/channels/1538500688038994040/1543556316377645067/1554364174820319243
1812,Team R4Ge Esports,ashish092780,'1410088606202335332',toxic059361 (1216058526892294266) | ashish092780 (1410088606202335332) | sarthak057523 (875247039913553950) | thedestroyer0883_52180 (1368068056353341511),4,https://discord.com/channels/1538500688038994040/1543556316377645067/1554365544256245781
1813,Team Peacemakers7 Esports,shejal4417,'912628579190329405',roshan097709 (1495109275524272128) | ankushgangwar (1053533437392322603) | shejal4417 (912628579190329405) | p7xhell (1527956825188597911),4,https://discord.com/channels/1538500688038994040/1543556316377645067/1554368736310595595
1814,Team Toxic Strikers,shahed025962,'1542117855737421945',shahed025962 (1542117855737421945) | nuralikahn (1283837107382779995) | rajib0105 (1396082255717466173) | mahi12970 (1419722608093429901),4,https://discord.com/channels/1538500688038994040/1543556316377645067/1554372623377367082
1816,Team Fortex Esports,shivanshtyagi.,'1163075401267032145',shivanshtyagi. (1163075401267032145) | akashop. (901068915579437098) | tarun02113 (835849950172151818) | viperxyt._94676 (1204339849117564951),4,https://discord.com/channels/1538500688038994040/1543556316377645067/1554373473441161240
1817,Team Xtreme,abhi026540,'1269884043680546828',x7kakarot._14555 (1334856226441527376) | souravchakraborty0297 (1272245764470472745) | abhi026540 (1269884043680546828) | godlxbittugaming (1514821226877550653),4,https://discord.com/channels/1538500688038994040/1543556316377645067/1554374216504189001
1818,Team Ayzin,zodxdevil,'1528014003622641689',zodxdevil (1528014003622641689) | taxdialga (1521458286279528482) | og_sachin_ (1047530583825321995) | aynixop (1399785399714447541),4,https://discord.com/channels/1538500688038994040/1543556316377645067/1554375758456164434
1819,Team God Galactic,ragniksarkar,'1520062929007939766',fayumkhan (1526895697385881622) | yashlok8988 (651086356679884821) | ragniksarkar (1520062929007939766) | sher04602 (1248269697569521759),4,https://discord.com/channels/1538500688038994040/1543556316377645067/1554377521875787808
1820,Team Dc,dcvilash,'1554229931612049432',dcvilash (1554229931612049432) | pankajsolanki0784_89046 (1308458911107383307) | devilgaming027 (1302928993867006014) | gautamsusare (1554340741902245951),4,https://discord.com/channels/1538500688038994040/1543556316377645067/1554382467694075955
1821,Team Alpha Koan,anishpatel0867,'1514486647583146067',kartike1860 (1093366044233568407) | anishpatel0867 (1514486647583146067) | ajeetsingh18_18167 (1408780554287054908) | ftxkrsna26 (1435898133790982207),4,https://discord.com/channels/1538500688038994040/1543556316377645067/1554383181799628801
1822,Team Gunday,tgx.ryzoxjod,'1554372619216752671',mafiya280_18754 (1514536973669371904) | dinyesh82 (1433697019188215808) | parikshitsinghrathore0789 (1554379846317252610) | tgx.ryzoxjod (1554372619216752671),4,https://discord.com/channels/1538500688038994040/1543556316377645067/1554385810571395134
1823,Team Pinghigh,phtanjiro._25039,'1542123515648540744',phtanjiro._25039 (1542123515648540744) | thorfinn0934 (1544017911608381450) | axchin2 (1542120508621983814) | tronex.17 (1524507367658487839),4,https://discord.com/channels/1538500688038994040/1543556316377645067/1554386046064525365
1824,Team 4 Spartan,frexter0573,'1285176591470563396',imrankhan09915 (1540002814921809992) | hitesh_yadav123_14295 (1387741063917342850) | frexter0573 (1285176591470563396) | rajat01280 (1551210122532094023),4,https://discord.com/channels/1538500688038994040/1543556316377645067/1554387361154990204
1825,Team Grevolx,grxmayur_27490,'1482302480762146978',imrankhan09915 (1540002814921809992) | grxmayur_27490 (1482302480762146978) | grxeren (1554351416167112795) | manojpatel0509 (1539580227217260647),4,https://discord.com/channels/1538500688038994040/1543556316377645067/1554388289622904843
1826,Team Phantom Strike Esports,mohammedsuhail.m,'737518944704790679',vasu05212 (1481530378165551168) | hemanth04207 (1491458930835066901) | lekhraj018 (1509176273703014492) | aimgod0439 (1314298246171983893),4,https://discord.com/channels/1538500688038994040/1543556316377645067/1554400678154346519
1827,Team Shadow Matrix,._.sk._._.,'1329860703863181404',chacha___ji_84919 (1215633273955295242) | ._.sk._._. (1329860703863181404) | ig___demon. (1554398311438360606) | naruto.010093 (1454522117688262791),4,https://discord.com/channels/1538500688038994040/1543556316377645067/1554402128548593685
1828,officialadvik's team,officialadvik,'503782410891165697',officialadvik (503782410891165697) | .sahiljaat (768789879257169932) | tagxluffy_59869 (1496207045018386493) | krish24145687 (864034417874173982),4,https://discord.com/channels/1538500688038994040/1543556316377645067/1554402805123383401
1829,Nayak Esport,just_sunil_,'1085893655908323328',akshayy_ninja66 (1320440185351311360) | just_sunil_ (1085893655908323328) | ankugamingyt369 (1442018290842075275) | adarsh_39340 (1547850495308206133),4,https://discord.com/channels/1538500688038994040/1543556316377645067/1554405614141186089
1830,4PM Esports,jenay_ptl_416,'1387859876411211977',jenay_ptl_416 (1387859876411211977) | bhumeshgirase_16309 (1227344880884383797) | narutoo_16 (1516123056114892958) | youtubehex. (837316755567018015),4,https://discord.com/channels/1538500688038994040/1543556316377645067/1554409136161038338
1831,Team Era Esportss,nikhuuuuuuuuu,'1394579136630095984',vipul4891 (867108726162718720) | hilu0551 (1534594690245202035) | nikhuuuuuuuuu (1394579136630095984) | krishnaa777 (1534539372064411771),4,https://discord.com/channels/1538500688038994040/1543556316377645067/1554410598874222593
1832,4OG,vinexzod,'1091228029033910332',fiyaah18 (1554374086308659300) | rolex1814. (1553272800326975491) | vinexzod (1091228029033910332) | av_sumit (849262459923595294),4,https://discord.com/channels/1538500688038994040/1543556316377645067/1554410799181598762
1833,Team Nova Esport,sylus0664,'1453767395700117505',ankush043801 (1496474779685879808) | sylus0664 (1453767395700117505) | nikhil084362 (1553781738881417328) | devil05313 (1123894651670233174),4,https://discord.com/channels/1538500688038994040/1543556316377645067/1554416070822207489
1834,Team Void Reapers,adityabaruah0339,'1175439945775718423',zeni4real (1519960476920975513) | abhinashgogoi_ (1554413768492982283) | averageplayeryt. (1434541265759899742) | adityabaruah0339 (1175439945775718423),4,https://discord.com/channels/1538500688038994040/1543556316377645067/1554418714772766722
1835,Team Absolute Chaos,vasudev0_39541,'1528443605340131399',tejpal0886 (1554372511846895720) | kuchbhi6110 (1085942246387503164) | chikku1122_61453 (1526341019459915846) | vasudev0_39541 (1528443605340131399),4,https://discord.com/channels/1538500688038994040/1543556316377645067/1554418793323954209
1836,deepak041130's team,deepak041130,'1403989483711631361',deepak041130 (1403989483711631361) | roop_177_57009 (1499033427570065420) | himanshu._igl (1541885763354886156) | bossji2317 (758632703322750998),4,https://discord.com/channels/1538500688038994040/1543556316377645067/1554419029027065867
1837,Team The Goat,umesharya0125,'1551195576652136493',popeye682162 (1551283296388907120) | soachutar (1554407106902368256) | umesharya0125 (1551195576652136493) | vasudev0_39541 (1528443605340131399),4,https://discord.com/channels/1538500688038994040/1543556316377645067/1554419532842664017
1838,Team Lasthope,None,'1546369560922292236',lokesh037004 (520679436635471912) | lokesh096318 (1550351307594797177) | vexor739 (1548534350830764072) | None (1546369560922292236),3,https://discord.com/channels/1538500688038994040/1543556316377645067/1554421388717064245
1839,Team Zorvex,ig_shodo,'1548619157627605024',ig_shodo (1548619157627605024) | jhangir_qureshi (1549361713856643152) | tlxmuhsin (1549449091514241115) | kexpikachu05 (1549340105460678756),4,https://discord.com/channels/1538500688038994040/1543556316377645067/1554421686848458754
1840,Team Dark Legacy,riteshmalviya.,'1394216518820167750',devchakrqborty7271 (653160643809247232) | blackopsss1969 (1394545730403696729) | mad_dox1 (1420888360242778152) | riteshmalviya. (1394216518820167750),4,https://discord.com/channels/1538500688038994040/1543556316377645067/1554425762570969179
1841,Team Synergy Esports,visualop.,'1165478489550487733',hustler0007 (734305123597025320) | venom009911 (541319152720281629) | visualop. (1165478489550487733) | marveljayin4469 (719094733934428199),4,https://discord.com/channels/1538500688038994040/1543556316377645067/1554426745711628330
1842,Team Revenge Esports,zacccc01,'1400182418069131264',zacccc01 (1400182418069131264) | anuragmeena0436 (1421001389777358889) | kavyansh0866 (1542019233162993818) | master922457 (1274332731920355379),4,https://discord.com/channels/1538500688038994040/1543556316377645067/1554436705174425601
1843,Team Nova Region Esports,devsingh0278,'1525134345193390140',devsingh08400 (1516672213967831074) | shivant0863 (1379156786744918171) | devsingh0278 (1525134345193390140) | max_slatt07 (1506703720874774700),4,https://discord.com/channels/1538500688038994040/1543556316377645067/1554439549260927009
1844,Team Mega Esports,ig.aveshhh,'1506966100317831280',ig.aveshhh (1506966100317831280) | mega_tiger06 (1518984325276762333) | senreflx_74292 (1218830905112530976) | neoooooooooog_74285 (1543628858438459549),4,https://discord.com/channels/1538500688038994040/1543556316377645067/1554441158820765780
1845,Team Cap10Xgod,genz0355,'1401041801779089429',badxshadowop (1554020924431409192) | genz0355 (1401041801779089429) | vasusahu0823 (1482453902551941333) | bgmi_shiva_01 (1554013899702009946),4,https://discord.com/channels/1538500688038994040/1543556316377645067/1554444373561712792
1846,zenoxx01._70828's team,zenoxx01._70828,'1234935964736946236',arju577vk.os (1424396497046339584) | optinkuyt5834 (864323823406022656) | zenoxx01._70828 (1234935964736946236) | alakhod (1505062054506266695),4,https://discord.com/channels/1538500688038994040/1543556316377645067/1554444710343475283
1847,Team Aurviex Esports,nexaplayzz,'827578670943961148',aviiii7578 (1012040806477086770) | nexaplayzz (827578670943961148) | alokpanda8443 (803179694060339250) | dhanu9452 (872551906520735774),4,https://discord.com/channels/1538500688038994040/1543556316377645067/1554450606461296701
1848,Team Grim Gaze,abhishekchandel0642,'1496799457453408347',supreet0583 (1485652095330942976) | shubhamuafav1728 (937612143967223818) | abhishekchandel0642 (1496799457453408347) | ubed0689_72438 (1550514928778223653),4,https://discord.com/channels/1538500688038994040/1543556316377645067/1554468083530469459
1849,Team Time Line Esports,afzal_playzzz55,'1230865269958901881',afzal_playzzz55 (1230865269958901881) | aditya036426 (1550524109581058140) | mithamomos1299 (1546113699369066501) | ravagev4_67727 (1520301426268704839),4,https://discord.com/channels/1538500688038994040/1543556316377645067/1554468376045293619
1850,Team Astra Legion Esports,alxarman,'1518888793141284946',bhoot_op1 (1551595936956817592) | alxarman (1518888793141284946) | vinaysingh62 (1554445161021448194) | kabir08526 (1554443442028027926),4,https://discord.com/channels/1538500688038994040/1543556316377645067/1554471302449078294
1851,Team Bynzi,bynziop19,'1303348674696581160',bynziop19 (1303348674696581160) | sharantamanna_79796 (1514677716035571889) | aryantretiya_16819 (1337058012149317634) | anilrathee. (1542885626309910620),4,https://discord.com/channels/1538500688038994040/1543556316377645067/1554479217838788680
1852,saadkhan1230301's team,None,'1552728992459784232',None (1552728992459784232) | bynziop19 (1303348674696581160) | suraj037837 (1523675795510263988) | deepakkumar9891 (1133084142414856333),3,https://discord.com/channels/1538500688038994040/1543556316377645067/1554485204381474887
1853,Team Gen G Esports,nishantgaming51,'1325332604387590158',dhairyamishra0270 (1514511169917026412) | anantsharma005 (1325443740072017953) | atultigerking (1325699722631057420) | nishantgaming51 (1325332604387590158),4,https://discord.com/channels/1538500688038994040/1543556316377645067/1554485295972352001
1854,Team Conquer X Esports,spaxgaming,'883964891231309844',smax0648 (1538074304401379368) | cx_toxic_54675 (1423254734306934785) | curseayush (1535720325927403571) | spaxgaming (883964891231309844),4,https://discord.com/channels/1538500688038994040/1543556316377645067/1554485406421221387
1855,Team Og,arqam04997,'1422918388438536256',arqam04997 (1422918388438536256) | captain733 (1401150544483188808) | honouredone05376 (1545789248567771256) | aymen_.0612 (1528365402026148021),4,https://discord.com/channels/1538500688038994040/1543556316377645067/1554488811650551809
1856,Random King Esports,vishuuu005,'1543850748595666948',None (1552728992459784232) | sachin070235 (1519313232202829889) | vishuuu005 (1543850748595666948) | saad055882 (1543554177915945007),3,https://discord.com/channels/1538500688038994040/1543556316377645067/1554493821872508958
1857,Team Zodd Esports,amit080075,'1117411953531424799',samiragja (1538541980630393003) | amit080075 (1117411953531424799) | zoddvsall (1538536267153678438) | shanusarkar.10 (1538586229992464439),4,https://discord.com/channels/1538500688038994040/1543556316377645067/1554499221053247599
1858,Team Genwin,strange023902,'922182329890394152',strange023902 (922182329890394152) | spdxyt_33001 (1414442985705439353) | darkranger1514 (904193144952848394) | ig_aaveshx16 (409317138172739584),4,https://discord.com/channels/1538500688038994040/1543556316377645067/1554499334010052629
1859,Team Zenith,naveen.jangid26,'1432730440237842473',naveen.jangid26 (1432730440237842473) | itachi_7976 (1552921374790520906) | kartikgour2628 (1432733891327823997) | thxcythe (1510604754902847518),4,https://discord.com/channels/1538500688038994040/1543556316377645067/1554508686473568399
1860,Team Unstoppables,whiteop0331,'1537871481906921535',vishal0082652 (832350007952670821) | yashlok8988 (651086356679884821) | shivam025022 (1554505803300479047) | whiteop0331 (1537871481906921535),4,https://discord.com/channels/1538500688038994040/1543556316377645067/1554509154960412823
1861,Team Aerode Esport,star._.boy_8273,'1508866637380583578',starcgaming.gg (1540589208198971393) | ig.tushar_018 (1497962024582254674) | tzsxak (1548324450930266346) | star._.boy_8273 (1508866637380583578),4,https://discord.com/channels/1538500688038994040/1543556316377645067/1554512888889217049
1862,Dream Killer Esports,darshan03663,'1546705887744499742',kemooo0415_69757 (1524290882776338602) | .masterbunny (1030537231829581874) | hiten04520 (1508730409565945876) | darshan03663 (1546705887744499742),4,https://discord.com/channels/1538500688038994040/1543556316377645067/1554515511411478590
1863,Team The Fight Club Esports,cletxs.,'1487784856820912208',steve022174 (1261589989280579596) | cletxs. (1487784856820912208) | rumoursaboutd3vil (1476027993594921010) | rexwantspiece (1553126438729814110) | 7wgg (846944066788786207),5,https://discord.com/channels/1538500688038994040/1543556316377645067/1554524953330851891
1864,Team Noxis Esport,wr41th0608,'1545836066274017350',knight771 (1058587392375804015) | 1nonlyarman. (1552959755012804619) | wr41th0608 (1545836066274017350) | khlainborsyiem (1553730098799054991),4,https://discord.com/channels/1538500688038994040/1543556316377645067/1554525298966536223
1865,Team Rusher Esports,rusher_sahu,'1236878155914936350',fatherofa (760107337859727390) | rusher_sahu (1236878155914936350) | rusher_topzzz (876676096605696030) | rushershivam (1346319055019311134),4,https://discord.com/channels/1538500688038994040/1543556316377645067/1554525363147898931
1866,Team Opx Esports,fttxbot,'1554418834130210858',fttxbot (1554418834130210858) | sgxinnnuuu (1543273591242629235) | faith106009 (1546804982093713461) | saad055882 (1543554177915945007),4,https://discord.com/channels/1538500688038994040/1543556316377645067/1554525610410381423
1867,Team Dragon Slayerssss,ashuyadav04_,'1547952457118781511',avinash.jaiswal (1268132003983917072) | dinesh028428 (1547195926400073745) | ashuyadavv0_03488 (1547950202411810855) | ashuyadav04_ (1547952457118781511),4,https://discord.com/channels/1538500688038994040/1543556316377645067/1554526182689476710
1868,Team Vespera,mdsuhail0775,'1455781289490649293',t1nick (1552643659269152840) | nazir0070_58662 (1508094997206012105) | tagxastro (1551792502435086356) | mdsuhail0775 (1455781289490649293),4,https://discord.com/channels/1538500688038994040/1543556316377645067/1554526330937278615
1869,Team Knight Hunters Esports,kntx_mohit_07,'818696708061790270',kntx_falcon (1481605389941215395) | kntxayush (1554387602386190372) | kntxtiger1 (1524686789430743182) | kntx_broly (1554387034758717470) | kntx_mohit_07 (818696708061790270),5,https://discord.com/channels/1538500688038994040/1543556316377645067/1554533867220635689
1870,shalem69's team,shalem69,'1504486603303948491',.vijay_09 (1426654055492751400) | suresh02020 (1505477792790216728) | scarface_66696 (1125045672501051402) | shalem69 (1504486603303948491),4,https://discord.com/channels/1538500688038994040/1543556316377645067/1554535722860421151
1871,Team Ongang Esports,vickyyyyyyyyyyyy07,'1411266823957119028',miteshop2417 (990903242252746753) | vickyyyyyyyyyyyy07 (1411266823957119028) | anubhav06606 (1552333925181952022) | nikhil__2816 (1547441572231127063),4,https://discord.com/channels/1538500688038994040/1543556316377645067/1554538483849109537
1872,Team Rebel,trxroger_,'1484611166423617589',manyaop_ (1110639635564081344) | rebelgaming9884 (660821521765498881) | trxroger_ (1484611166423617589) | b70savage (909995845800325161),4,https://discord.com/channels/1538500688038994040/1543556316377645067/1554543839501623316
1873,Team Nf,durga240,'1185548059988463662',adithya939113 (1001380701008035920) | manjiro171522 (1403994744115433524) | durga240 (1185548059988463662) | tiny017 (1333093802595844207),4,https://discord.com/channels/1538500688038994040/1543556316377645067/1554544485847793745
1874,Team Noxious,hacher0649_10095,'1423904263960002623',om0180 (1268222203137364056) | omthite0250 (1423903451347157096) | ombundhate_69076 (1205595960428855326) | hacher0649_10095 (1423904263960002623),4,https://discord.com/channels/1538500688038994040/1543556316377645067/1554544633802133655
1875,Team Blaze,ansh_2603_18044,'1503279376509435955',ansh_2603_18044 (1503279376509435955) | shreyashkababla001_43081 (1524827149977124866) | rishavkumar___ (1502907227726680155) | danielgoturback781n0h (1549047448687607949),4,https://discord.com/channels/1538500688038994040/1543556316377645067/1554545043992354867
1876,Golden Goat,zenkplays,'1267879183241973868',teamdexxspidy. (1113527011550445568) | sry.broo7 (755674095663710248) | zenkplays (1267879183241973868) | du8988 (1166732068856791160) | ooo.hacker (1544799538160861245),5,https://discord.com/channels/1538500688038994040/1543556316377645067/1554577577463648297
1877,Void Entity Esports,kiyoooplayz,'1540809608497471559',ayrix.bgmi (1526167632993325318) | nizuto_ (1531153737043935245) | juwel0081_93627 (1482472118443708658) | ayushraut45 (1553350744097169498) | kuldeep2499 (1553369938360664155),5,https://discord.com/channels/1538500688038994040/1543556316377645067/1554583453817638933
1878,Team Veracity,yashgupta66,'464358830499692545',yashgupta66 (464358830499692545) | .volt69 (728117962963419138) | dekuwu9941 (931532445902327899) | vctxrohan (1297605445871210597),4,https://discord.com/channels/1538500688038994040/1543556316377645067/1554603951859564586
1879,<@1549451998015913984>,roshan071267,'1448573128597835817',jojo_2002 (730617479084113920) | roshan071267 (1448573128597835817) | aayushsaini0044_66266 (1504816945214652476) | param021708 (1531623697557749862),4,https://discord.com/channels/1538500688038994040/1543556316377645067/1554685241283584041
1880,Team Master Rivals,ogdenze,'1527558666956443668',devanshgoel0377_62093 (1390617225899282483) | ogdenze (1527558666956443668) | sahilthakur403 (1301103693055135805) | ichigouchiha9513 (406315004162211870),4,https://discord.com/channels/1538500688038994040/1543556316377645067/1554711076426219541
1881,Alpha Legend,aayushsrivastva,'1473223842184040500',alxgokuog (1554713482824261643) | aayushsrivastva (1473223842184040500) | krrish124 (1473527996731232357) | alxcoutop_14039 (1512829818985779214),4,https://discord.com/channels/1538500688038994040/1543556316377645067/1554723465377087519
1882,Team Empro,gourawb,'1098110138004541490',jeetdas0788 (1479909676668944424) | gourawb (1098110138004541490) | arthic0642 (1238711627105308682) | akash0930 (1137635924029751326),4,https://discord.com/channels/1538500688038994040/1543556316377645067/1554727659102273587
1883,Team 7Instincts,itachi0812_,'1364976063972769804',baghadynamo8733 (744525091496525835) | itachi0812_ (1364976063972769804) | clawtoy_29392 (1410468192060444692) | yudhisterchoudhary (1358836709789536316),4,https://discord.com/channels/1538500688038994040/1543556316377645067/1554729217025900625
1884,Team Genz Manipur,birajnaorem,'1385988534967599225',kiro_goat (741225955036626984) | birajnaorem (1385988534967599225) | 4069360894 (1283022108427026472) | viveklauzary_58059 (1535991384010653829),4,https://discord.com/channels/1538500688038994040/1543556316377645067/1554731605883355188
1885,Team Mgt Esports,ig_immo,'1554044733557575744',ig_immo (1554044733557575744) | imfmandeep (1189496081604681739) | aryanpatel8788 (826706899025264651) | knight771 (1058587392375804015),4,https://discord.com/channels/1538500688038994040/1543556316377645067/1554732610209583135
1886,mohitkumar001's team,mohitkumar001,'1148926982994808872',mohitkumar001 (1148926982994808872) | toexlegend (905286200095547433) | shikhar_vermaa_79747 (1549475861634359347) | sonic3381 (786897942152740895),4,https://discord.com/channels/1538500688038994040/1543556316377645067/1554734276749037652
1887,Team Never Give Up,sajit8019,'1479142401875509279',kaiser_more1 (1483513484535926864) | prince777666 (1550554118622548123) | 8950541265 (1435162266659192844) | sajit8019 (1479142401875509279),4,https://discord.com/channels/1538500688038994040/1543556316377645067/1554734526889201725
1888,Team Xtreme Troners Esports,vasco.07,'928177478009245737',dronixx2i (816570402682830859) | vasco.07 (928177478009245737) | xtlmudit (968561171995185203) | ajay040724 (1548554978921160780),4,https://discord.com/channels/1538500688038994040/1543556316377645067/1554734723572568159
1889,Team 2D,gugu_gaga0242,'1548987528512675902',rrrrruuuuu0762 (1553729410798985289) | 2dxprime (1553755156632567859) | assaulter_07 (902851233373626379) | gugu_gaga0242 (1548987528512675902),4,https://discord.com/channels/1538500688038994040/1543556316377645067/1554736109681123359
1890,ayushog0307's team,ayushog0307,'1548048213087359150',vasco.07 (928177478009245737) | arshx11 (1063028378980057098) | metaplayzzz (1453032994284769451) | ayushog0307 (1548048213087359150),4,https://discord.com/channels/1538500688038994040/1543556316377645067/1554737867832696863
1891,Team Og Fallas,arshx11,'1063028378980057098',mohitkumar001 (1148926982994808872) | vasco.07 (928177478009245737) | arshx11 (1063028378980057098) | sajit8019 (1479142401875509279),4,https://discord.com/channels/1538500688038994040/1543556316377645067/1554738148800725033
1892,Team Godchild Espor,rishi011659,'1510168630573269044',deadpool089549 (1289639609265033217) | suraj007881 (1554478280424431627) | rishi011659 (1510168630573269044) | ig_gccrusher (1238691033496420373),4,https://discord.com/channels/1538500688038994040/1543556316377645067/1554742706318741545
1893,Team Tsmv,manthan03515,'1371111271830782048',manthan03515 (1371111271830782048) | the_fool_00000 (1554741345615220777) | igo_issue (1499979608299405485) | hyy.sid (1554734811749548135),4,https://discord.com/channels/1538500688038994040/1543556316377645067/1554742788862775297
1894,Team Rajput Warriors,tagshivansh,'1552658424167272547',goku2281531 (803517810033557515) | rafayansari29_17421 (1514847220959154186) | tagshivansh (1552658424167272547) | yuvaraj0215 (1526668710507581612),4,https://discord.com/channels/1538500688038994040/1543556316377645067/1554742807577501798
1895,Team Apex Dominion,pratik_08,'1517417481663152160',pratik_08 (1517417481663152160) | adarshgupta. (1114756739485679648) | beast_1467 (1387427553182224555) | bibtyagamerz__65532 (1372956928317194422),4,https://discord.com/channels/1538500688038994040/1543556316377645067/1554744826899988483
1896,Team Noxious Esports,sunil990486,'1299414350464815146',devil_demon2005 (1111874861032296448) | anshvyas_ (1274387659489546250) | sunil990486 (1299414350464815146) | nobody008149 (1513505976014344214),4,https://discord.com/channels/1538500688038994040/1543556316377645067/1554745913887432725
1897,Team Ancient Esports,krishnakumar0111,'1343547239238209628',krishnakumar0111 (1343547239238209628) | yatharthholkar_27358 (1394889879204139069) | gaurav014513 (1538438042908360806) | hardik007707 (1518330507988045846),4,https://discord.com/channels/1538500688038994040/1543556316377645067/1554745934552764469
1898,Team Kyzen Esports,valt.g._47455,'1456216419162390630',iggodspray (1217200909176537169) | millionaire0872 (1197568058139627593) | valt.g._47455 (1456216419162390630) | zontx18 (998109432980451431),4,https://discord.com/channels/1538500688038994040/1543556316377645067/1554746045798289470
1899,Team Skyh Esports,astro070370,'1507405874182750249',suhailsaifi0485_09340 (1478795533882622016) | astro070370 (1507405874182750249) | ayaanansari786_16288 (1550530925517864990) | sahidkhan18 (1296551965391720511),4,https://discord.com/channels/1538500688038994040/1543556316377645067/1554750290844975216
1900,Team Avs Alpha Vibe Experts,__park__sung__,'1515779048540995634',csexscaryog (1549671073476378665) | __park__sung__ (1515779048540995634) | csexgojo (1549676029222719571) | csexsahu (1549676156511592479),4,https://discord.com/channels/1538500688038994040/1543556316377645067/1554752199807205399
1901,Team Osho Esports,tagkartik.,'1541859276094570516',cheerful_capybara_17725 (1527760341180747857) | _mandeep_77z (1340175272237994017) | xpj7x (1539344263895064618) | tagkartik. (1541859276094570516),4,https://discord.com/channels/1538500688038994040/1543556316377645067/1554753131970166836
1902,Team Aryavart,aryakunal01,'1008734696907227206',futurexd0531 (1506374122110976080) | dxxy1_ (1285131691853221889) | aryakunal01 (1008734696907227206) | mrxman8810 (1483398426551910470),4,https://discord.com/channels/1538500688038994040/1543556316377645067/1554754510755332149
1903,Team X4,yourcoolboy,'1080838549835894935',joyful_piglet_97479 (1554755119067963457) | zmnxmatrix_62457 (1446047522945630211) | devanshu0079 (1372420660982448180) | yourcoolboy (1080838549835894935),4,https://discord.com/channels/1538500688038994040/1543556316377645067/1554756278616727624
1904,Team Atkesports,iafow.,'1511106953785380985',sugar_daddy_73 (1548520778063024152) | iafow. (1511106953785380985) | shivam081250 (1552999956451688558) | akumo0947 (1548208598893596695),4,https://discord.com/channels/1538500688038994040/1543556316377645067/1554776350286422057
1905,Team Roguenation,gojogaming786,'1512321274804830310',phvenom6429 (752417556244988056) | starcgaming.gg (1540589208198971393) | gojogaming786 (1512321274804830310) | iv_rahul (665446430705582094),4,https://discord.com/channels/1538500688038994040/1543556316377645067/1554776756278398987
1906,Team Humble Fleet,zark9758,'676834108663660554',itzobitouchiha (1120621408783970384) | sunrakuxzeon (1468606875749843140) | obito094146 (1551476211790905436) | sundramkushwaha235 (806779139855089695),4,https://discord.com/channels/1538500688038994040/1543556316377645067/1554777600696778803
1907,Team Gr,rushabhxd.,'1232570492490354710',vivekchauhan_ (760393158760071208) | grxrohann (1554772441283174461) | rushabhxd. (1232570492490354710) | sucksidsdick (767740314114457630),4,https://discord.com/channels/1538500688038994040/1543556316377645067/1554780936640401430
1908,Team Wizard,fardinkhan07950,'1523692062032265265',luffy_d_nigga. (1420622996326060032) | fardinkhan07950 (1523692062032265265) | khalnayak_991 (1539965920561209444) | legendguru2.0 (876839338825101343),4,https://discord.com/channels/1538500688038994040/1543556316377645067/1554787132541898804
1909,Team Smaah,prakash05112006,'1458810144572964885',sunrakuxzeon (1468606875749843140) | prakash05112006 (1458810144572964885) | prabhakar0682 (1511668682856599654) | vivekk_001 (1399425983500648639),4,https://discord.com/channels/1538500688038994040/1543556316377645067/1554787314310455377
1910,Team Apex Zenith Entity,nxt_faith,'1521826310790447146',fedha. (1537107538422796360) | nxt_faith (1521826310790447146) | yadnesh3419_49857 (1377531266059997267) | mohitvishwa. (1548522470795903110),4,https://discord.com/channels/1538500688038994040/1543556316377645067/1554787981142003785
1911,Team Insane,yuta037183,'1265345880064655534',shahriyar9765 (942096956057075752) | goku123452156 (1152824612376289410) | rexxy0469 (1550807286119796780) | yuta037183 (1265345880064655534),4,https://discord.com/channels/1538500688038994040/1543556316377645067/1554788224877076481
1912,Team Tribal Warriors,adityaa96,'1405399501837041756',shikaril_09946 (1209376417008328758) | kaushal0176 (1421834846962978816) | imperfection0148 (1433344380197933126) | sanju970058 (1549677874922135583),4,https://discord.com/channels/1538500688038994040/1543556316377645067/1554788902710280224
1913,Team Mafia,tmx_mafia,'1453460276719521823',devv_kashyap (1521160552448262307) | shaurya5053 (890260066324844595) | seizematrix (1453253359405367359) | tmx_mafia (1453460276719521823),4,https://discord.com/channels/1538500688038994040/1543556316377645067/1554790047776116807
1914,Team Time Story,mauntop,'880276169625329676',aryantretiya_16819 (1337058012149317634) | ubaidkhan0009 (1431192013704925307) | mauntop (880276169625329676) | akashyaduvanshihere (1419711391681482772),4,https://discord.com/channels/1538500688038994040/1543556316377645067/1554797488991633461
1915,Team Destroyer Bots,mohdnuman0329,'1384427385675448383',adnan088926 (1459948682286989448) | rudra009791 (1521047589728944158) | faiizzz.69 (1450865329692737790) | mohdnuman0329 (1384427385675448383),4,https://discord.com/channels/1538500688038994040/1543556316377645067/1554797884853977158
1916,Ironfang Esports,dxxtushar1704m,'1528276138659549214',tushar046755 (1509858521108447242) | saven_wav (1444624357241651212) | raidxdevil_912 (1175315782297726997) | dxxtushar1704m (1528276138659549214),4,https://discord.com/channels/1538500688038994040/1543556316377645067/1554799131803779095
1918,Team Jj Esport,sunny011099,'1546366353445752913',sunny011099 (1546366353445752913) | whyxfake (1554796262555918389) | vivekyadav0711 (1518040127904157741) | naitik08964 (1479743633438670991),4,https://discord.com/channels/1538500688038994040/1543556316377645067/1554800770019233943
1919,Team Nexus Fury,indrajeetgupta9613,'807611733694611467',spgxhrushi16 (862968249632817192) | spiron3073 (609756685656915978) | sesemaru (668403286256386050) | indrajeetgupta9613 (807611733694611467),4,https://discord.com/channels/1538500688038994040/1543556316377645067/1554801964045438997
1920,Team Draconic Claw,lynxgaming001,'1262972340212600925',lynxvirk3812 (997437675739029584) | shreyash019117 (1515593648434319453) | lynxgaming001 (1262972340212600925) | shivam_danav1117 (950976256235696158),4,https://discord.com/channels/1538500688038994040/1543556316377645067/1554802138834804739
1921,Team Beyond All Doubts Bad,singhsheoran,'1355996090704461945',singhsheoran (1355996090704461945) | pantheru__42658 (1476176145522364498) | akshit046107 (579655523654303755) | devil038391 (1428093094867501149),4,https://discord.com/channels/1538500688038994040/1543556316377645067/1554802268908298251
1922,Team Pharaoh,phvenom6429,'752417556244988056',phvenom6429 (752417556244988056) | rudra._.hu (778587985267523625) | phhelium (752413099197333555) | xtra699 (1404923928631312564),4,https://discord.com/channels/1538500688038994040/1543556316377645067/1554802724984332340
1923,Evil Power Rangers,ogbagheera,'1386946898706960457',akkerman0978 (1554789816544133201) | ogbagheera (1386946898706960457) | gamer_tofik (1128917164024397876) | subhan_4nsari_ (1554790620826959886),4,https://discord.com/channels/1538500688038994040/1543556316377645067/1554803085203865624
1924,Team Tgxgaming,divyansh025613,'1457370544428158997',ayush07878 (1173796768887083060) | divyansh025613 (1457370544428158997) | lordx7rb (1408256798598889622) | woofysnoopy_5595 (1314909033601171479),4,https://discord.com/channels/1538500688038994040/1543556316377645067/1554803422916513924
1925,Hyper Esports,talibkhan2851,'811936522554048533',spiderdazzler (1509778416679911498) | ibrahim_4039_ (1554793023924211772) | talibkhan2851 (811936522554048533) | danksatarou (1517529015710122158),4,https://discord.com/channels/1538500688038994040/1543556316377645067/1554805166476103723
1926,Team Og,gurwinder0612,'1554681850864337010',gurwinder0612 (1554681850864337010) | kind_x. (1512123774806265907) | diljot0090 (1554788960797204596) | motaaaaa0200 (1554806532150001815),4,https://discord.com/channels/1538500688038994040/1543556316377645067/1554807892081643601
1927,Team Vlxvampires,lalabhai0208,'884861608415879238',vlxsonu (1552191240215207998) | vlxvivek (1548714911046045730) | vlxgaurab (1551855670062747780) | lalabhai0208 (884861608415879238),4,https://discord.com/channels/1538500688038994040/1543556316377645067/1554809244531036182
1928,Team Ruthless Gaming,kh00ni__9999,'1503823155209310276',kh00ni__99 (1535926013349990400) | suhan05754 (1528718718102671484) | faijan07362 (1480955696840442094) | kh00ni__9999 (1503823155209310276),4,https://discord.com/channels/1538500688038994040/1543556316377645067/1554815111594516521
1929,Team Dear Esports,dearxjerry,'855345584809836575',kunal0544 (1390279906872786989) | dearxtom (982890707922616331) | adnanzafar0591 (1337713327660335237) | dearxjerry (855345584809836575),4,https://discord.com/channels/1538500688038994040/1543556316377645067/1554816749474422848
1930,Team Wolf Esports,arvind08521,'1547536149134712863',affanliveyt (1493512650225881119) | wolfceo__77411 (1449078938230849749) | arvind09961 (1507786414539018510) | arvind08521 (1547536149134712863),4,https://discord.com/channels/1538500688038994040/1543556316377645067/1554817739233824819
1931,Team 4 Deadly Fox,alphakingrk,'1482488416921976994',sandeep008003 (1550548592853262376) | alphakingrk (1482488416921976994) | yogesh024295 (1550553491070521516) | addy059978 (1527893719271870494),4,https://discord.com/channels/1538500688038994040/1543556316377645067/1554821386130948160
1932,Team 4 Agressive Man,depth_123,'1285651873021431851',ujjuplayz (1547589971651592202) | depth_123 (1285651873021431851) | never2op (847337220146200596) | manssaund0104 (975415319831150612),4,https://discord.com/channels/1538500688038994040/1543556316377645067/1554824900190011434
1933,Team Zero Gravity,aman69_69_22190,'1250731913732296796',sauron0__1 (1547983043703209997) | aman69_69_22190 (1250731913732296796) | abhaythakur9099 (987157753220956221) | neyoo__ (1013812367668297878),4,https://discord.com/channels/1538500688038994040/1543556316377645067/1554826095818309633
1935,Team Vipers,himanshu093243,'1553651239777079386',mrvivu (1206785337716908105) | adityakumar112a (1552565807257624678) | himanshu093243 (1553651239777079386) | vipe0119 (1394641313043058758),4,https://discord.com/channels/1538500688038994040/1543556316377645067/1554826345291452437
1936,Team L8D Esports,optimaxproeditz,'1378677525110198272',optimaxproeditz (1378677525110198272) | akash023097 (1554728371718721537) | harshitesportsx (1550430215057055776) | kundan09689 (1554461198882439188),4,https://discord.com/channels/1538500688038994040/1543556316377645067/1554829622024216638
1937,rj31islive's team,rj31islive,'841000782723809291',rj31islive (841000782723809291) | choudharytanishbarar0482 (865991694038335508) | shreyash019117 (1515593648434319453) | vinsmoke_sanjiii_ (810866830465695815),4,https://discord.com/channels/1538500688038994040/1543556316377645067/1554829814471336068
1938,Team Apex,rushplayz0206,'1261381845908721768',rushplayz0206 (1261381845908721768) | zenitsu048382 (1521161417103769710) | deepak08277 (1549701653622427701) | aimgod09795 (1543232192698646630),4,https://discord.com/channels/1538500688038994040/1543556316377645067/1554830688052715521
1939,Team Afo Esports,daku0301_84099,'1140299340682903604',rajeev08931 (1364614389914665032) | daku0301_84099 (1140299340682903604) | prince024063 (1382766497855705150) | amandhillon0019 (1437687197724573718),4,https://discord.com/channels/1538500688038994040/1543556316377645067/1554830715785445466
1940,Team 4 Bloods,kothlajboyz,'1274987284722356275',atulmagar12 (1418916511875076128) | bwxlegit (1323226110502371401) | atharvghuge. (1415963363351203850) | kothlajboyz (1274987284722356275),4,https://discord.com/channels/1538500688038994040/1543556316377645067/1554831200802312333
1941,Team Topnotch Esports,saim5388,'955361271950245908',vanshxdracula_24975 (1213534610127061012) | saim5388 (955361271950245908) | darkmortal6773 (853486649928318997) | 2211romil_48281 (1381301151886217317),4,https://discord.com/channels/1538500688038994040/1543556316377645067/1554831298684522506
1942,Team Brajwasi Esports,ig_sandeep_,'1279358433581207563',bwxsunny (1448904959297851464) | ig_sandeep_ (1279358433581207563) | ig_ankit_chaurasiya (1386142623458398212) | ig_zenixx_m4 (1518276645419618445),4,https://discord.com/channels/1538500688038994040/1543556316377645067/1554831578666893426
1943,Team One Above All,poindexter0930,'370566269528702996',meet_chauhan_2518 (1244703614094671983) | poindexter0930 (370566269528702996) | coffin16._29863 (1539128628309262396) | climaxgaming0852 (1554734146226491463),4,https://discord.com/channels/1538500688038994040/1543556316377645067/1554831724960161864
1944,Team Heaven Esports,hvnxflexy,'1276473019761688617',hvnxflexy (1276473019761688617) | takiislive._76712 (1453042631159316594) | ajaz02692 (1528822544935944426) | m7noxzzy (1553996352390828116),4,https://discord.com/channels/1538500688038994040/1543556316377645067/1554832610746957855
1945,Team Tmx Legion,vicckydas,'1219560476573306930',vicckydas (1219560476573306930) | kunalsinghr (1554826811878154341) | tmxfatality (1434069078322184253) | dipakjaiswara. (1387804811445145703),4,https://discord.com/channels/1538500688038994040/1543556316377645067/1554833289934540931
1946,Zenithvoid Esport,s2shenryy,'1535911724203384873',s2shenryy (1535911724203384873) | suraj10605 (901783356990160906) | tgxliku2 (1508331860449689731) | hatimalam. (1518577843347390484),4,https://discord.com/channels/1538500688038994040/1543556316377645067/1554833935949889587
1947,Team Elite Worrior,manjotramghria7614,'928502003334782976',manjotramghria7614 (928502003334782976) | ram_881899 (1523219671212363929) | saim5388 (955361271950245908) | jojo_2002 (730617479084113920),4,https://discord.com/channels/1538500688038994040/1543556316377645067/1554835731346624614
1948,Delta Esports,neonxshadow_,'1541500712024801304',neonxshadow_ (1541500712024801304) | ashu0494 (870686675519541288) | krishnpatel0313 (1548390277977350187) | rage0553 (1538275381327564823),4,https://discord.com/channels/1538500688038994040/1543556316377645067/1554835752641363989
1949,quantahikehde's team,quantahikehde,'1552383154424385597',sumit032789 (694391714164768840) | rsxop271905 (750278599998701569) | niggajatt. (1356656007362642122) | quantahikehde (1552383154424385597),4,https://discord.com/channels/1538500688038994040/1543556316377645067/1554836391207247873
1950,Noble Regin Esports,nxrxnogod,'1520037948626567221',primecriper (476034393199345664) | tanmay09816 (1548786773331677234) | tlxrudra (580318918921682964) | nxrxnogod (1520037948626567221),4,https://discord.com/channels/1538500688038994040/1543556316377645067/1554836465576448052
1951,Team 7 Ark,saviour_bgmi,'1551154398783340604',sairaj867_28567 (1545066720945766540) | yogeshkumar9445 (1069562913943203851) | saviour_bgmi (1551154398783340604) | ig_gt. (1554832094092460133),4,https://discord.com/channels/1538500688038994040/1543556316377645067/1554836543355748467
1952,Team Miscellaneous,rishavraj_singh2930,'847797136879124500',pankaj075107 (843047873566474240) | rishavraj_singh2930 (847797136879124500) | manish422 (1537882882008293397) | iqooneo9pro0803 (1395982585661755494),4,https://discord.com/channels/1538500688038994040/1543556316377645067/1554836575861346446
1953,Team Falcon,dead_god_259,'1489913148675981465',dead_god_259 (1489913148675981465) | skyx0112 (1351923850958340106) | imad054330 (1497934041171755059) | 4flflexye_55363 (1537834366972071996),4,https://discord.com/channels/1538500688038994040/1543556316377645067/1554838046732714056
1954,Team Arisexesports,divyanshsingh1368,'1238170367412015166',minazali (641305122626076675) | gautam06781 (1458772422248370250) | krishu_733 (1345827148253888562) | riteshmishra0579 (1515422238092955668) | divyanshsingh1368 (1238170367412015166),5,https://discord.com/channels/1538500688038994040/1543556316377645067/1554841236983259137
